image_id,cyclone,SID,SEASON,NUMBER,BASIN,NAME,ISO_TIME,LAT,LON,USA_WIND,USA_PRES,image_path
000001,1,1981283N07132,1981,88,WP,FABIAN,1981-10-10 00:00:00,7.3,132.4,15.0,,
000002,1,1981283N07132,1981,88,WP,FABIAN,1981-10-10 03:00:00,7.6,132.0,15.0,,
000003,1,1981283N07132,1981,88,WP,FABIAN,1981-10-10 06:00:00,8.0,131.6,15.0,,
000004,1,1981283N07132,1981,88,WP,FABIAN,1981-10-10 09:00:00,8.3,131.2,15.0,,
000005,1,1981283N07132,1981,88,WP,FABIAN,1981-10-10 12:00:00,8.6,130.8,15.0,,
000006,1,1981283N07132,1981,88,WP,FABIAN,1981-10-10 15:00:00,8.9,130.4,15.0,,
000007,1,1981283N07132,1981,88,WP,FABIAN,1981-10-10 18:00:00,9.1,129.9,15.0,,
000008,1,1981283N07132,1981,88,WP,FABIAN,1981-10-10 21:00:00,9.2,129.5,15.0,,
000009,1,1981283N07132,1981,88,WP,FABIAN,1981-10-11 00:00:00,9.2,129.1,15.0,,
000010,1,1981283N07132,1981,88,WP,FABIAN,1981-10-11 03:00:00,9.4,128.6,18.0,,
000011,1,1981283N07132,1981,88,WP,FABIAN,1981-10-11 06:00:00,9.7,128.0,20.0,,
000012,1,1981283N07132,1981,88,WP,FABIAN,1981-10-11 09:00:00,9.9,127.4,20.0,,
000013,1,1981283N07132,1981,88,WP,FABIAN,1981-10-11 12:00:00,10.2,126.8,20.0,,
000014,1,1981283N07132,1981,88,WP,FABIAN,1981-10-11 15:00:00,10.4,126.1,20.0,,
000015,1,1981283N07132,1981,88,WP,FABIAN,1981-10-11 18:00:00,10.6,125.4,20.0,,
000016,1,1981283N07132,1981,88,WP,FABIAN,1981-10-11 21:00:00,10.8,124.7,20.0,,
000017,1,1981283N07132,1981,88,WP,FABIAN,1981-10-12 00:00:00,11.0,124.0,20.0,,
000018,1,1981283N07132,1981,88,WP,FABIAN,1981-10-12 03:00:00,11.1,123.3,20.0,,
000019,1,1981283N07132,1981,88,WP,FABIAN,1981-10-12 06:00:00,11.2,122.7,20.0,,
000020,1,1981283N07132,1981,88,WP,FABIAN,1981-10-12 09:00:00,11.2,122.0,23.0,,
000021,1,1981283N07132,1981,88,WP,FABIAN,1981-10-12 12:00:00,11.3,121.2,25.0,,
000022,1,1981283N07132,1981,88,WP,FABIAN,1981-10-12 15:00:00,11.4,120.4,25.0,,
000023,1,1981283N07132,1981,88,WP,FABIAN,1981-10-12 18:00:00,11.5,119.5,25.0,,
000024,1,1981283N07132,1981,88,WP,FABIAN,1981-10-12 21:00:00,11.6,118.7,28.0,,
000025,1,1981283N07132,1981,88,WP,FABIAN,1981-10-13 00:00:00,11.6,117.8,30.0,,
000026,1,1981283N07132,1981,88,WP,FABIAN,1981-10-13 03:00:00,11.6,116.7,30.0,,
000027,1,1981283N07132,1981,88,WP,FABIAN,1981-10-13 06:00:00,11.6,115.6,30.0,,
000028,1,1981283N07132,1981,88,WP,FABIAN,1981-10-13 09:00:00,11.6,114.7,33.0,,
000029,1,1981283N07132,1981,88,WP,FABIAN,1981-10-13 12:00:00,11.6,113.9,35.0,,
000030,1,1981283N07132,1981,88,WP,FABIAN,1981-10-13 15:00:00,11.6,113.1,38.0,,
000031,1,1981283N07132,1981,88,WP,FABIAN,1981-10-13 18:00:00,11.6,112.2,40.0,,
000032,1,1981283N07132,1981,88,WP,FABIAN,1981-10-13 21:00:00,11.5,111.5,43.0,,
000033,1,1981283N07132,1981,88,WP,FABIAN,1981-10-14 00:00:00,11.5,110.8,45.0,,
000034,1,1981283N07132,1981,88,WP,FABIAN,1981-10-14 03:00:00,11.5,110.2,40.0,,
000035,1,1981283N07132,1981,88,WP,FABIAN,1981-10-14 06:00:00,11.5,109.6,35.0,,
000036,1,1981283N07132,1981,88,WP,FABIAN,1981-10-14 09:00:00,11.6,109.1,30.0,,
000037,1,1981283N07132,1981,88,WP,FABIAN,1981-10-14 12:00:00,11.7,108.4,25.0,,
000038,1,1981283N07132,1981,88,WP,FABIAN,1981-10-14 15:00:00,12.2,107.7,,,
000039,1,1981283N07132,1981,88,WP,FABIAN,1981-10-14 18:00:00,12.7,107.0,,,
000040,1,1981283N07132,1981,88,WP,FABIAN,1981-10-14 21:00:00,13.0,106.3,,,
000041,1,1981283N07132,1981,88,WP,FABIAN,1981-10-15 00:00:00,13.2,105.5,,,
000042,1,1981283N07132,1981,88,WP,FABIAN,1981-10-15 03:00:00,13.3,104.7,,,
000043,1,1981283N07132,1981,88,WP,FABIAN,1981-10-15 06:00:00,13.5,103.9,,,
000044,1,1981283N07132,1981,88,WP,FABIAN,1981-10-15 09:00:00,14.0,103.1,,,
000045,1,1981283N07132,1981,88,WP,FABIAN,1981-10-15 12:00:00,14.4,102.3,,,
000046,1,1981283N07132,1981,88,WP,FABIAN,1981-10-15 15:00:00,14.7,101.6,,,
000047,1,1981283N07132,1981,88,WP,FABIAN,1981-10-15 18:00:00,15.1,101.0,,,
000048,1,1981283N07132,1981,88,WP,FABIAN,1981-10-15 21:00:00,15.5,100.5,,,
000049,1,1981283N07132,1981,88,WP,FABIAN,1981-10-16 00:00:00,16.0,100.0,,,
000050,1,1981283N07132,1981,88,NI,FABIAN,1981-10-16 03:00:00,16.5,99.5,,,
000051,1,1981283N07132,1981,88,NI,FABIAN,1981-10-16 06:00:00,17.0,99.0,,,
000052,1,1983276N06130,1983,67,WP,HERBERT,1983-10-03 00:00:00,6.0,129.9,,,
000053,1,1983276N06130,1983,67,WP,HERBERT,1983-10-03 03:00:00,5.9,129.3,,,
000054,1,1983276N06130,1983,67,WP,HERBERT,1983-10-03 06:00:00,5.9,128.8,,,
000055,1,1983276N06130,1983,67,WP,HERBERT,1983-10-03 09:00:00,5.7,128.3,,,
000056,1,1983276N06130,1983,67,WP,HERBERT,1983-10-03 12:00:00,5.6,127.8,,,
000057,1,1983276N06130,1983,67,WP,HERBERT,1983-10-03 15:00:00,5.4,127.3,,,
000058,1,1983276N06130,1983,67,WP,HERBERT,1983-10-03 18:00:00,5.2,126.9,,,
000059,1,1983276N06130,1983,67,WP,HERBERT,1983-10-03 21:00:00,5.1,126.4,,,
000060,1,1983276N06130,1983,67,WP,HERBERT,1983-10-04 00:00:00,5.1,125.9,,,
000061,1,1983276N06130,1983,67,WP,HERBERT,1983-10-04 03:00:00,5.3,125.3,,,
000062,1,1983276N06130,1983,67,WP,HERBERT,1983-10-04 06:00:00,5.6,124.6,,,
000063,1,1983276N06130,1983,67,WP,HERBERT,1983-10-04 09:00:00,5.9,123.9,,,
000064,1,1983276N06130,1983,67,WP,HERBERT,1983-10-04 12:00:00,6.3,123.1,,,
000065,1,1983276N06130,1983,67,WP,HERBERT,1983-10-04 15:00:00,6.5,122.3,,,
000066,1,1983276N06130,1983,67,WP,HERBERT,1983-10-04 18:00:00,6.8,121.5,,,
000067,1,1983276N06130,1983,67,WP,HERBERT,1983-10-04 21:00:00,7.0,120.7,,,
000068,1,1983276N06130,1983,67,WP,HERBERT,1983-10-05 00:00:00,7.3,120.1,,,
000069,1,1983276N06130,1983,67,WP,HERBERT,1983-10-05 03:00:00,7.6,119.7,,,
000070,1,1983276N06130,1983,67,WP,HERBERT,1983-10-05 06:00:00,8.0,119.3,,,
000071,1,1983276N06130,1983,67,WP,HERBERT,1983-10-05 09:00:00,8.3,119.1,,,
000072,1,1983276N06130,1983,67,WP,HERBERT,1983-10-05 12:00:00,8.7,118.8,,,
000073,1,1983276N06130,1983,67,WP,HERBERT,1983-10-05 15:00:00,9.1,118.5,,,
000074,1,1983276N06130,1983,67,WP,HERBERT,1983-10-05 18:00:00,9.5,118.1,,,
000075,1,1983276N06130,1983,67,WP,HERBERT,1983-10-05 21:00:00,9.8,117.8,,,
000076,1,1983276N06130,1983,67,WP,HERBERT,1983-10-06 00:00:00,10.1,117.3,,,
000077,1,1983276N06130,1983,67,WP,HERBERT,1983-10-06 03:00:00,10.3,116.8,,,
000078,1,1983276N06130,1983,67,WP,HERBERT,1983-10-06 06:00:00,10.5,116.1,,,
000079,1,1983276N06130,1983,67,WP,HERBERT,1983-10-06 09:00:00,10.7,115.5,,,
000080,1,1983276N06130,1983,67,WP,HERBERT,1983-10-06 12:00:00,10.8,115.1,25.0,,
000081,1,1983276N06130,1983,67,WP,HERBERT,1983-10-06 15:00:00,11.0,114.7,28.0,,
000082,1,1983276N06130,1983,67,WP,HERBERT,1983-10-06 18:00:00,11.1,114.4,30.0,,
000083,1,1983276N06130,1983,67,WP,HERBERT,1983-10-06 21:00:00,11.2,114.1,33.0,,
000084,1,1983276N06130,1983,67,WP,HERBERT,1983-10-07 00:00:00,11.3,113.7,35.0,,
000085,1,1983276N06130,1983,67,WP,HERBERT,1983-10-07 03:00:00,11.4,113.4,38.0,,
000086,1,1983276N06130,1983,67,WP,HERBERT,1983-10-07 06:00:00,11.5,113.1,40.0,,
000087,1,1983276N06130,1983,67,WP,HERBERT,1983-10-07 09:00:00,11.6,112.7,40.0,,
000088,1,1983276N06130,1983,67,WP,HERBERT,1983-10-07 12:00:00,11.7,112.4,40.0,,
000089,1,1983276N06130,1983,67,WP,HERBERT,1983-10-07 15:00:00,11.8,112.0,40.0,,
000090,1,1983276N06130,1983,67,WP,HERBERT,1983-10-07 18:00:00,11.9,111.7,40.0,,
000091,1,1983276N06130,1983,67,WP,HERBERT,1983-10-07 21:00:00,12.0,111.4,43.0,,
000092,1,1983276N06130,1983,67,WP,HERBERT,1983-10-08 00:00:00,12.1,111.1,45.0,,
000093,1,1983276N06130,1983,67,WP,HERBERT,1983-10-08 03:00:00,12.3,110.8,48.0,,
000094,1,1983276N06130,1983,67,WP,HERBERT,1983-10-08 06:00:00,12.4,110.4,50.0,,
000095,1,1983276N06130,1983,67,WP,HERBERT,1983-10-08 09:00:00,12.5,110.1,50.0,,
000096,1,1983276N06130,1983,67,WP,HERBERT,1983-10-08 12:00:00,12.7,109.7,50.0,,
000097,1,1983276N06130,1983,67,WP,HERBERT,1983-10-08 15:00:00,12.9,109.4,48.0,,
000098,1,1983276N06130,1983,67,WP,HERBERT,1983-10-08 18:00:00,13.1,109.0,45.0,,
000099,1,1983276N06130,1983,67,WP,HERBERT,1983-10-08 21:00:00,13.3,108.7,43.0,,
000100,1,1983276N06130,1983,67,WP,HERBERT,1983-10-09 00:00:00,13.5,108.3,40.0,,
000101,1,1983276N06130,1983,67,WP,HERBERT,1983-10-09 03:00:00,13.7,107.9,,,
000102,1,1983276N06130,1983,67,WP,HERBERT,1983-10-09 06:00:00,13.9,107.6,,,
000103,1,1983276N06130,1983,67,WP,HERBERT,1983-10-09 09:00:00,14.1,107.3,,,
000104,1,1983276N06130,1983,67,WP,HERBERT,1983-10-09 12:00:00,14.3,106.9,,,
000105,1,1983276N06130,1983,67,WP,HERBERT,1983-10-09 15:00:00,14.5,106.4,,,
000106,1,1983276N06130,1983,67,WP,HERBERT,1983-10-09 18:00:00,14.8,106.0,,,
000107,1,1983276N06130,1983,67,WP,HERBERT,1983-10-09 21:00:00,15.0,105.9,,,
000108,1,1983276N06130,1983,67,WP,HERBERT,1983-10-10 00:00:00,15.3,105.8,,,
000109,1,1983276N06130,1983,67,WP,HERBERT,1983-10-10 03:00:00,15.5,105.4,,,
000110,1,1983276N06130,1983,67,WP,HERBERT,1983-10-10 06:00:00,15.6,105.0,,,
000111,1,1983276N06130,1983,67,WP,HERBERT,1983-10-10 09:00:00,15.8,104.5,,,
000112,1,1983276N06130,1983,67,WP,HERBERT,1983-10-10 12:00:00,16.0,104.0,,,
000113,1,1983276N06130,1983,67,WP,HERBERT,1983-10-10 15:00:00,16.0,103.5,,,
000114,1,1983276N06130,1983,67,WP,HERBERT,1983-10-10 18:00:00,16.0,103.0,,,
000115,1,1983276N06130,1983,67,WP,HERBERT,1983-10-10 21:00:00,16.0,102.5,,,
000116,1,1983276N06130,1983,67,WP,HERBERT,1983-10-11 00:00:00,16.0,102.0,,,
000117,1,1983276N06130,1983,67,WP,HERBERT,1983-10-11 03:00:00,16.0,101.6,,,
000118,1,1983276N06130,1983,67,WP,HERBERT,1983-10-11 06:00:00,16.0,101.0,,,
000119,1,1983276N06130,1983,67,WP,HERBERT,1983-10-11 09:00:00,16.2,100.1,,,
000120,1,1983276N06130,1983,67,NI,HERBERT,1983-10-11 12:00:00,16.5,99.0,,,
000121,1,1983282N09155,1983,71,WP,KIM,1983-10-09 00:00:00,9.0,154.9,,,
000122,1,1983282N09155,1983,71,WP,KIM,1983-10-09 03:00:00,8.6,154.4,,,
000123,1,1983282N09155,1983,71,WP,KIM,1983-10-09 06:00:00,8.1,153.9,,,
000124,1,1983282N09155,1983,71,WP,KIM,1983-10-09 09:00:00,7.7,153.4,,,
000125,1,1983282N09155,1983,71,WP,KIM,1983-10-09 12:00:00,7.3,152.9,,,
000126,1,1983282N09155,1983,71,WP,KIM,1983-10-09 15:00:00,6.8,152.4,,,
000127,1,1983282N09155,1983,71,WP,KIM,1983-10-09 18:00:00,6.4,152.0,,,
000128,1,1983282N09155,1983,71,WP,KIM,1983-10-09 21:00:00,6.1,151.5,,,
000129,1,1983282N09155,1983,71,WP,KIM,1983-10-10 00:00:00,5.7,151.0,,,
000130,1,1983282N09155,1983,71,WP,KIM,1983-10-10 03:00:00,5.4,150.5,,,
000131,1,1983282N09155,1983,71,WP,KIM,1983-10-10 06:00:00,5.1,150.0,,,
000132,1,1983282N09155,1983,71,WP,KIM,1983-10-10 09:00:00,4.9,149.5,,,
000133,1,1983282N09155,1983,71,WP,KIM,1983-10-10 12:00:00,4.9,148.9,,,
000134,1,1983282N09155,1983,71,WP,KIM,1983-10-10 15:00:00,5.0,148.2,,,
000135,1,1983282N09155,1983,71,WP,KIM,1983-10-10 18:00:00,5.3,147.5,,,
000136,1,1983282N09155,1983,71,WP,KIM,1983-10-10 21:00:00,5.6,146.8,,,
000137,1,1983282N09155,1983,71,WP,KIM,1983-10-11 00:00:00,6.0,146.0,,,
000138,1,1983282N09155,1983,71,WP,KIM,1983-10-11 03:00:00,6.3,145.3,,,
000139,1,1983282N09155,1983,71,WP,KIM,1983-10-11 06:00:00,6.7,144.6,,,
000140,1,1983282N09155,1983,71,WP,KIM,1983-10-11 09:00:00,7.1,143.8,,,
000141,1,1983282N09155,1983,71,WP,KIM,1983-10-11 12:00:00,7.4,143.1,,,
000142,1,1983282N09155,1983,71,WP,KIM,1983-10-11 15:00:00,7.7,142.4,,,
000143,1,1983282N09155,1983,71,WP,KIM,1983-10-11 18:00:00,8.0,141.6,,,
000144,1,1983282N09155,1983,71,WP,KIM,1983-10-11 21:00:00,8.3,140.9,,,
000145,1,1983282N09155,1983,71,WP,KIM,1983-10-12 00:00:00,8.5,140.1,,,
000146,1,1983282N09155,1983,71,WP,KIM,1983-10-12 03:00:00,8.8,139.3,,,
000147,1,1983282N09155,1983,71,WP,KIM,1983-10-12 06:00:00,9.0,138.4,,,
000148,1,1983282N09155,1983,71,WP,KIM,1983-10-12 09:00:00,9.2,137.5,,,
000149,1,1983282N09155,1983,71,WP,KIM,1983-10-12 12:00:00,9.4,136.6,,,
000150,1,1983282N09155,1983,71,WP,KIM,1983-10-12 15:00:00,9.5,135.7,,,
000151,1,1983282N09155,1983,71,WP,KIM,1983-10-12 18:00:00,9.6,134.8,,,
000152,1,1983282N09155,1983,71,WP,KIM,1983-10-12 21:00:00,9.7,133.9,,,
000153,1,1983282N09155,1983,71,WP,KIM,1983-10-13 00:00:00,9.8,133.0,,,
000154,1,1983282N09155,1983,71,WP,KIM,1983-10-13 03:00:00,9.9,132.1,,,
000155,1,1983282N09155,1983,71,WP,KIM,1983-10-13 06:00:00,10.0,131.2,,,
000156,1,1983282N09155,1983,71,WP,KIM,1983-10-13 09:00:00,10.1,130.2,,,
000157,1,1983282N09155,1983,71,WP,KIM,1983-10-13 12:00:00,10.2,129.3,,,
000158,1,1983282N09155,1983,71,WP,KIM,1983-10-13 15:00:00,10.2,128.4,,,
000159,1,1983282N09155,1983,71,WP,KIM,1983-10-13 18:00:00,10.2,127.4,,,
000160,1,1983282N09155,1983,71,WP,KIM,1983-10-13 21:00:00,10.2,126.5,,,
000161,1,1983282N09155,1983,71,WP,KIM,1983-10-14 00:00:00,10.2,125.6,,,
000162,1,1983282N09155,1983,71,WP,KIM,1983-10-14 03:00:00,10.3,124.7,,,
000163,1,1983282N09155,1983,71,WP,KIM,1983-10-14 06:00:00,10.4,123.8,,,
000164,1,1983282N09155,1983,71,WP,KIM,1983-10-14 09:00:00,10.4,122.9,,,
000165,1,1983282N09155,1983,71,WP,KIM,1983-10-14 12:00:00,10.4,122.0,,,
000166,1,1983282N09155,1983,71,WP,KIM,1983-10-14 15:00:00,10.2,121.1,,,
000167,1,1983282N09155,1983,71,WP,KIM,1983-10-14 18:00:00,9.9,120.2,20.0,,
000168,1,1983282N09155,1983,71,WP,KIM,1983-10-14 21:00:00,9.6,119.3,20.0,,
000169,1,1983282N09155,1983,71,WP,KIM,1983-10-15 00:00:00,9.3,118.6,20.0,,
000170,1,1983282N09155,1983,71,WP,KIM,1983-10-15 03:00:00,9.3,117.8,20.0,,
000171,1,1983282N09155,1983,71,WP,KIM,1983-10-15 06:00:00,9.3,117.1,20.0,,
000172,1,1983282N09155,1983,71,WP,KIM,1983-10-15 09:00:00,9.4,116.5,23.0,,
000173,1,1983282N09155,1983,71,WP,KIM,1983-10-15 12:00:00,9.5,115.9,25.0,,
000174,1,1983282N09155,1983,71,WP,KIM,1983-10-15 15:00:00,9.5,115.2,25.0,,
000175,1,1983282N09155,1983,71,WP,KIM,1983-10-15 18:00:00,9.4,114.6,25.0,,
000176,1,1983282N09155,1983,71,WP,KIM,1983-10-15 21:00:00,9.3,113.9,25.0,,
000177,1,1983282N09155,1983,71,WP,KIM,1983-10-16 00:00:00,9.2,113.3,25.0,,
000178,1,1983282N09155,1983,71,WP,KIM,1983-10-16 03:00:00,9.2,112.8,25.0,,
000179,1,1983282N09155,1983,71,WP,KIM,1983-10-16 06:00:00,9.3,112.3,25.0,,
000180,1,1983282N09155,1983,71,WP,KIM,1983-10-16 09:00:00,9.5,111.8,30.0,,
000181,1,1983282N09155,1983,71,WP,KIM,1983-10-16 12:00:00,9.7,111.2,35.0,,
000182,1,1983282N09155,1983,71,WP,KIM,1983-10-16 15:00:00,10.0,110.7,38.0,,
000183,1,1983282N09155,1983,71,WP,KIM,1983-10-16 18:00:00,10.3,110.0,40.0,,
000184,1,1983282N09155,1983,71,WP,KIM,1983-10-16 21:00:00,10.7,109.3,38.0,,
000185,1,1983282N09155,1983,71,WP,KIM,1983-10-17 00:00:00,11.1,108.4,35.0,,
000186,1,1983282N09155,1983,71,WP,KIM,1983-10-17 03:00:00,11.5,107.5,33.0,,
000187,1,1983282N09155,1983,71,WP,KIM,1983-10-17 06:00:00,11.8,106.5,30.0,,
000188,1,1983282N09155,1983,71,WP,KIM,1983-10-17 09:00:00,12.1,105.5,25.0,,
000189,1,1983282N09155,1983,71,WP,KIM,1983-10-17 12:00:00,12.4,104.6,20.0,,
000190,1,1983282N09155,1983,71,WP,KIM,1983-10-17 15:00:00,12.8,103.8,20.0,,
000191,1,1983282N09155,1983,71,WP,KIM,1983-10-17 18:00:00,13.1,103.1,20.0,,
000192,1,1983282N09155,1983,71,WP,KIM,1983-10-17 21:00:00,13.4,102.5,20.0,,
000193,1,1983282N09155,1983,71,WP,KIM,1983-10-18 00:00:00,13.7,102.0,20.0,,
000194,1,1983282N09155,1983,71,WP,KIM,1983-10-18 03:00:00,13.8,101.3,20.0,,
000195,1,1983282N09155,1983,71,WP,KIM,1983-10-18 06:00:00,14.0,100.7,20.0,,
000196,1,1983282N09155,1983,71,WP,KIM,1983-10-18 09:00:00,14.3,100.1,20.0,,
000197,1,1983282N09155,1983,71,NI,KIM,1983-10-18 12:00:00,14.6,99.6,20.0,,
000198,1,1983282N09155,1983,71,NI,KIM,1983-10-18 15:00:00,14.7,99.0,23.0,,
000199,1,1983282N09155,1983,71,NI,KIM,1983-10-18 18:00:00,14.8,98.4,25.0,,
000200,1,1983282N09155,1983,71,NI,KIM,1983-10-18 21:00:00,14.9,97.6,25.0,,
000201,1,1983282N09155,1983,71,NI,KIM,1983-10-19 00:00:00,15.1,96.9,25.0,,
000202,1,1983282N09155,1983,71,NI,KIM,1983-10-19 03:00:00,15.4,96.3,28.0,,
000203,1,1983282N09155,1983,71,NI,KIM,1983-10-19 06:00:00,15.9,95.7,30.0,,
000204,1,1983282N09155,1983,71,NI,KIM,1983-10-19 09:00:00,16.4,95.2,30.0,,
000205,1,1983282N09155,1983,71,NI,KIM,1983-10-19 12:00:00,16.9,94.8,30.0,,
000206,1,1983282N09155,1983,71,NI,KIM,1983-10-19 15:00:00,17.3,94.5,30.0,,
000207,1,1983282N09155,1983,71,NI,KIM,1983-10-19 18:00:00,17.7,94.2,30.0,,
000208,1,1983282N09155,1983,71,NI,KIM,1983-10-19 21:00:00,18.0,93.9,28.0,,
000209,1,1983282N09155,1983,71,NI,KIM,1983-10-20 00:00:00,18.4,93.7,25.0,,
000210,1,1983282N09155,1983,71,NI,KIM,1983-10-20 03:00:00,18.8,93.5,25.0,,
000211,1,1983282N09155,1983,71,NI,KIM,1983-10-20 06:00:00,19.2,93.2,25.0,,
000212,1,1983282N09155,1983,71,NI,KIM,1983-10-20 09:00:00,19.5,93.0,25.0,,
000213,1,1983282N09155,1983,71,NI,KIM,1983-10-20 12:00:00,19.9,92.9,25.0,,
000214,1,1983282N09155,1983,71,NI,KIM,1983-10-20 15:00:00,20.4,92.6,23.0,,
000215,1,1983282N09155,1983,71,NI,KIM,1983-10-20 18:00:00,20.9,92.5,20.0,,
000216,1,1983287N19091,1983,75,NI,HERBERT,1983-10-14 03:00:00,19.0,91.0,,,
000217,1,1983287N19091,1983,75,NI,HERBERT,1983-10-14 06:00:00,19.1,90.8,,,
000218,1,1983287N19091,1983,75,NI,HERBERT,1983-10-14 09:00:00,19.3,90.6,,,
000219,1,1983287N19091,1983,75,NI,HERBERT,1983-10-14 12:00:00,19.5,90.5,,,
000220,1,1983287N19091,1983,75,NI,HERBERT,1983-10-14 15:00:00,19.9,90.6,,,
000221,1,1983287N19091,1983,75,NI,HERBERT,1983-10-14 18:00:00,20.3,90.8,,,
000222,1,1983287N19091,1983,75,NI,HERBERT,1983-10-14 21:00:00,20.8,91.1,,,
000223,1,1983287N19091,1983,75,NI,HERBERT,1983-10-15 00:00:00,21.2,91.3,,,
000224,1,1983287N19091,1983,75,NI,HERBERT,1983-10-15 03:00:00,21.5,91.5,,,
000225,1,1983287N19091,1983,75,NI,HERBERT,1983-10-15 06:00:00,21.6,91.6,,,
000226,1,1983287N19091,1983,75,NI,HERBERT,1983-10-15 09:00:00,21.6,91.6,,,
000227,1,1983287N19091,1983,75,NI,HERBERT,1983-10-15 12:00:00,21.5,91.5,,,
000228,1,1984169N20137,1984,35,WP,WYNNE,1984-06-17 00:00:00,20.2,136.8,,,
000229,1,1984169N20137,1984,35,WP,WYNNE,1984-06-17 03:00:00,20.2,136.7,,,
000230,1,1984169N20137,1984,35,WP,WYNNE,1984-06-17 06:00:00,20.3,136.7,,,
000231,1,1984169N20137,1984,35,WP,WYNNE,1984-06-17 09:00:00,20.3,136.6,,,
000232,1,1984169N20137,1984,35,WP,WYNNE,1984-06-17 12:00:00,20.4,136.5,,,
000233,1,1984169N20137,1984,35,WP,WYNNE,1984-06-17 15:00:00,20.4,136.4,,,
000234,1,1984169N20137,1984,35,WP,WYNNE,1984-06-17 18:00:00,20.4,136.2,,,
000235,1,1984169N20137,1984,35,WP,WYNNE,1984-06-17 21:00:00,20.5,136.0,,,
000236,1,1984169N20137,1984,35,WP,WYNNE,1984-06-18 00:00:00,20.5,135.8,,,
000237,1,1984169N20137,1984,35,WP,WYNNE,1984-06-18 03:00:00,20.5,135.5,,,
000238,1,1984169N20137,1984,35,WP,WYNNE,1984-06-18 06:00:00,20.6,135.3,20.0,,
000239,1,1984169N20137,1984,35,WP,WYNNE,1984-06-18 09:00:00,20.6,135.0,23.0,,
000240,1,1984169N20137,1984,35,WP,WYNNE,1984-06-18 12:00:00,20.6,134.6,25.0,,
000241,1,1984169N20137,1984,35,WP,WYNNE,1984-06-18 15:00:00,20.7,134.3,25.0,,
000242,1,1984169N20137,1984,35,WP,WYNNE,1984-06-18 18:00:00,20.7,134.0,25.0,,
000243,1,1984169N20137,1984,35,WP,WYNNE,1984-06-18 21:00:00,20.7,133.7,25.0,,
000244,1,1984169N20137,1984,35,WP,WYNNE,1984-06-19 00:00:00,20.7,133.3,25.0,,
000245,1,1984169N20137,1984,35,WP,WYNNE,1984-06-19 03:00:00,20.8,132.9,28.0,,
000246,1,1984169N20137,1984,35,WP,WYNNE,1984-06-19 06:00:00,20.9,132.5,30.0,,
000247,1,1984169N20137,1984,35,WP,WYNNE,1984-06-19 09:00:00,21.0,132.2,30.0,,
000248,1,1984169N20137,1984,35,WP,WYNNE,1984-06-19 12:00:00,21.1,131.9,30.0,,
000249,1,1984169N20137,1984,35,WP,WYNNE,1984-06-19 15:00:00,21.3,131.6,33.0,,
000250,1,1984169N20137,1984,35,WP,WYNNE,1984-06-19 18:00:00,21.5,131.3,35.0,,
000251,1,1984169N20137,1984,35,WP,WYNNE,1984-06-19 21:00:00,21.7,131.0,35.0,,
000252,1,1984169N20137,1984,35,WP,WYNNE,1984-06-20 00:00:00,21.9,130.7,35.0,,
000253,1,1984169N20137,1984,35,WP,WYNNE,1984-06-20 03:00:00,22.0,130.5,38.0,,
000254,1,1984169N20137,1984,35,WP,WYNNE,1984-06-20 06:00:00,22.1,130.2,40.0,,
000255,1,1984169N20137,1984,35,WP,WYNNE,1984-06-20 09:00:00,22.2,129.9,43.0,,
000256,1,1984169N20137,1984,35,WP,WYNNE,1984-06-20 12:00:00,22.3,129.6,45.0,,
000257,1,1984169N20137,1984,35,WP,WYNNE,1984-06-20 15:00:00,22.4,129.3,45.0,,
000258,1,1984169N20137,1984,35,WP,WYNNE,1984-06-20 18:00:00,22.4,129.0,45.0,,
000259,1,1984169N20137,1984,35,WP,WYNNE,1984-06-20 21:00:00,22.4,128.7,45.0,,
000260,1,1984169N20137,1984,35,WP,WYNNE,1984-06-21 00:00:00,22.4,128.5,45.0,,
000261,1,1984169N20137,1984,35,WP,WYNNE,1984-06-21 03:00:00,22.4,128.3,45.0,,
000262,1,1984169N20137,1984,35,WP,WYNNE,1984-06-21 06:00:00,22.4,128.1,45.0,,
000263,1,1984169N20137,1984,35,WP,WYNNE,1984-06-21 09:00:00,22.4,128.0,48.0,,
000264,1,1984169N20137,1984,35,WP,WYNNE,1984-06-21 12:00:00,22.3,127.8,50.0,,
000265,1,1984169N20137,1984,35,WP,WYNNE,1984-06-21 15:00:00,22.3,127.6,50.0,,
000266,1,1984169N20137,1984,35,WP,WYNNE,1984-06-21 18:00:00,22.3,127.3,50.0,,
000267,1,1984169N20137,1984,35,WP,WYNNE,1984-06-21 21:00:00,22.3,127.1,50.0,,
000268,1,1984169N20137,1984,35,WP,WYNNE,1984-06-22 00:00:00,22.3,126.9,50.0,,
000269,1,1984169N20137,1984,35,WP,WYNNE,1984-06-22 03:00:00,22.3,126.7,50.0,,
000270,1,1984169N20137,1984,35,WP,WYNNE,1984-06-22 06:00:00,22.3,126.5,50.0,,
000271,1,1984169N20137,1984,35,WP,WYNNE,1984-06-22 09:00:00,22.3,126.2,50.0,,
000272,1,1984169N20137,1984,35,WP,WYNNE,1984-06-22 12:00:00,22.3,125.8,50.0,,
000273,1,1984169N20137,1984,35,WP,WYNNE,1984-06-22 15:00:00,22.2,125.4,50.0,,
000274,1,1984169N20137,1984,35,WP,WYNNE,1984-06-22 18:00:00,22.2,124.9,50.0,,
000275,1,1984169N20137,1984,35,WP,WYNNE,1984-06-22 21:00:00,22.2,124.5,53.0,,
000276,1,1984169N20137,1984,35,WP,WYNNE,1984-06-23 00:00:00,22.1,124.0,55.0,,
000277,1,1984169N20137,1984,35,WP,WYNNE,1984-06-23 03:00:00,22.1,123.6,55.0,,
000278,1,1984169N20137,1984,35,WP,WYNNE,1984-06-23 06:00:00,22.0,123.2,55.0,,
000279,1,1984169N20137,1984,35,WP,WYNNE,1984-06-23 09:00:00,22.0,122.6,55.0,,
000280,1,1984169N20137,1984,35,WP,WYNNE,1984-06-23 12:00:00,21.9,122.0,55.0,,
000281,1,1984169N20137,1984,35,WP,WYNNE,1984-06-23 15:00:00,21.9,121.3,53.0,,
000282,1,1984169N20137,1984,35,WP,WYNNE,1984-06-23 18:00:00,21.9,120.6,50.0,,
000283,1,1984169N20137,1984,35,WP,WYNNE,1984-06-23 21:00:00,21.8,119.7,50.0,,
000284,1,1984169N20137,1984,35,WP,WYNNE,1984-06-24 00:00:00,21.7,118.9,50.0,,
000285,1,1984169N20137,1984,35,WP,WYNNE,1984-06-24 03:00:00,21.6,118.1,50.0,,
000286,1,1984169N20137,1984,35,WP,WYNNE,1984-06-24 06:00:00,21.5,117.3,50.0,,
000287,1,1984169N20137,1984,35,WP,WYNNE,1984-06-24 09:00:00,21.3,116.6,53.0,,
000288,1,1984169N20137,1984,35,WP,WYNNE,1984-06-24 12:00:00,21.2,115.9,55.0,,
000289,1,1984169N20137,1984,35,WP,WYNNE,1984-06-24 15:00:00,21.2,115.3,58.0,,
000290,1,1984169N20137,1984,35,WP,WYNNE,1984-06-24 18:00:00,21.1,114.7,60.0,,
000291,1,1984169N20137,1984,35,WP,WYNNE,1984-06-24 21:00:00,21.1,114.0,60.0,,
000292,1,1984169N20137,1984,35,WP,WYNNE,1984-06-25 00:00:00,21.1,113.4,60.0,,
000293,1,1984169N20137,1984,35,WP,WYNNE,1984-06-25 03:00:00,21.2,112.8,58.0,,
000294,1,1984169N20137,1984,35,WP,WYNNE,1984-06-25 06:00:00,21.3,112.2,55.0,,
000295,1,1984169N20137,1984,35,WP,WYNNE,1984-06-25 09:00:00,21.4,111.5,50.0,,
000296,1,1984169N20137,1984,35,WP,WYNNE,1984-06-25 12:00:00,21.4,110.8,45.0,,
000297,1,1984169N20137,1984,35,WP,WYNNE,1984-06-25 15:00:00,21.6,109.9,40.0,,
000298,1,1984169N20137,1984,35,WP,WYNNE,1984-06-25 18:00:00,21.6,109.0,35.0,,
000299,1,1984169N20137,1984,35,WP,WYNNE,1984-06-25 21:00:00,21.7,108.1,33.0,,
000300,1,1984169N20137,1984,35,WP,WYNNE,1984-06-26 00:00:00,21.7,107.3,30.0,,
000301,1,1984169N20137,1984,35,WP,WYNNE,1984-06-26 03:00:00,21.6,106.6,,,
000302,1,1984169N20137,1984,35,WP,WYNNE,1984-06-26 06:00:00,21.5,105.8,,,
000303,1,1984169N20137,1984,35,WP,WYNNE,1984-06-26 09:00:00,21.4,105.0,,,
000304,1,1984169N20137,1984,35,WP,WYNNE,1984-06-26 12:00:00,21.4,104.1,,,
000305,1,1984169N20137,1984,35,WP,WYNNE,1984-06-26 15:00:00,21.3,103.0,,,
000306,1,1984169N20137,1984,35,WP,WYNNE,1984-06-26 18:00:00,21.0,102.0,,,
000307,1,1984169N20137,1984,35,WP,WYNNE,1984-06-26 21:00:00,21.0,101.0,,,
000308,1,1984169N20137,1984,35,WP,WYNNE,1984-06-27 00:00:00,21.0,100.0,,,
000309,1,1984169N20137,1984,35,NI,WYNNE,1984-06-27 03:00:00,21.0,99.2,,,
000310,1,1984169N20137,1984,35,NI,WYNNE,1984-06-27 06:00:00,21.0,98.5,,,
000311,1,1985281N02144,1985,103,WP,CECIL,1985-10-08 00:00:00,1.9,144.0,,,
000312,1,1985281N02144,1985,103,WP,CECIL,1985-10-08 03:00:00,2.3,143.3,,,
000313,1,1985281N02144,1985,103,WP,CECIL,1985-10-08 06:00:00,2.7,142.6,,,
000314,1,1985281N02144,1985,103,WP,CECIL,1985-10-08 09:00:00,3.1,141.8,,,
000315,1,1985281N02144,1985,103,WP,CECIL,1985-10-08 12:00:00,3.5,141.0,,,
000316,1,1985281N02144,1985,103,WP,CECIL,1985-10-08 15:00:00,3.9,140.1,,,
000317,1,1985281N02144,1985,103,WP,CECIL,1985-10-08 18:00:00,4.3,139.2,,,
000318,1,1985281N02144,1985,103,WP,CECIL,1985-10-08 21:00:00,4.7,138.4,,,
000319,1,1985281N02144,1985,103,WP,CECIL,1985-10-09 00:00:00,5.0,137.6,,,
000320,1,1985281N02144,1985,103,WP,CECIL,1985-10-09 03:00:00,5.3,137.0,,,
000321,1,1985281N02144,1985,103,WP,CECIL,1985-10-09 06:00:00,5.5,136.6,,,
000322,1,1985281N02144,1985,103,WP,CECIL,1985-10-09 09:00:00,5.7,136.2,,,
000323,1,1985281N02144,1985,103,WP,CECIL,1985-10-09 12:00:00,6.0,135.7,,,
000324,1,1985281N02144,1985,103,WP,CECIL,1985-10-09 15:00:00,6.3,135.1,,,
000325,1,1985281N02144,1985,103,WP,CECIL,1985-10-09 18:00:00,6.7,134.5,,,
000326,1,1985281N02144,1985,103,WP,CECIL,1985-10-09 21:00:00,7.0,133.8,,,
000327,1,1985281N02144,1985,103,WP,CECIL,1985-10-10 00:00:00,7.3,133.2,,,
000328,1,1985281N02144,1985,103,WP,CECIL,1985-10-10 03:00:00,7.5,132.6,,,
000329,1,1985281N02144,1985,103,WP,CECIL,1985-10-10 06:00:00,7.7,132.1,,,
000330,1,1985281N02144,1985,103,WP,CECIL,1985-10-10 09:00:00,7.8,131.5,,,
000331,1,1985281N02144,1985,103,WP,CECIL,1985-10-10 12:00:00,8.0,131.0,,,
000332,1,1985281N02144,1985,103,WP,CECIL,1985-10-10 15:00:00,8.2,130.5,,,
000333,1,1985281N02144,1985,103,WP,CECIL,1985-10-10 18:00:00,8.4,129.9,,,
000334,1,1985281N02144,1985,103,WP,CECIL,1985-10-10 21:00:00,8.6,129.4,,,
000335,1,1985281N02144,1985,103,WP,CECIL,1985-10-11 00:00:00,8.8,128.7,,,
000336,1,1985281N02144,1985,103,WP,CECIL,1985-10-11 03:00:00,9.0,127.9,,,
000337,1,1985281N02144,1985,103,WP,CECIL,1985-10-11 06:00:00,9.1,126.9,,,
000338,1,1985281N02144,1985,103,WP,CECIL,1985-10-11 09:00:00,9.3,125.9,,,
000339,1,1985281N02144,1985,103,WP,CECIL,1985-10-11 12:00:00,9.5,125.0,,,
000340,1,1985281N02144,1985,103,WP,CECIL,1985-10-11 15:00:00,9.7,124.2,,,
000341,1,1985281N02144,1985,103,WP,CECIL,1985-10-11 18:00:00,9.9,123.4,,,
000342,1,1985281N02144,1985,103,WP,CECIL,1985-10-11 21:00:00,10.1,122.5,,,
000343,1,1985281N02144,1985,103,WP,CECIL,1985-10-12 00:00:00,10.3,121.6,,,
000344,1,1985281N02144,1985,103,WP,CECIL,1985-10-12 03:00:00,10.5,120.9,,,
000345,1,1985281N02144,1985,103,WP,CECIL,1985-10-12 06:00:00,10.7,120.2,30.0,,
000346,1,1985281N02144,1985,103,WP,CECIL,1985-10-12 09:00:00,10.9,119.6,33.0,,
000347,1,1985281N02144,1985,103,WP,CECIL,1985-10-12 12:00:00,11.1,119.0,35.0,,
000348,1,1985281N02144,1985,103,WP,CECIL,1985-10-12 15:00:00,11.3,118.4,38.0,,
000349,1,1985281N02144,1985,103,WP,CECIL,1985-10-12 18:00:00,11.4,117.8,40.0,,
000350,1,1985281N02144,1985,103,WP,CECIL,1985-10-12 21:00:00,11.6,117.4,43.0,,
000351,1,1985281N02144,1985,103,WP,CECIL,1985-10-13 00:00:00,11.8,117.0,45.0,,
000352,1,1985281N02144,1985,103,WP,CECIL,1985-10-13 03:00:00,11.9,116.7,50.0,,
000353,1,1985281N02144,1985,103,WP,CECIL,1985-10-13 06:00:00,12.1,116.5,55.0,,
000354,1,1985281N02144,1985,103,WP,CECIL,1985-10-13 09:00:00,12.3,116.2,58.0,,
000355,1,1985281N02144,1985,103,WP,CECIL,1985-10-13 12:00:00,12.5,115.9,60.0,,
000356,1,1985281N02144,1985,103,WP,CECIL,1985-10-13 15:00:00,12.7,115.6,63.0,,
000357,1,1985281N02144,1985,103,WP,CECIL,1985-10-13 18:00:00,12.9,115.3,65.0,,
000358,1,1985281N02144,1985,103,WP,CECIL,1985-10-13 21:00:00,13.2,115.1,68.0,,
000359,1,1985281N02144,1985,103,WP,CECIL,1985-10-14 00:00:00,13.4,114.9,70.0,,
000360,1,1985281N02144,1985,103,WP,CECIL,1985-10-14 03:00:00,13.7,114.6,73.0,,
000361,1,1985281N02144,1985,103,WP,CECIL,1985-10-14 06:00:00,13.9,114.2,75.0,,
000362,1,1985281N02144,1985,103,WP,CECIL,1985-10-14 09:00:00,14.2,113.9,78.0,,
000363,1,1985281N02144,1985,103,WP,CECIL,1985-10-14 12:00:00,14.4,113.5,80.0,,
000364,1,1985281N02144,1985,103,WP,CECIL,1985-10-14 15:00:00,14.6,113.1,83.0,,
000365,1,1985281N02144,1985,103,WP,CECIL,1985-10-14 18:00:00,14.8,112.7,85.0,,
000366,1,1985281N02144,1985,103,WP,CECIL,1985-10-14 21:00:00,15.1,112.2,90.0,,
000367,1,1985281N02144,1985,103,WP,CECIL,1985-10-15 00:00:00,15.4,111.7,95.0,,
000368,1,1985281N02144,1985,103,WP,CECIL,1985-10-15 03:00:00,15.6,111.2,98.0,,
000369,1,1985281N02144,1985,103,WP,CECIL,1985-10-15 06:00:00,15.9,110.6,100.0,,
000370,1,1985281N02144,1985,103,WP,CECIL,1985-10-15 09:00:00,16.2,110.0,100.0,,
000371,1,1985281N02144,1985,103,WP,CECIL,1985-10-15 12:00:00,16.5,109.4,100.0,,
000372,1,1985281N02144,1985,103,WP,CECIL,1985-10-15 15:00:00,16.7,108.7,100.0,,
000373,1,1985281N02144,1985,103,WP,CECIL,1985-10-15 18:00:00,16.9,108.1,100.0,,
000374,1,1985281N02144,1985,103,WP,CECIL,1985-10-15 21:00:00,17.0,107.4,95.0,,
000375,1,1985281N02144,1985,103,WP,CECIL,1985-10-16 00:00:00,17.1,106.7,90.0,,
000376,1,1985281N02144,1985,103,WP,CECIL,1985-10-16 03:00:00,17.1,106.0,70.0,,
000377,1,1985281N02144,1985,103,WP,CECIL,1985-10-16 06:00:00,17.2,105.3,50.0,,
000378,1,1985281N02144,1985,103,WP,CECIL,1985-10-16 09:00:00,17.4,104.7,40.0,,
000379,1,1985281N02144,1985,103,WP,CECIL,1985-10-16 12:00:00,17.6,104.1,30.0,,
000380,1,1985281N02144,1985,103,WP,CECIL,1985-10-16 15:00:00,17.7,103.3,,,
000381,1,1985281N02144,1985,103,WP,CECIL,1985-10-16 18:00:00,17.7,102.5,,,
000382,1,1985281N02144,1985,103,WP,CECIL,1985-10-16 21:00:00,17.5,101.8,,,
000383,1,1985281N02144,1985,103,WP,CECIL,1985-10-17 00:00:00,17.5,101.0,,,
000384,1,1985281N02144,1985,103,WP,CECIL,1985-10-17 03:00:00,17.7,100.5,,,
000385,1,1985281N02144,1985,103,WP,CECIL,1985-10-17 06:00:00,18.0,100.0,,,
000386,1,1985281N02144,1985,103,NI,CECIL,1985-10-17 09:00:00,18.1,99.1,,,
000387,1,1985281N02144,1985,103,NI,CECIL,1985-10-17 12:00:00,18.0,98.0,,,
000388,1,1985284N05159,1985,106,WP,DOT,1985-10-11 00:00:00,5.1,159.4,,,
000389,1,1985284N05159,1985,106,WP,DOT,1985-10-11 03:00:00,5.5,158.8,,,
000390,1,1985284N05159,1985,106,WP,DOT,1985-10-11 06:00:00,5.8,158.2,,,
000391,1,1985284N05159,1985,106,WP,DOT,1985-10-11 09:00:00,6.2,157.6,,,
000392,1,1985284N05159,1985,106,WP,DOT,1985-10-11 12:00:00,6.0,156.3,,,
000393,1,1985284N05159,1985,106,WP,DOT,1985-10-11 15:00:00,6.2,155.4,,,
000394,1,1985284N05159,1985,106,WP,DOT,1985-10-11 18:00:00,6.6,154.6,20.0,,
000395,1,1985284N05159,1985,106,WP,DOT,1985-10-11 21:00:00,6.8,153.8,23.0,,
000396,1,1985284N05159,1985,106,WP,DOT,1985-10-12 00:00:00,7.2,153.2,25.0,,
000397,1,1985284N05159,1985,106,WP,DOT,1985-10-12 03:00:00,7.6,152.6,25.0,,
000398,1,1985284N05159,1985,106,WP,DOT,1985-10-12 06:00:00,7.9,152.0,25.0,,
000399,1,1985284N05159,1985,106,WP,DOT,1985-10-12 09:00:00,8.3,151.5,25.0,,
000400,1,1985284N05159,1985,106,WP,DOT,1985-10-12 12:00:00,8.7,151.0,25.0,,
000401,1,1985284N05159,1985,106,WP,DOT,1985-10-12 15:00:00,9.2,150.3,25.0,,
000402,1,1985284N05159,1985,106,WP,DOT,1985-10-12 18:00:00,9.6,149.6,25.0,,
000403,1,1985284N05159,1985,106,WP,DOT,1985-10-12 21:00:00,10.0,149.1,28.0,,
000404,1,1985284N05159,1985,106,WP,DOT,1985-10-13 00:00:00,10.3,148.5,30.0,,
000405,1,1985284N05159,1985,106,WP,DOT,1985-10-13 03:00:00,10.7,147.7,33.0,,
000406,1,1985284N05159,1985,106,WP,DOT,1985-10-13 06:00:00,11.0,146.7,35.0,,
000407,1,1985284N05159,1985,106,WP,DOT,1985-10-13 09:00:00,11.2,145.8,38.0,,
000408,1,1985284N05159,1985,106,WP,DOT,1985-10-13 12:00:00,11.3,144.9,40.0,,
000409,1,1985284N05159,1985,106,WP,DOT,1985-10-13 15:00:00,11.3,144.2,43.0,,
000410,1,1985284N05159,1985,106,WP,DOT,1985-10-13 18:00:00,11.4,143.6,45.0,,
000411,1,1985284N05159,1985,106,WP,DOT,1985-10-13 21:00:00,11.5,142.9,48.0,,
000412,1,1985284N05159,1985,106,WP,DOT,1985-10-14 00:00:00,11.6,142.3,50.0,,
000413,1,1985284N05159,1985,106,WP,DOT,1985-10-14 03:00:00,11.7,141.7,53.0,,
000414,1,1985284N05159,1985,106,WP,DOT,1985-10-14 06:00:00,11.8,141.2,55.0,,
000415,1,1985284N05159,1985,106,WP,DOT,1985-10-14 09:00:00,12.0,140.6,58.0,,
000416,1,1985284N05159,1985,106,WP,DOT,1985-10-14 12:00:00,12.2,140.1,60.0,,
000417,1,1985284N05159,1985,106,WP,DOT,1985-10-14 15:00:00,12.4,139.6,63.0,,
000418,1,1985284N05159,1985,106,WP,DOT,1985-10-14 18:00:00,12.7,139.0,65.0,,
000419,1,1985284N05159,1985,106,WP,DOT,1985-10-14 21:00:00,12.9,138.4,70.0,,
000420,1,1985284N05159,1985,106,WP,DOT,1985-10-15 00:00:00,13.1,137.9,75.0,,
000421,1,1985284N05159,1985,106,WP,DOT,1985-10-15 03:00:00,13.3,137.3,83.0,,
000422,1,1985284N05159,1985,106,WP,DOT,1985-10-15 06:00:00,13.4,136.7,90.0,,
000423,1,1985284N05159,1985,106,WP,DOT,1985-10-15 09:00:00,13.5,136.2,100.0,,
000424,1,1985284N05159,1985,106,WP,DOT,1985-10-15 12:00:00,13.6,135.7,110.0,,
000425,1,1985284N05159,1985,106,WP,DOT,1985-10-15 15:00:00,13.7,135.2,118.0,,
000426,1,1985284N05159,1985,106,WP,DOT,1985-10-15 18:00:00,13.8,134.8,125.0,,
000427,1,1985284N05159,1985,106,WP,DOT,1985-10-15 21:00:00,13.9,134.3,133.0,,
000428,1,1985284N05159,1985,106,WP,DOT,1985-10-16 00:00:00,14.1,133.7,140.0,,
000429,1,1985284N05159,1985,106,WP,DOT,1985-10-16 03:00:00,14.3,133.2,143.0,,
000430,1,1985284N05159,1985,106,WP,DOT,1985-10-16 06:00:00,14.4,132.6,145.0,,
000431,1,1985284N05159,1985,106,WP,DOT,1985-10-16 09:00:00,14.5,131.9,148.0,,
000432,1,1985284N05159,1985,106,WP,DOT,1985-10-16 12:00:00,14.6,131.2,150.0,,
000433,1,1985284N05159,1985,106,WP,DOT,1985-10-16 15:00:00,14.7,130.6,150.0,,
000434,1,1985284N05159,1985,106,WP,DOT,1985-10-16 18:00:00,14.7,129.9,150.0,,
000435,1,1985284N05159,1985,106,WP,DOT,1985-10-16 21:00:00,14.7,129.2,150.0,,
000436,1,1985284N05159,1985,106,WP,DOT,1985-10-17 00:00:00,14.7,128.5,150.0,,
000437,1,1985284N05159,1985,106,WP,DOT,1985-10-17 03:00:00,14.6,127.9,148.0,,
000438,1,1985284N05159,1985,106,WP,DOT,1985-10-17 06:00:00,14.5,127.3,145.0,,
000439,1,1985284N05159,1985,106,WP,DOT,1985-10-17 09:00:00,14.4,126.8,143.0,,
000440,1,1985284N05159,1985,106,WP,DOT,1985-10-17 12:00:00,14.3,126.3,140.0,,
000441,1,1985284N05159,1985,106,WP,DOT,1985-10-17 15:00:00,14.3,125.8,138.0,,
000442,1,1985284N05159,1985,106,WP,DOT,1985-10-17 18:00:00,14.3,125.3,135.0,,
000443,1,1985284N05159,1985,106,WP,DOT,1985-10-17 21:00:00,14.4,124.8,133.0,,
000444,1,1985284N05159,1985,106,WP,DOT,1985-10-18 00:00:00,14.4,124.3,130.0,,
000445,1,1985284N05159,1985,106,WP,DOT,1985-10-18 03:00:00,14.5,123.8,125.0,,
000446,1,1985284N05159,1985,106,WP,DOT,1985-10-18 06:00:00,14.7,123.4,120.0,,
000447,1,1985284N05159,1985,106,WP,DOT,1985-10-18 09:00:00,14.9,122.9,115.0,,
000448,1,1985284N05159,1985,106,WP,DOT,1985-10-18 12:00:00,15.1,122.3,110.0,,
000449,1,1985284N05159,1985,106,WP,DOT,1985-10-18 15:00:00,15.3,121.6,98.0,,
000450,1,1985284N05159,1985,106,WP,DOT,1985-10-18 18:00:00,15.5,120.9,85.0,,
000451,1,1985284N05159,1985,106,WP,DOT,1985-10-18 21:00:00,15.5,120.1,75.0,,
000452,1,1985284N05159,1985,106,WP,DOT,1985-10-19 00:00:00,15.6,119.4,65.0,,
000453,1,1985284N05159,1985,106,WP,DOT,1985-10-19 03:00:00,15.7,118.9,68.0,,
000454,1,1985284N05159,1985,106,WP,DOT,1985-10-19 06:00:00,15.8,118.5,70.0,,
000455,1,1985284N05159,1985,106,WP,DOT,1985-10-19 09:00:00,16.0,118.1,73.0,,
000456,1,1985284N05159,1985,106,WP,DOT,1985-10-19 12:00:00,16.2,117.7,75.0,,
000457,1,1985284N05159,1985,106,WP,DOT,1985-10-19 15:00:00,16.3,117.1,78.0,,
000458,1,1985284N05159,1985,106,WP,DOT,1985-10-19 18:00:00,16.5,116.6,80.0,,
000459,1,1985284N05159,1985,106,WP,DOT,1985-10-19 21:00:00,16.7,116.1,83.0,,
000460,1,1985284N05159,1985,106,WP,DOT,1985-10-20 00:00:00,17.0,115.5,85.0,,
000461,1,1985284N05159,1985,106,WP,DOT,1985-10-20 03:00:00,17.1,114.9,85.0,,
000462,1,1985284N05159,1985,106,WP,DOT,1985-10-20 06:00:00,17.3,114.2,85.0,,
000463,1,1985284N05159,1985,106,WP,DOT,1985-10-20 09:00:00,17.5,113.5,88.0,,
000464,1,1985284N05159,1985,106,WP,DOT,1985-10-20 12:00:00,17.7,112.8,90.0,,
000465,1,1985284N05159,1985,106,WP,DOT,1985-10-20 15:00:00,17.8,112.1,90.0,,
000466,1,1985284N05159,1985,106,WP,DOT,1985-10-20 18:00:00,18.0,111.2,90.0,,
000467,1,1985284N05159,1985,106,WP,DOT,1985-10-20 21:00:00,18.1,110.3,85.0,,
000468,1,1985284N05159,1985,106,WP,DOT,1985-10-21 00:00:00,18.3,109.4,80.0,,
000469,1,1985284N05159,1985,106,WP,DOT,1985-10-21 03:00:00,18.4,108.5,75.0,,
000470,1,1985284N05159,1985,106,WP,DOT,1985-10-21 06:00:00,18.5,107.7,70.0,,
000471,1,1985284N05159,1985,106,WP,DOT,1985-10-21 09:00:00,18.6,106.8,65.0,,
000472,1,1985284N05159,1985,106,WP,DOT,1985-10-21 12:00:00,18.7,106.1,60.0,,
000473,1,1985284N05159,1985,106,WP,DOT,1985-10-21 15:00:00,18.7,105.5,50.0,,
000474,1,1985284N05159,1985,106,WP,DOT,1985-10-21 18:00:00,18.8,104.9,40.0,,
000475,1,1985284N05159,1985,106,WP,DOT,1985-10-21 21:00:00,18.9,104.1,,,
000476,1,1985284N05159,1985,106,WP,DOT,1985-10-22 00:00:00,19.0,103.2,,,
000477,1,1985284N05159,1985,106,WP,DOT,1985-10-22 03:00:00,19.0,102.6,,,
000478,1,1985284N05159,1985,106,WP,DOT,1985-10-22 06:00:00,19.0,102.0,,,
000479,1,1985284N05159,1985,106,WP,DOT,1985-10-22 09:00:00,19.0,100.7,,,
000480,1,1985284N05159,1985,106,NI,DOT,1985-10-22 12:00:00,19.0,99.0,,,
000481,1,1986228N19120,1986,70,WP,WAYNE,1986-08-16 00:00:00,18.8,119.6,,,
000482,1,1986228N19120,1986,70,WP,WAYNE,1986-08-16 03:00:00,18.2,118.8,,,
000483,1,1986228N19120,1986,70,WP,WAYNE,1986-08-16 06:00:00,17.7,117.9,15.0,,
000484,1,1986228N19120,1986,70,WP,WAYNE,1986-08-16 09:00:00,17.3,117.5,18.0,,
000485,1,1986228N19120,1986,70,WP,WAYNE,1986-08-16 12:00:00,16.9,117.1,20.0,,
000486,1,1986228N19120,1986,70,WP,WAYNE,1986-08-16 15:00:00,16.7,116.7,20.0,,
000487,1,1986228N19120,1986,70,WP,WAYNE,1986-08-16 18:00:00,16.5,116.4,20.0,,
000488,1,1986228N19120,1986,70,WP,WAYNE,1986-08-16 21:00:00,16.3,116.1,23.0,,
000489,1,1986228N19120,1986,70,WP,WAYNE,1986-08-17 00:00:00,16.1,115.9,25.0,,
000490,1,1986228N19120,1986,70,WP,WAYNE,1986-08-17 03:00:00,15.8,115.9,25.0,,
000491,1,1986228N19120,1986,70,WP,WAYNE,1986-08-17 06:00:00,15.6,116.0,25.0,,
000492,1,1986228N19120,1986,70,WP,WAYNE,1986-08-17 09:00:00,15.4,116.2,25.0,,
000493,1,1986228N19120,1986,70,WP,WAYNE,1986-08-17 12:00:00,15.2,116.5,25.0,,
000494,1,1986228N19120,1986,70,WP,WAYNE,1986-08-17 15:00:00,15.0,116.7,28.0,,
000495,1,1986228N19120,1986,70,WP,WAYNE,1986-08-17 18:00:00,14.9,117.0,30.0,,
000496,1,1986228N19120,1986,70,WP,WAYNE,1986-08-17 21:00:00,15.0,117.2,30.0,,
000497,1,1986228N19120,1986,70,WP,WAYNE,1986-08-18 00:00:00,15.2,117.3,30.0,,
000498,1,1986228N19120,1986,70,WP,WAYNE,1986-08-18 03:00:00,15.5,117.3,33.0,,
000499,1,1986228N19120,1986,70,WP,WAYNE,1986-08-18 06:00:00,15.8,117.1,35.0,,
000500,1,1986228N19120,1986,70,WP,WAYNE,1986-08-18 09:00:00,16.0,117.0,40.0,,
000501,1,1986228N19120,1986,70,WP,WAYNE,1986-08-18 12:00:00,16.2,116.7,45.0,,
000502,1,1986228N19120,1986,70,WP,WAYNE,1986-08-18 15:00:00,16.4,116.4,50.0,,
000503,1,1986228N19120,1986,70,WP,WAYNE,1986-08-18 18:00:00,16.6,116.1,55.0,,
000504,1,1986228N19120,1986,70,WP,WAYNE,1986-08-18 21:00:00,16.8,115.8,58.0,,
000505,1,1986228N19120,1986,70,WP,WAYNE,1986-08-19 00:00:00,17.1,115.4,60.0,,
000506,1,1986228N19120,1986,70,WP,WAYNE,1986-08-19 03:00:00,17.5,115.1,63.0,,
000507,1,1986228N19120,1986,70,WP,WAYNE,1986-08-19 06:00:00,17.8,114.8,65.0,,
000508,1,1986228N19120,1986,70,WP,WAYNE,1986-08-19 09:00:00,18.1,114.4,65.0,,
000509,1,1986228N19120,1986,70,WP,WAYNE,1986-08-19 12:00:00,18.4,114.2,65.0,,
000510,1,1986228N19120,1986,70,WP,WAYNE,1986-08-19 15:00:00,18.7,113.9,68.0,,
000511,1,1986228N19120,1986,70,WP,WAYNE,1986-08-19 18:00:00,19.0,113.6,70.0,,
000512,1,1986228N19120,1986,70,WP,WAYNE,1986-08-19 21:00:00,19.3,113.4,70.0,,
000513,1,1986228N19120,1986,70,WP,WAYNE,1986-08-20 00:00:00,19.7,113.3,70.0,,
000514,1,1986228N19120,1986,70,WP,WAYNE,1986-08-20 03:00:00,20.0,113.4,70.0,,
000515,1,1986228N19120,1986,70,WP,WAYNE,1986-08-20 06:00:00,20.4,113.6,70.0,,
000516,1,1986228N19120,1986,70,WP,WAYNE,1986-08-20 09:00:00,20.8,113.9,68.0,,
000517,1,1986228N19120,1986,70,WP,WAYNE,1986-08-20 12:00:00,21.2,114.3,65.0,,
000518,1,1986228N19120,1986,70,WP,WAYNE,1986-08-20 15:00:00,21.5,114.7,65.0,,
000519,1,1986228N19120,1986,70,WP,WAYNE,1986-08-20 18:00:00,21.7,115.1,65.0,,
000520,1,1986228N19120,1986,70,WP,WAYNE,1986-08-20 21:00:00,22.0,115.6,68.0,,
000521,1,1986228N19120,1986,70,WP,WAYNE,1986-08-21 00:00:00,22.3,116.1,70.0,,
000522,1,1986228N19120,1986,70,WP,WAYNE,1986-08-21 03:00:00,22.5,116.6,73.0,,
000523,1,1986228N19120,1986,70,WP,WAYNE,1986-08-21 06:00:00,22.7,117.2,75.0,,
000524,1,1986228N19120,1986,70,WP,WAYNE,1986-08-21 09:00:00,22.9,117.7,80.0,,
000525,1,1986228N19120,1986,70,WP,WAYNE,1986-08-21 12:00:00,23.1,118.3,85.0,,
000526,1,1986228N19120,1986,70,WP,WAYNE,1986-08-21 15:00:00,23.4,118.8,83.0,,
000527,1,1986228N19120,1986,70,WP,WAYNE,1986-08-21 18:00:00,23.6,119.3,80.0,,
000528,1,1986228N19120,1986,70,WP,WAYNE,1986-08-21 21:00:00,23.8,119.8,75.0,,
000529,1,1986228N19120,1986,70,WP,WAYNE,1986-08-22 00:00:00,24.1,120.5,70.0,,
000530,1,1986228N19120,1986,70,WP,WAYNE,1986-08-22 03:00:00,24.4,121.2,60.0,,
000531,1,1986228N19120,1986,70,WP,WAYNE,1986-08-22 06:00:00,24.7,121.8,50.0,,
000532,1,1986228N19120,1986,70,WP,WAYNE,1986-08-22 09:00:00,24.9,122.5,50.0,,
000533,1,1986228N19120,1986,70,WP,WAYNE,1986-08-22 12:00:00,25.0,123.0,50.0,,
000534,1,1986228N19120,1986,70,WP,WAYNE,1986-08-22 15:00:00,25.1,123.6,50.0,,
000535,1,1986228N19120,1986,70,WP,WAYNE,1986-08-22 18:00:00,25.0,124.1,50.0,,
000536,1,1986228N19120,1986,70,WP,WAYNE,1986-08-22 21:00:00,24.8,124.4,53.0,,
000537,1,1986228N19120,1986,70,WP,WAYNE,1986-08-23 00:00:00,24.5,124.6,55.0,,
000538,1,1986228N19120,1986,70,WP,WAYNE,1986-08-23 03:00:00,24.5,124.9,55.0,,
000539,1,1986228N19120,1986,70,WP,WAYNE,1986-08-23 06:00:00,24.4,125.0,55.0,,
000540,1,1986228N19120,1986,70,WP,WAYNE,1986-08-23 09:00:00,24.4,124.9,55.0,,
000541,1,1986228N19120,1986,70,WP,WAYNE,1986-08-23 12:00:00,24.2,124.6,55.0,,
000542,1,1986228N19120,1986,70,WP,WAYNE,1986-08-23 15:00:00,24.0,124.3,58.0,,
000543,1,1986228N19120,1986,70,WP,WAYNE,1986-08-23 18:00:00,23.7,123.9,60.0,,
000544,1,1986228N19120,1986,70,WP,WAYNE,1986-08-23 21:00:00,23.5,123.7,63.0,,
000545,1,1986228N19120,1986,70,WP,WAYNE,1986-08-24 00:00:00,23.2,123.4,65.0,,
000546,1,1986228N19120,1986,70,WP,WAYNE,1986-08-24 03:00:00,22.9,123.0,60.0,,
000547,1,1986228N19120,1986,70,WP,WAYNE,1986-08-24 06:00:00,22.6,122.5,55.0,,
000548,1,1986228N19120,1986,70,WP,WAYNE,1986-08-24 09:00:00,22.2,122.0,50.0,,
000549,1,1986228N19120,1986,70,WP,WAYNE,1986-08-24 12:00:00,21.8,121.5,45.0,,
000550,1,1986228N19120,1986,70,WP,WAYNE,1986-08-24 15:00:00,21.6,120.9,40.0,,
000551,1,1986228N19120,1986,70,WP,WAYNE,1986-08-24 18:00:00,21.4,120.2,35.0,,
000552,1,1986228N19120,1986,70,WP,WAYNE,1986-08-24 21:00:00,21.2,119.5,33.0,,
000553,1,1986228N19120,1986,70,WP,WAYNE,1986-08-25 00:00:00,21.1,118.8,30.0,,
000554,1,1986228N19120,1986,70,WP,WAYNE,1986-08-25 03:00:00,21.0,118.2,30.0,,
000555,1,1986228N19120,1986,70,WP,WAYNE,1986-08-25 06:00:00,20.8,117.7,30.0,,
000556,1,1986228N19120,1986,70,WP,WAYNE,1986-08-25 09:00:00,20.5,117.2,28.0,,
000557,1,1986228N19120,1986,70,WP,WAYNE,1986-08-25 12:00:00,20.2,116.7,25.0,,
000558,1,1986228N19120,1986,70,WP,WAYNE,1986-08-25 15:00:00,20.0,116.3,25.0,,
000559,1,1986228N19120,1986,70,WP,WAYNE,1986-08-25 18:00:00,19.9,115.9,25.0,,
000560,1,1986228N19120,1986,70,WP,WAYNE,1986-08-25 21:00:00,19.6,115.5,25.0,,
000561,1,1986228N19120,1986,70,WP,WAYNE,1986-08-26 00:00:00,19.4,115.2,25.0,,
000562,1,1986228N19120,1986,70,WP,WAYNE,1986-08-26 03:00:00,19.1,114.8,25.0,,
000563,1,1986228N19120,1986,70,WP,WAYNE,1986-08-26 06:00:00,18.9,114.6,25.0,,
000564,1,1986228N19120,1986,70,WP,WAYNE,1986-08-26 09:00:00,18.6,114.4,25.0,,
000565,1,1986228N19120,1986,70,WP,WAYNE,1986-08-26 12:00:00,18.4,114.4,25.0,,
000566,1,1986228N19120,1986,70,WP,WAYNE,1986-08-26 15:00:00,18.2,114.7,25.0,,
000567,1,1986228N19120,1986,70,WP,WAYNE,1986-08-26 18:00:00,18.0,115.1,25.0,,
000568,1,1986228N19120,1986,70,WP,WAYNE,1986-08-26 21:00:00,18.0,115.5,28.0,,
000569,1,1986228N19120,1986,70,WP,WAYNE,1986-08-27 00:00:00,18.0,116.0,30.0,,
000570,1,1986228N19120,1986,70,WP,WAYNE,1986-08-27 03:00:00,18.0,116.5,30.0,,
000571,1,1986228N19120,1986,70,WP,WAYNE,1986-08-27 06:00:00,18.1,117.0,30.0,,
000572,1,1986228N19120,1986,70,WP,WAYNE,1986-08-27 09:00:00,18.1,117.5,33.0,,
000573,1,1986228N19120,1986,70,WP,WAYNE,1986-08-27 12:00:00,18.2,118.0,35.0,,
000574,1,1986228N19120,1986,70,WP,WAYNE,1986-08-27 15:00:00,18.4,118.5,35.0,,
000575,1,1986228N19120,1986,70,WP,WAYNE,1986-08-27 18:00:00,18.7,119.1,35.0,,
000576,1,1986228N19120,1986,70,WP,WAYNE,1986-08-27 21:00:00,19.0,119.6,35.0,,
000577,1,1986228N19120,1986,70,WP,WAYNE,1986-08-28 00:00:00,19.4,120.0,35.0,,
000578,1,1986228N19120,1986,70,WP,WAYNE,1986-08-28 03:00:00,19.6,120.3,35.0,,
000579,1,1986228N19120,1986,70,WP,WAYNE,1986-08-28 06:00:00,19.9,120.5,35.0,,
000580,1,1986228N19120,1986,70,WP,WAYNE,1986-08-28 09:00:00,20.0,120.7,38.0,,
000581,1,1986228N19120,1986,70,WP,WAYNE,1986-08-28 12:00:00,20.2,120.8,40.0,,
000582,1,1986228N19120,1986,70,WP,WAYNE,1986-08-28 15:00:00,20.3,120.9,40.0,,
000583,1,1986228N19120,1986,70,WP,WAYNE,1986-08-28 18:00:00,20.4,121.0,40.0,,
000584,1,1986228N19120,1986,70,WP,WAYNE,1986-08-28 21:00:00,20.5,121.1,40.0,,
000585,1,1986228N19120,1986,70,WP,WAYNE,1986-08-29 00:00:00,20.6,121.1,40.0,,
000586,1,1986228N19120,1986,70,WP,WAYNE,1986-08-29 03:00:00,20.6,121.2,40.0,,
000587,1,1986228N19120,1986,70,WP,WAYNE,1986-08-29 06:00:00,20.7,121.2,40.0,,
000588,1,1986228N19120,1986,70,WP,WAYNE,1986-08-29 09:00:00,20.7,121.3,43.0,,
000589,1,1986228N19120,1986,70,WP,WAYNE,1986-08-29 12:00:00,20.8,121.3,45.0,,
000590,1,1986228N19120,1986,70,WP,WAYNE,1986-08-29 15:00:00,20.9,121.4,48.0,,
000591,1,1986228N19120,1986,70,WP,WAYNE,1986-08-29 18:00:00,21.1,121.5,50.0,,
000592,1,1986228N19120,1986,70,WP,WAYNE,1986-08-29 21:00:00,21.2,121.6,53.0,,
000593,1,1986228N19120,1986,70,WP,WAYNE,1986-08-30 00:00:00,21.4,121.8,55.0,,
000594,1,1986228N19120,1986,70,WP,WAYNE,1986-08-30 03:00:00,21.6,121.9,58.0,,
000595,1,1986228N19120,1986,70,WP,WAYNE,1986-08-30 06:00:00,21.7,122.1,60.0,,
000596,1,1986228N19120,1986,70,WP,WAYNE,1986-08-30 09:00:00,21.8,122.3,63.0,,
000597,1,1986228N19120,1986,70,WP,WAYNE,1986-08-30 12:00:00,21.8,122.4,65.0,,
000598,1,1986228N19120,1986,70,WP,WAYNE,1986-08-30 15:00:00,21.9,122.5,68.0,,
000599,1,1986228N19120,1986,70,WP,WAYNE,1986-08-30 18:00:00,21.9,122.6,70.0,,
000600,1,1986228N19120,1986,70,WP,WAYNE,1986-08-30 21:00:00,21.9,122.7,70.0,,
000601,1,1986228N19120,1986,70,WP,WAYNE,1986-08-31 00:00:00,21.9,122.8,70.0,,
000602,1,1986228N19120,1986,70,WP,WAYNE,1986-08-31 03:00:00,21.9,122.9,73.0,,
000603,1,1986228N19120,1986,70,WP,WAYNE,1986-08-31 06:00:00,21.8,123.0,75.0,,
000604,1,1986228N19120,1986,70,WP,WAYNE,1986-08-31 09:00:00,21.7,123.1,75.0,,
000605,1,1986228N19120,1986,70,WP,WAYNE,1986-08-31 12:00:00,21.6,123.2,75.0,,
000606,1,1986228N19120,1986,70,WP,WAYNE,1986-08-31 15:00:00,21.5,123.2,73.0,,
000607,1,1986228N19120,1986,70,WP,WAYNE,1986-08-31 18:00:00,21.4,123.2,70.0,,
000608,1,1986228N19120,1986,70,WP,WAYNE,1986-08-31 21:00:00,21.3,123.2,70.0,,
000609,1,1986228N19120,1986,70,WP,WAYNE,1986-09-01 00:00:00,21.1,123.1,70.0,,
000610,1,1986228N19120,1986,70,WP,WAYNE,1986-09-01 03:00:00,21.0,122.9,73.0,,
000611,1,1986228N19120,1986,70,WP,WAYNE,1986-09-01 06:00:00,20.8,122.8,75.0,,
000612,1,1986228N19120,1986,70,WP,WAYNE,1986-09-01 09:00:00,20.6,122.6,80.0,,
000613,1,1986228N19120,1986,70,WP,WAYNE,1986-09-01 12:00:00,20.3,122.4,85.0,,
000614,1,1986228N19120,1986,70,WP,WAYNE,1986-09-01 15:00:00,20.1,122.3,85.0,,
000615,1,1986228N19120,1986,70,WP,WAYNE,1986-09-01 18:00:00,20.0,122.2,85.0,,
000616,1,1986228N19120,1986,70,WP,WAYNE,1986-09-01 21:00:00,19.8,122.1,85.0,,
000617,1,1986228N19120,1986,70,WP,WAYNE,1986-09-02 00:00:00,19.6,122.0,85.0,,
000618,1,1986228N19120,1986,70,WP,WAYNE,1986-09-02 03:00:00,19.4,121.9,85.0,,
000619,1,1986228N19120,1986,70,WP,WAYNE,1986-09-02 06:00:00,19.3,121.8,85.0,,
000620,1,1986228N19120,1986,70,WP,WAYNE,1986-09-02 09:00:00,19.2,121.6,83.0,,
000621,1,1986228N19120,1986,70,WP,WAYNE,1986-09-02 12:00:00,19.1,121.4,80.0,,
000622,1,1986228N19120,1986,70,WP,WAYNE,1986-09-02 15:00:00,19.0,121.1,78.0,,
000623,1,1986228N19120,1986,70,WP,WAYNE,1986-09-02 18:00:00,19.0,120.7,75.0,,
000624,1,1986228N19120,1986,70,WP,WAYNE,1986-09-02 21:00:00,19.0,120.4,73.0,,
000625,1,1986228N19120,1986,70,WP,WAYNE,1986-09-03 00:00:00,18.9,120.1,70.0,,
000626,1,1986228N19120,1986,70,WP,WAYNE,1986-09-03 03:00:00,18.7,119.7,70.0,,
000627,1,1986228N19120,1986,70,WP,WAYNE,1986-09-03 06:00:00,18.5,119.3,70.0,,
000628,1,1986228N19120,1986,70,WP,WAYNE,1986-09-03 09:00:00,18.4,118.9,73.0,,
000629,1,1986228N19120,1986,70,WP,WAYNE,1986-09-03 12:00:00,18.4,118.4,75.0,,
000630,1,1986228N19120,1986,70,WP,WAYNE,1986-09-03 15:00:00,18.4,118.0,80.0,,
000631,1,1986228N19120,1986,70,WP,WAYNE,1986-09-03 18:00:00,18.5,117.6,85.0,,
000632,1,1986228N19120,1986,70,WP,WAYNE,1986-09-03 21:00:00,18.6,117.2,88.0,,
000633,1,1986228N19120,1986,70,WP,WAYNE,1986-09-04 00:00:00,18.8,116.8,90.0,,
000634,1,1986228N19120,1986,70,WP,WAYNE,1986-09-04 03:00:00,19.1,116.1,88.0,,
000635,1,1986228N19120,1986,70,WP,WAYNE,1986-09-04 06:00:00,19.4,115.3,85.0,,
000636,1,1986228N19120,1986,70,WP,WAYNE,1986-09-04 09:00:00,19.5,114.5,83.0,,
000637,1,1986228N19120,1986,70,WP,WAYNE,1986-09-04 12:00:00,19.6,113.7,80.0,,
000638,1,1986228N19120,1986,70,WP,WAYNE,1986-09-04 15:00:00,19.7,113.0,78.0,,
000639,1,1986228N19120,1986,70,WP,WAYNE,1986-09-04 18:00:00,19.7,112.4,75.0,,
000640,1,1986228N19120,1986,70,WP,WAYNE,1986-09-04 21:00:00,19.8,111.9,73.0,,
000641,1,1986228N19120,1986,70,WP,WAYNE,1986-09-05 00:00:00,20.0,111.3,70.0,,
000642,1,1986228N19120,1986,70,WP,WAYNE,1986-09-05 03:00:00,20.1,110.5,70.0,,
000643,1,1986228N19120,1986,70,WP,WAYNE,1986-09-05 06:00:00,20.3,109.7,70.0,,
000644,1,1986228N19120,1986,70,WP,WAYNE,1986-09-05 09:00:00,20.4,109.0,68.0,,
000645,1,1986228N19120,1986,70,WP,WAYNE,1986-09-05 12:00:00,20.5,108.4,65.0,,
000646,1,1986228N19120,1986,70,WP,WAYNE,1986-09-05 15:00:00,20.5,107.6,63.0,,
000647,1,1986228N19120,1986,70,WP,WAYNE,1986-09-05 18:00:00,20.5,106.8,60.0,,
000648,1,1986228N19120,1986,70,WP,WAYNE,1986-09-05 21:00:00,20.3,105.9,53.0,,
000649,1,1986228N19120,1986,70,WP,WAYNE,1986-09-06 00:00:00,20.1,105.0,45.0,,
000650,1,1986228N19120,1986,70,WP,WAYNE,1986-09-06 03:00:00,20.0,104.2,38.0,,
000651,1,1986228N19120,1986,70,WP,WAYNE,1986-09-06 06:00:00,20.0,103.4,30.0,,
000652,1,1986228N19120,1986,70,WP,WAYNE,1986-09-06 09:00:00,19.9,102.4,,,
000653,1,1986228N19120,1986,70,WP,WAYNE,1986-09-06 12:00:00,19.7,101.4,,,
000654,1,1986228N19120,1986,70,WP,WAYNE,1986-09-06 15:00:00,19.3,100.6,,,
000655,1,1986228N19120,1986,70,WP,WAYNE,1986-09-06 18:00:00,19.0,100.0,,,
000656,1,1986228N19120,1986,70,NI,WAYNE,1986-09-06 21:00:00,18.9,99.5,,,
000657,1,1986228N19120,1986,70,NI,WAYNE,1986-09-07 00:00:00,19.0,99.0,,,
000658,1,1987219N08134,1987,49,WP,BETTY,1987-08-07 00:00:00,8.4,134.2,20.0,,
000659,1,1987219N08134,1987,49,WP,BETTY,1987-08-07 03:00:00,8.5,134.0,20.0,,
000660,1,1987219N08134,1987,49,WP,BETTY,1987-08-07 06:00:00,8.7,133.8,20.0,,
000661,1,1987219N08134,1987,49,WP,BETTY,1987-08-07 09:00:00,8.7,133.7,23.0,,
000662,1,1987219N08134,1987,49,WP,BETTY,1987-08-07 12:00:00,8.8,133.5,25.0,,
000663,1,1987219N08134,1987,49,WP,BETTY,1987-08-07 15:00:00,8.9,133.3,25.0,,
000664,1,1987219N08134,1987,49,WP,BETTY,1987-08-07 18:00:00,9.0,133.2,25.0,,
000665,1,1987219N08134,1987,49,WP,BETTY,1987-08-07 21:00:00,9.1,133.0,25.0,,
000666,1,1987219N08134,1987,49,WP,BETTY,1987-08-08 00:00:00,9.2,132.9,25.0,,
000667,1,1987219N08134,1987,49,WP,BETTY,1987-08-08 03:00:00,9.4,132.7,25.0,,
000668,1,1987219N08134,1987,49,WP,BETTY,1987-08-08 06:00:00,9.5,132.6,25.0,,
000669,1,1987219N08134,1987,49,WP,BETTY,1987-08-08 09:00:00,9.6,132.6,28.0,,
000670,1,1987219N08134,1987,49,WP,BETTY,1987-08-08 12:00:00,9.8,132.5,30.0,,
000671,1,1987219N08134,1987,49,WP,BETTY,1987-08-08 15:00:00,9.9,132.4,30.0,,
000672,1,1987219N08134,1987,49,WP,BETTY,1987-08-08 18:00:00,9.9,132.3,30.0,,
000673,1,1987219N08134,1987,49,WP,BETTY,1987-08-08 21:00:00,10.1,132.3,33.0,,
000674,1,1987219N08134,1987,49,WP,BETTY,1987-08-09 00:00:00,10.3,132.2,35.0,,
000675,1,1987219N08134,1987,49,WP,BETTY,1987-08-09 03:00:00,10.4,132.2,38.0,,
000676,1,1987219N08134,1987,49,WP,BETTY,1987-08-09 06:00:00,10.5,132.1,40.0,,
000677,1,1987219N08134,1987,49,WP,BETTY,1987-08-09 09:00:00,10.6,132.1,43.0,,
000678,1,1987219N08134,1987,49,WP,BETTY,1987-08-09 12:00:00,10.7,132.0,45.0,,
000679,1,1987219N08134,1987,49,WP,BETTY,1987-08-09 15:00:00,10.9,131.9,45.0,,
000680,1,1987219N08134,1987,49,WP,BETTY,1987-08-09 18:00:00,11.0,131.9,45.0,,
000681,1,1987219N08134,1987,49,WP,BETTY,1987-08-09 21:00:00,11.1,131.8,50.0,,
000682,1,1987219N08134,1987,49,WP,BETTY,1987-08-10 00:00:00,11.3,131.8,55.0,,
000683,1,1987219N08134,1987,49,WP,BETTY,1987-08-10 03:00:00,11.4,131.7,60.0,,
000684,1,1987219N08134,1987,49,WP,BETTY,1987-08-10 06:00:00,11.5,131.6,65.0,,
000685,1,1987219N08134,1987,49,WP,BETTY,1987-08-10 09:00:00,11.7,131.4,75.0,,
000686,1,1987219N08134,1987,49,WP,BETTY,1987-08-10 12:00:00,11.9,131.1,85.0,,
000687,1,1987219N08134,1987,49,WP,BETTY,1987-08-10 15:00:00,12.0,130.8,90.0,,
000688,1,1987219N08134,1987,49,WP,BETTY,1987-08-10 18:00:00,12.1,130.4,95.0,,
000689,1,1987219N08134,1987,49,WP,BETTY,1987-08-10 21:00:00,12.1,130.0,103.0,,
000690,1,1987219N08134,1987,49,WP,BETTY,1987-08-11 00:00:00,12.2,129.6,110.0,,
000691,1,1987219N08134,1987,49,WP,BETTY,1987-08-11 03:00:00,12.2,129.2,118.0,,
000692,1,1987219N08134,1987,49,WP,BETTY,1987-08-11 06:00:00,12.3,128.7,125.0,,
000693,1,1987219N08134,1987,49,WP,BETTY,1987-08-11 09:00:00,12.3,128.1,133.0,,
000694,1,1987219N08134,1987,49,WP,BETTY,1987-08-11 12:00:00,12.2,127.6,140.0,,
000695,1,1987219N08134,1987,49,WP,BETTY,1987-08-11 15:00:00,12.2,127.0,140.0,,
000696,1,1987219N08134,1987,49,WP,BETTY,1987-08-11 18:00:00,12.3,126.5,140.0,,
000697,1,1987219N08134,1987,49,WP,BETTY,1987-08-11 21:00:00,12.3,126.0,138.0,,
000698,1,1987219N08134,1987,49,WP,BETTY,1987-08-12 00:00:00,12.4,125.5,135.0,,
000699,1,1987219N08134,1987,49,WP,BETTY,1987-08-12 03:00:00,12.5,124.9,130.0,,
000700,1,1987219N08134,1987,49,WP,BETTY,1987-08-12 06:00:00,12.6,124.3,125.0,,
000701,1,1987219N08134,1987,49,WP,BETTY,1987-08-12 09:00:00,12.7,123.6,123.0,,
000702,1,1987219N08134,1987,49,WP,BETTY,1987-08-12 12:00:00,12.9,122.9,120.0,,
000703,1,1987219N08134,1987,49,WP,BETTY,1987-08-12 15:00:00,13.1,122.3,118.0,,
000704,1,1987219N08134,1987,49,WP,BETTY,1987-08-12 18:00:00,13.3,121.7,115.0,,
000705,1,1987219N08134,1987,49,WP,BETTY,1987-08-12 21:00:00,13.5,121.0,113.0,,
000706,1,1987219N08134,1987,49,WP,BETTY,1987-08-13 00:00:00,13.7,120.4,110.0,,
000707,1,1987219N08134,1987,49,WP,BETTY,1987-08-13 03:00:00,13.9,119.7,103.0,,
000708,1,1987219N08134,1987,49,WP,BETTY,1987-08-13 06:00:00,14.1,119.1,95.0,,
000709,1,1987219N08134,1987,49,WP,BETTY,1987-08-13 09:00:00,14.3,118.3,98.0,,
000710,1,1987219N08134,1987,49,WP,BETTY,1987-08-13 12:00:00,14.4,117.6,100.0,,
000711,1,1987219N08134,1987,49,WP,BETTY,1987-08-13 15:00:00,14.6,116.9,103.0,,
000712,1,1987219N08134,1987,49,WP,BETTY,1987-08-13 18:00:00,14.8,116.3,105.0,,
000713,1,1987219N08134,1987,49,WP,BETTY,1987-08-13 21:00:00,15.0,115.7,105.0,,
000714,1,1987219N08134,1987,49,WP,BETTY,1987-08-14 00:00:00,15.2,115.2,105.0,,
000715,1,1987219N08134,1987,49,WP,BETTY,1987-08-14 03:00:00,15.4,114.6,110.0,,
000716,1,1987219N08134,1987,49,WP,BETTY,1987-08-14 06:00:00,15.6,114.0,115.0,,
000717,1,1987219N08134,1987,49,WP,BETTY,1987-08-14 09:00:00,15.7,113.3,115.0,,
000718,1,1987219N08134,1987,49,WP,BETTY,1987-08-14 12:00:00,15.8,112.7,115.0,,
000719,1,1987219N08134,1987,49,WP,BETTY,1987-08-14 15:00:00,15.8,112.1,115.0,,
000720,1,1987219N08134,1987,49,WP,BETTY,1987-08-14 18:00:00,15.8,111.7,115.0,,
000721,1,1987219N08134,1987,49,WP,BETTY,1987-08-14 21:00:00,16.0,111.3,115.0,,
000722,1,1987219N08134,1987,49,WP,BETTY,1987-08-15 00:00:00,16.2,110.9,115.0,,
000723,1,1987219N08134,1987,49,WP,BETTY,1987-08-15 03:00:00,16.4,110.5,110.0,,
000724,1,1987219N08134,1987,49,WP,BETTY,1987-08-15 06:00:00,16.7,110.0,105.0,,
000725,1,1987219N08134,1987,49,WP,BETTY,1987-08-15 09:00:00,16.9,109.6,100.0,,
000726,1,1987219N08134,1987,49,WP,BETTY,1987-08-15 12:00:00,17.1,109.2,95.0,,
000727,1,1987219N08134,1987,49,WP,BETTY,1987-08-15 15:00:00,17.2,108.8,93.0,,
000728,1,1987219N08134,1987,49,WP,BETTY,1987-08-15 18:00:00,17.3,108.4,90.0,,
000729,1,1987219N08134,1987,49,WP,BETTY,1987-08-15 21:00:00,17.4,108.0,85.0,,
000730,1,1987219N08134,1987,49,WP,BETTY,1987-08-16 00:00:00,17.5,107.6,80.0,,
000731,1,1987219N08134,1987,49,WP,BETTY,1987-08-16 03:00:00,17.7,107.2,73.0,,
000732,1,1987219N08134,1987,49,WP,BETTY,1987-08-16 06:00:00,17.8,106.7,65.0,,
000733,1,1987219N08134,1987,49,WP,BETTY,1987-08-16 09:00:00,17.9,106.2,55.0,,
000734,1,1987219N08134,1987,49,WP,BETTY,1987-08-16 12:00:00,18.0,105.5,45.0,,
000735,1,1987219N08134,1987,49,WP,BETTY,1987-08-16 15:00:00,18.0,104.8,38.0,,
000736,1,1987219N08134,1987,49,WP,BETTY,1987-08-16 18:00:00,18.1,104.0,30.0,,
000737,1,1987219N08134,1987,49,WP,BETTY,1987-08-16 21:00:00,18.2,103.2,28.0,,
000738,1,1987219N08134,1987,49,WP,BETTY,1987-08-17 00:00:00,18.3,102.2,25.0,,
000739,1,1987219N08134,1987,49,WP,BETTY,1987-08-17 03:00:00,18.6,101.2,23.0,,
000740,1,1987219N08134,1987,49,WP,BETTY,1987-08-17 06:00:00,18.9,100.1,20.0,,
000741,1,1987219N08134,1987,49,NI,BETTY,1987-08-17 09:00:00,18.7,99.8,,,
000742,1,1987219N08134,1987,49,NI,BETTY,1987-08-17 12:00:00,18.8,99.3,,,
000743,1,1987219N08155,1987,50,WP,CARY,1987-08-07 00:00:00,7.6,154.9,15.0,,
000744,1,1987219N08155,1987,50,WP,CARY,1987-08-07 03:00:00,7.7,154.5,15.0,,
000745,1,1987219N08155,1987,50,WP,CARY,1987-08-07 06:00:00,7.8,154.1,15.0,,
000746,1,1987219N08155,1987,50,WP,CARY,1987-08-07 09:00:00,7.9,153.6,15.0,,
000747,1,1987219N08155,1987,50,WP,CARY,1987-08-07 12:00:00,8.0,153.2,15.0,,
000748,1,1987219N08155,1987,50,WP,CARY,1987-08-07 15:00:00,8.1,152.8,15.0,,
000749,1,1987219N08155,1987,50,WP,CARY,1987-08-07 18:00:00,8.2,152.4,15.0,,
000750,1,1987219N08155,1987,50,WP,CARY,1987-08-07 21:00:00,8.2,152.1,15.0,,
000751,1,1987219N08155,1987,50,WP,CARY,1987-08-08 00:00:00,8.2,151.7,15.0,,
000752,1,1987219N08155,1987,50,WP,CARY,1987-08-08 03:00:00,8.2,151.3,18.0,,
000753,1,1987219N08155,1987,50,WP,CARY,1987-08-08 06:00:00,8.1,150.9,20.0,,
000754,1,1987219N08155,1987,50,WP,CARY,1987-08-08 09:00:00,8.1,150.6,20.0,,
000755,1,1987219N08155,1987,50,WP,CARY,1987-08-08 12:00:00,8.1,150.2,20.0,,
000756,1,1987219N08155,1987,50,WP,CARY,1987-08-08 15:00:00,8.1,149.8,20.0,,
000757,1,1987219N08155,1987,50,WP,CARY,1987-08-08 18:00:00,8.0,149.5,20.0,,
000758,1,1987219N08155,1987,50,WP,CARY,1987-08-08 21:00:00,8.0,149.1,20.0,,
000759,1,1987219N08155,1987,50,WP,CARY,1987-08-09 00:00:00,8.0,148.7,20.0,,
000760,1,1987219N08155,1987,50,WP,CARY,1987-08-09 03:00:00,8.0,148.3,20.0,,
000761,1,1987219N08155,1987,50,WP,CARY,1987-08-09 06:00:00,8.1,147.9,20.0,,
000762,1,1987219N08155,1987,50,WP,CARY,1987-08-09 09:00:00,8.1,147.5,20.0,,
000763,1,1987219N08155,1987,50,WP,CARY,1987-08-09 12:00:00,8.2,147.1,20.0,,
000764,1,1987219N08155,1987,50,WP,CARY,1987-08-09 15:00:00,8.2,146.7,20.0,,
000765,1,1987219N08155,1987,50,WP,CARY,1987-08-09 18:00:00,8.3,146.3,20.0,,
000766,1,1987219N08155,1987,50,WP,CARY,1987-08-09 21:00:00,8.3,145.8,20.0,,
000767,1,1987219N08155,1987,50,WP,CARY,1987-08-10 00:00:00,8.4,145.4,20.0,,
000768,1,1987219N08155,1987,50,WP,CARY,1987-08-10 03:00:00,8.4,145.0,20.0,,
000769,1,1987219N08155,1987,50,WP,CARY,1987-08-10 06:00:00,8.5,144.5,20.0,,
000770,1,1987219N08155,1987,50,WP,CARY,1987-08-10 09:00:00,8.5,144.1,20.0,,
000771,1,1987219N08155,1987,50,WP,CARY,1987-08-10 12:00:00,8.6,143.6,20.0,,
000772,1,1987219N08155,1987,50,WP,CARY,1987-08-10 15:00:00,8.6,143.1,20.0,,
000773,1,1987219N08155,1987,50,WP,CARY,1987-08-10 18:00:00,8.7,142.5,20.0,,
000774,1,1987219N08155,1987,50,WP,CARY,1987-08-10 21:00:00,8.7,142.0,20.0,,
000775,1,1987219N08155,1987,50,WP,CARY,1987-08-11 00:00:00,8.8,141.4,20.0,,
000776,1,1987219N08155,1987,50,WP,CARY,1987-08-11 03:00:00,8.9,140.8,20.0,,
000777,1,1987219N08155,1987,50,WP,CARY,1987-08-11 06:00:00,9.0,140.3,20.0,,
000778,1,1987219N08155,1987,50,WP,CARY,1987-08-11 09:00:00,9.3,139.7,20.0,,
000779,1,1987219N08155,1987,50,WP,CARY,1987-08-11 12:00:00,9.5,139.2,20.0,,
000780,1,1987219N08155,1987,50,WP,CARY,1987-08-11 15:00:00,9.7,138.7,20.0,,
000781,1,1987219N08155,1987,50,WP,CARY,1987-08-11 18:00:00,10.0,138.1,20.0,,
000782,1,1987219N08155,1987,50,WP,CARY,1987-08-11 21:00:00,10.3,137.6,20.0,,
000783,1,1987219N08155,1987,50,WP,CARY,1987-08-12 00:00:00,10.6,137.0,20.0,,
000784,1,1987219N08155,1987,50,WP,CARY,1987-08-12 03:00:00,10.9,136.5,23.0,,
000785,1,1987219N08155,1987,50,WP,CARY,1987-08-12 06:00:00,11.3,136.1,25.0,,
000786,1,1987219N08155,1987,50,WP,CARY,1987-08-12 09:00:00,11.7,135.8,28.0,,
000787,1,1987219N08155,1987,50,WP,CARY,1987-08-12 12:00:00,12.1,135.4,30.0,,
000788,1,1987219N08155,1987,50,WP,CARY,1987-08-12 15:00:00,12.5,135.1,33.0,,
000789,1,1987219N08155,1987,50,WP,CARY,1987-08-12 18:00:00,12.9,134.9,35.0,,
000790,1,1987219N08155,1987,50,WP,CARY,1987-08-12 21:00:00,13.3,134.6,38.0,,
000791,1,1987219N08155,1987,50,WP,CARY,1987-08-13 00:00:00,13.7,134.2,40.0,,
000792,1,1987219N08155,1987,50,WP,CARY,1987-08-13 03:00:00,14.0,133.6,43.0,,
000793,1,1987219N08155,1987,50,WP,CARY,1987-08-13 06:00:00,14.3,133.1,45.0,,
000794,1,1987219N08155,1987,50,WP,CARY,1987-08-13 09:00:00,14.6,132.6,48.0,,
000795,1,1987219N08155,1987,50,WP,CARY,1987-08-13 12:00:00,14.9,132.2,50.0,,
000796,1,1987219N08155,1987,50,WP,CARY,1987-08-13 15:00:00,15.1,131.7,53.0,,
000797,1,1987219N08155,1987,50,WP,CARY,1987-08-13 18:00:00,15.3,131.2,55.0,,
000798,1,1987219N08155,1987,50,WP,CARY,1987-08-13 21:00:00,15.5,130.8,55.0,,
000799,1,1987219N08155,1987,50,WP,CARY,1987-08-14 00:00:00,15.6,130.3,55.0,,
000800,1,1987219N08155,1987,50,WP,CARY,1987-08-14 03:00:00,15.8,130.0,55.0,,
000801,1,1987219N08155,1987,50,WP,CARY,1987-08-14 06:00:00,15.9,129.6,55.0,,
000802,1,1987219N08155,1987,50,WP,CARY,1987-08-14 09:00:00,16.0,129.1,58.0,,
000803,1,1987219N08155,1987,50,WP,CARY,1987-08-14 12:00:00,16.1,128.7,60.0,,
000804,1,1987219N08155,1987,50,WP,CARY,1987-08-14 15:00:00,16.1,128.4,60.0,,
000805,1,1987219N08155,1987,50,WP,CARY,1987-08-14 18:00:00,16.1,128.1,60.0,,
000806,1,1987219N08155,1987,50,WP,CARY,1987-08-14 21:00:00,16.1,127.9,63.0,,
000807,1,1987219N08155,1987,50,WP,CARY,1987-08-15 00:00:00,16.1,127.7,65.0,,
000808,1,1987219N08155,1987,50,WP,CARY,1987-08-15 03:00:00,16.2,127.4,65.0,,
000809,1,1987219N08155,1987,50,WP,CARY,1987-08-15 06:00:00,16.3,127.2,65.0,,
000810,1,1987219N08155,1987,50,WP,CARY,1987-08-15 09:00:00,16.4,126.9,65.0,,
000811,1,1987219N08155,1987,50,WP,CARY,1987-08-15 12:00:00,16.5,126.6,65.0,,
000812,1,1987219N08155,1987,50,WP,CARY,1987-08-15 15:00:00,16.5,126.3,68.0,,
000813,1,1987219N08155,1987,50,WP,CARY,1987-08-15 18:00:00,16.6,126.2,70.0,,
000814,1,1987219N08155,1987,50,WP,CARY,1987-08-15 21:00:00,16.7,126.0,68.0,,
000815,1,1987219N08155,1987,50,WP,CARY,1987-08-16 00:00:00,16.7,125.9,65.0,,
000816,1,1987219N08155,1987,50,WP,CARY,1987-08-16 03:00:00,16.8,125.6,65.0,,
000817,1,1987219N08155,1987,50,WP,CARY,1987-08-16 06:00:00,16.9,125.3,65.0,,
000818,1,1987219N08155,1987,50,WP,CARY,1987-08-16 09:00:00,16.9,125.0,68.0,,
000819,1,1987219N08155,1987,50,WP,CARY,1987-08-16 12:00:00,16.9,124.7,70.0,,
000820,1,1987219N08155,1987,50,WP,CARY,1987-08-16 15:00:00,16.9,124.4,73.0,,
000821,1,1987219N08155,1987,50,WP,CARY,1987-08-16 18:00:00,16.8,124.2,75.0,,
000822,1,1987219N08155,1987,50,WP,CARY,1987-08-16 21:00:00,16.6,124.0,78.0,,
000823,1,1987219N08155,1987,50,WP,CARY,1987-08-17 00:00:00,16.4,123.8,80.0,,
000824,1,1987219N08155,1987,50,WP,CARY,1987-08-17 03:00:00,16.4,123.7,83.0,,
000825,1,1987219N08155,1987,50,WP,CARY,1987-08-17 06:00:00,16.3,123.5,85.0,,
000826,1,1987219N08155,1987,50,WP,CARY,1987-08-17 09:00:00,16.3,123.3,83.0,,
000827,1,1987219N08155,1987,50,WP,CARY,1987-08-17 12:00:00,16.2,123.0,80.0,,
000828,1,1987219N08155,1987,50,WP,CARY,1987-08-17 15:00:00,16.2,122.8,78.0,,
000829,1,1987219N08155,1987,50,WP,CARY,1987-08-17 18:00:00,16.2,122.5,75.0,,
000830,1,1987219N08155,1987,50,WP,CARY,1987-08-17 21:00:00,16.1,122.0,73.0,,
000831,1,1987219N08155,1987,50,WP,CARY,1987-08-18 00:00:00,16.0,121.6,70.0,,
000832,1,1987219N08155,1987,50,WP,CARY,1987-08-18 03:00:00,15.9,121.1,65.0,,
000833,1,1987219N08155,1987,50,WP,CARY,1987-08-18 06:00:00,15.7,120.6,60.0,,
000834,1,1987219N08155,1987,50,WP,CARY,1987-08-18 09:00:00,15.5,120.2,55.0,,
000835,1,1987219N08155,1987,50,WP,CARY,1987-08-18 12:00:00,15.4,119.7,50.0,,
000836,1,1987219N08155,1987,50,WP,CARY,1987-08-18 15:00:00,15.2,119.2,53.0,,
000837,1,1987219N08155,1987,50,WP,CARY,1987-08-18 18:00:00,15.2,118.7,55.0,,
000838,1,1987219N08155,1987,50,WP,CARY,1987-08-18 21:00:00,15.2,118.2,55.0,,
000839,1,1987219N08155,1987,50,WP,CARY,1987-08-19 00:00:00,15.2,117.7,55.0,,
000840,1,1987219N08155,1987,50,WP,CARY,1987-08-19 03:00:00,15.3,117.3,55.0,,
000841,1,1987219N08155,1987,50,WP,CARY,1987-08-19 06:00:00,15.4,116.9,55.0,,
000842,1,1987219N08155,1987,50,WP,CARY,1987-08-19 09:00:00,15.5,116.5,55.0,,
000843,1,1987219N08155,1987,50,WP,CARY,1987-08-19 12:00:00,15.6,116.1,55.0,,
000844,1,1987219N08155,1987,50,WP,CARY,1987-08-19 15:00:00,15.6,115.6,55.0,,
000845,1,1987219N08155,1987,50,WP,CARY,1987-08-19 18:00:00,15.7,115.1,55.0,,
000846,1,1987219N08155,1987,50,WP,CARY,1987-08-19 21:00:00,15.7,114.6,55.0,,
000847,1,1987219N08155,1987,50,WP,CARY,1987-08-20 00:00:00,15.7,114.2,55.0,,
000848,1,1987219N08155,1987,50,WP,CARY,1987-08-20 03:00:00,15.8,113.9,58.0,,
000849,1,1987219N08155,1987,50,WP,CARY,1987-08-20 06:00:00,15.8,113.5,60.0,,
000850,1,1987219N08155,1987,50,WP,CARY,1987-08-20 09:00:00,15.9,113.2,60.0,,
000851,1,1987219N08155,1987,50,WP,CARY,1987-08-20 12:00:00,15.9,112.9,60.0,,
000852,1,1987219N08155,1987,50,WP,CARY,1987-08-20 15:00:00,16.0,112.7,63.0,,
000853,1,1987219N08155,1987,50,WP,CARY,1987-08-20 18:00:00,16.1,112.4,65.0,,
000854,1,1987219N08155,1987,50,WP,CARY,1987-08-20 21:00:00,16.2,112.1,65.0,,
000855,1,1987219N08155,1987,50,WP,CARY,1987-08-21 00:00:00,16.3,111.9,65.0,,
000856,1,1987219N08155,1987,50,WP,CARY,1987-08-21 03:00:00,16.5,111.5,68.0,,
000857,1,1987219N08155,1987,50,WP,CARY,1987-08-21 06:00:00,16.7,111.2,70.0,,
000858,1,1987219N08155,1987,50,WP,CARY,1987-08-21 09:00:00,17.0,110.8,70.0,,
000859,1,1987219N08155,1987,50,WP,CARY,1987-08-21 12:00:00,17.4,110.4,70.0,,
000860,1,1987219N08155,1987,50,WP,CARY,1987-08-21 15:00:00,17.7,109.8,68.0,,
000861,1,1987219N08155,1987,50,WP,CARY,1987-08-21 18:00:00,18.1,109.2,65.0,,
000862,1,1987219N08155,1987,50,WP,CARY,1987-08-21 21:00:00,18.3,108.5,65.0,,
000863,1,1987219N08155,1987,50,WP,CARY,1987-08-22 00:00:00,18.4,107.8,65.0,,
000864,1,1987219N08155,1987,50,WP,CARY,1987-08-22 03:00:00,18.5,107.2,65.0,,
000865,1,1987219N08155,1987,50,WP,CARY,1987-08-22 06:00:00,18.5,106.7,65.0,,
000866,1,1987219N08155,1987,50,WP,CARY,1987-08-22 09:00:00,18.6,106.2,63.0,,
000867,1,1987219N08155,1987,50,WP,CARY,1987-08-22 12:00:00,18.8,105.7,60.0,,
000868,1,1987219N08155,1987,50,WP,CARY,1987-08-22 15:00:00,18.8,105.1,55.0,,
000869,1,1987219N08155,1987,50,WP,CARY,1987-08-22 18:00:00,18.9,104.6,50.0,,
000870,1,1987219N08155,1987,50,WP,CARY,1987-08-22 21:00:00,19.1,104.0,45.0,,
000871,1,1987219N08155,1987,50,WP,CARY,1987-08-23 00:00:00,19.2,103.4,40.0,,
000872,1,1987219N08155,1987,50,WP,CARY,1987-08-23 03:00:00,19.3,102.8,38.0,,
000873,1,1987219N08155,1987,50,WP,CARY,1987-08-23 06:00:00,19.4,102.1,35.0,,
000874,1,1987219N08155,1987,50,WP,CARY,1987-08-23 09:00:00,19.6,101.5,33.0,,
000875,1,1987219N08155,1987,50,WP,CARY,1987-08-23 12:00:00,19.7,100.9,30.0,,
000876,1,1987219N08155,1987,50,WP,CARY,1987-08-23 15:00:00,19.9,100.3,28.0,,
000877,1,1987219N08155,1987,50,NI,CARY,1987-08-23 18:00:00,20.2,99.8,25.0,,
000878,1,1987219N08155,1987,50,NI,CARY,1987-08-23 21:00:00,20.4,99.4,25.0,,
000879,1,1987219N08155,1987,50,NI,CARY,1987-08-24 00:00:00,20.7,98.9,25.0,,
000880,1,1987219N08155,1987,50,NI,CARY,1987-08-24 03:00:00,21.0,98.4,23.0,,
000881,1,1987219N08155,1987,50,NI,CARY,1987-08-24 06:00:00,21.4,97.9,20.0,,
000882,1,1987219N08155,1987,50,NI,CARY,1987-08-24 09:00:00,21.8,97.4,20.0,,
000883,1,1987219N08155,1987,50,NI,CARY,1987-08-24 12:00:00,22.2,96.9,20.0,,
000884,1,1989305N07105,1989,118,WP,GAY,1989-10-31 12:00:00,7.2,105.2,,,
000885,1,1989305N07105,1989,118,WP,GAY,1989-10-31 15:00:00,7.4,105.0,,,
000886,1,1989305N07105,1989,118,WP,GAY,1989-10-31 18:00:00,7.5,104.8,,,
000887,1,1989305N07105,1989,118,WP,GAY,1989-10-31 21:00:00,7.5,104.6,,,
000888,1,1989305N07105,1989,118,WP,GAY,1989-11-01 00:00:00,7.4,104.0,25.0,,
000889,1,1989305N07105,1989,118,WP,GAY,1989-11-01 03:00:00,7.5,103.5,25.0,,
000890,1,1989305N07105,1989,118,WP,GAY,1989-11-01 06:00:00,7.7,103.2,25.0,,
000891,1,1989305N07105,1989,118,WP,GAY,1989-11-01 09:00:00,7.8,102.9,25.0,,
000892,1,1989305N07105,1989,118,WP,GAY,1989-11-01 12:00:00,7.8,102.7,25.0,,
000893,1,1989305N07105,1989,118,WP,GAY,1989-11-01 15:00:00,7.9,102.6,28.0,,
000894,1,1989305N07105,1989,118,WP,GAY,1989-11-01 18:00:00,8.0,102.5,30.0,,
000895,1,1989305N07105,1989,118,WP,GAY,1989-11-01 21:00:00,8.1,102.4,33.0,,
000896,1,1989305N07105,1989,118,WP,GAY,1989-11-02 00:00:00,8.2,102.3,35.0,,
000897,1,1989305N07105,1989,118,WP,GAY,1989-11-02 03:00:00,8.2,102.2,35.0,,
000898,1,1989305N07105,1989,118,WP,GAY,1989-11-02 06:00:00,8.4,102.1,35.0,,
000899,1,1989305N07105,1989,118,WP,GAY,1989-11-02 09:00:00,8.5,102.0,35.0,,
000900,1,1989305N07105,1989,118,WP,GAY,1989-11-02 12:00:00,8.7,101.9,35.0,,
000901,1,1989305N07105,1989,118,WP,GAY,1989-11-02 15:00:00,8.8,101.8,40.0,,
000902,1,1989305N07105,1989,118,WP,GAY,1989-11-02 18:00:00,9.0,101.7,45.0,,
000903,1,1989305N07105,1989,118,WP,GAY,1989-11-02 21:00:00,9.1,101.6,55.0,,
000904,1,1989305N07105,1989,118,WP,GAY,1989-11-03 00:00:00,9.3,101.5,65.0,,
000905,1,1989305N07105,1989,118,WP,GAY,1989-11-03 03:00:00,9.5,101.4,70.0,,
000906,1,1989305N07105,1989,118,WP,GAY,1989-11-03 06:00:00,9.8,101.2,75.0,,
000907,1,1989305N07105,1989,118,WP,GAY,1989-11-03 09:00:00,10.0,101.0,83.0,,
000908,1,1989305N07105,1989,118,WP,GAY,1989-11-03 12:00:00,10.1,100.8,90.0,,
000909,1,1989305N07105,1989,118,WP,GAY,1989-11-03 15:00:00,10.3,100.6,93.0,,
000910,1,1989305N07105,1989,118,WP,GAY,1989-11-03 18:00:00,10.4,100.4,95.0,,
000911,1,1989305N07105,1989,118,WP,GAY,1989-11-03 21:00:00,10.5,100.1,98.0,,
000912,1,1989305N07105,1989,118,NI,GAY,1989-11-04 00:00:00,10.6,99.8,100.0,,
000913,1,1989305N07105,1989,118,NI,GAY,1989-11-04 03:00:00,10.7,99.5,100.0,,
000914,1,1989305N07105,1989,118,NI,GAY,1989-11-04 06:00:00,10.8,99.1,100.0,,
000915,1,1989305N07105,1989,118,NI,GAY,1989-11-04 09:00:00,11.0,98.6,83.0,,
000916,1,1989305N07105,1989,118,NI,GAY,1989-11-04 12:00:00,11.1,98.2,65.0,,
000917,1,1989305N07105,1989,118,NI,GAY,1989-11-04 15:00:00,11.2,97.8,70.0,,
000918,1,1989305N07105,1989,118,NI,GAY,1989-11-04 18:00:00,11.2,97.4,75.0,,
000919,1,1989305N07105,1989,118,NI,GAY,1989-11-04 21:00:00,11.3,97.0,80.0,,
000920,1,1989305N07105,1989,118,NI,GAY,1989-11-05 00:00:00,11.4,96.6,85.0,,
000921,1,1989305N07105,1989,118,NI,GAY,1989-11-05 03:00:00,11.5,96.2,88.0,,
000922,1,1989305N07105,1989,118,NI,GAY,1989-11-05 06:00:00,11.7,95.7,90.0,,
000923,1,1989305N07105,1989,118,NI,GAY,1989-11-05 09:00:00,11.9,95.2,93.0,,
000924,1,1989305N07105,1989,118,NI,GAY,1989-11-05 12:00:00,12.1,94.7,95.0,,
000925,1,1989305N07105,1989,118,NI,GAY,1989-11-05 15:00:00,12.2,94.1,95.0,,
000926,1,1989305N07105,1989,118,NI,GAY,1989-11-05 18:00:00,12.3,93.6,95.0,,
000927,1,1989305N07105,1989,118,NI,GAY,1989-11-05 21:00:00,12.4,93.1,95.0,,
000928,1,1989305N07105,1989,118,NI,GAY,1989-11-06 00:00:00,12.5,92.5,95.0,,
000929,1,1989305N07105,1989,118,NI,GAY,1989-11-06 03:00:00,12.7,91.9,95.0,,
000930,1,1989305N07105,1989,118,NI,GAY,1989-11-06 06:00:00,13.0,91.3,95.0,,
000931,1,1989305N07105,1989,118,NI,GAY,1989-11-06 09:00:00,13.2,90.7,95.0,,
000932,1,1989305N07105,1989,118,NI,GAY,1989-11-06 12:00:00,13.4,90.2,95.0,,
000933,1,1989305N07105,1989,118,NI,GAY,1989-11-06 15:00:00,13.5,89.6,95.0,,
000934,1,1989305N07105,1989,118,NI,GAY,1989-11-06 18:00:00,13.7,89.1,95.0,,
000935,1,1989305N07105,1989,118,NI,GAY,1989-11-06 21:00:00,13.8,88.6,98.0,,
000936,1,1989305N07105,1989,118,NI,GAY,1989-11-07 00:00:00,13.9,88.1,100.0,,
000937,1,1989305N07105,1989,118,NI,GAY,1989-11-07 03:00:00,14.1,87.6,103.0,,
000938,1,1989305N07105,1989,118,NI,GAY,1989-11-07 06:00:00,14.2,87.1,105.0,,
000939,1,1989305N07105,1989,118,NI,GAY,1989-11-07 09:00:00,14.4,86.6,108.0,,
000940,1,1989305N07105,1989,118,NI,GAY,1989-11-07 12:00:00,14.5,86.1,110.0,,
000941,1,1989305N07105,1989,118,NI,GAY,1989-11-07 15:00:00,14.5,85.5,113.0,,
000942,1,1989305N07105,1989,118,NI,GAY,1989-11-07 18:00:00,14.6,85.0,115.0,,
000943,1,1989305N07105,1989,118,NI,GAY,1989-11-07 21:00:00,14.6,84.4,118.0,,
000944,1,1989305N07105,1989,118,NI,GAY,1989-11-08 00:00:00,14.6,83.8,120.0,,
000945,1,1989305N07105,1989,118,NI,GAY,1989-11-08 03:00:00,14.6,83.2,125.0,,
000946,1,1989305N07105,1989,118,NI,GAY,1989-11-08 06:00:00,14.6,82.6,130.0,,
000947,1,1989305N07105,1989,118,NI,GAY,1989-11-08 09:00:00,14.6,82.0,133.0,,
000948,1,1989305N07105,1989,118,NI,GAY,1989-11-08 12:00:00,14.7,81.4,135.0,,
000949,1,1989305N07105,1989,118,NI,GAY,1989-11-08 15:00:00,14.8,80.9,138.0,,
000950,1,1989305N07105,1989,118,NI,GAY,1989-11-08 18:00:00,14.8,80.3,140.0,,
000951,1,1989305N07105,1989,118,NI,GAY,1989-11-08 21:00:00,14.9,79.7,115.0,,
000952,1,1989305N07105,1989,118,NI,GAY,1989-11-09 00:00:00,15.1,79.1,90.0,,
000953,1,1989305N07105,1989,118,NI,GAY,1989-11-09 03:00:00,15.2,78.5,68.0,,
000954,1,1989305N07105,1989,118,NI,GAY,1989-11-09 06:00:00,15.3,77.8,45.0,,
000955,1,1989305N07105,1989,118,NI,GAY,1989-11-09 09:00:00,15.5,77.1,40.0,,
000956,1,1989305N07105,1989,118,NI,GAY,1989-11-09 12:00:00,15.8,76.5,35.0,,
000957,1,1989305N07105,1989,118,NI,GAY,1989-11-09 15:00:00,16.2,76.0,30.0,,
000958,1,1989305N07105,1989,118,NI,GAY,1989-11-09 18:00:00,16.7,75.5,25.0,,
000959,1,1989305N07105,1989,118,NI,GAY,1989-11-09 21:00:00,17.2,75.0,23.0,,
000960,1,1989305N07105,1989,118,NI,GAY,1989-11-10 00:00:00,17.6,74.6,20.0,,
000961,1,1989305N07105,1989,118,NI,GAY,1989-11-10 03:00:00,17.9,74.3,18.0,,
000962,1,1989305N07105,1989,118,NI,GAY,1989-11-10 06:00:00,18.1,74.0,15.0,,
000963,1,1990272N11121,1990,92,WP,IRA,1990-09-29 06:00:00,10.9,120.5,10.0,,
000964,1,1990272N11121,1990,92,WP,IRA,1990-09-29 09:00:00,11.0,120.3,10.0,,
000965,1,1990272N11121,1990,92,WP,IRA,1990-09-29 12:00:00,11.0,120.0,10.0,,
000966,1,1990272N11121,1990,92,WP,IRA,1990-09-29 15:00:00,11.0,119.7,13.0,,
000967,1,1990272N11121,1990,92,WP,IRA,1990-09-29 18:00:00,11.1,119.4,15.0,,
000968,1,1990272N11121,1990,92,WP,IRA,1990-09-29 21:00:00,11.1,119.1,15.0,,
000969,1,1990272N11121,1990,92,WP,IRA,1990-09-30 00:00:00,11.2,118.7,15.0,,
000970,1,1990272N11121,1990,92,WP,IRA,1990-09-30 03:00:00,11.3,118.3,18.0,,
000971,1,1990272N11121,1990,92,WP,IRA,1990-09-30 06:00:00,11.4,118.0,20.0,,
000972,1,1990272N11121,1990,92,WP,IRA,1990-09-30 09:00:00,11.6,117.7,20.0,,
000973,1,1990272N11121,1990,92,WP,IRA,1990-09-30 12:00:00,11.8,117.5,20.0,,
000974,1,1990272N11121,1990,92,WP,IRA,1990-09-30 15:00:00,12.0,117.2,20.0,,
000975,1,1990272N11121,1990,92,WP,IRA,1990-09-30 18:00:00,12.1,116.8,20.0,,
000976,1,1990272N11121,1990,92,WP,IRA,1990-09-30 21:00:00,12.2,116.4,23.0,,
000977,1,1990272N11121,1990,92,WP,IRA,1990-10-01 00:00:00,12.4,116.1,25.0,,
000978,1,1990272N11121,1990,92,WP,IRA,1990-10-01 03:00:00,12.6,115.8,25.0,,
000979,1,1990272N11121,1990,92,WP,IRA,1990-10-01 06:00:00,12.8,115.5,25.0,,
000980,1,1990272N11121,1990,92,WP,IRA,1990-10-01 09:00:00,13.0,115.2,25.0,,
000981,1,1990272N11121,1990,92,WP,IRA,1990-10-01 12:00:00,13.1,114.8,25.0,,
000982,1,1990272N11121,1990,92,WP,IRA,1990-10-01 15:00:00,13.2,114.5,25.0,,
000983,1,1990272N11121,1990,92,WP,IRA,1990-10-01 18:00:00,13.1,114.3,25.0,,
000984,1,1990272N11121,1990,92,WP,IRA,1990-10-01 21:00:00,13.0,114.0,28.0,,
000985,1,1990272N11121,1990,92,WP,IRA,1990-10-02 00:00:00,13.2,113.6,30.0,,
000986,1,1990272N11121,1990,92,WP,IRA,1990-10-02 03:00:00,13.3,113.2,30.0,,
000987,1,1990272N11121,1990,92,WP,IRA,1990-10-02 06:00:00,13.4,112.8,30.0,,
000988,1,1990272N11121,1990,92,WP,IRA,1990-10-02 09:00:00,13.4,112.4,33.0,,
000989,1,1990272N11121,1990,92,WP,IRA,1990-10-02 12:00:00,13.3,112.0,35.0,,
000990,1,1990272N11121,1990,92,WP,IRA,1990-10-02 15:00:00,13.3,111.5,35.0,,
000991,1,1990272N11121,1990,92,WP,IRA,1990-10-02 18:00:00,13.4,110.9,35.0,,
000992,1,1990272N11121,1990,92,WP,IRA,1990-10-02 21:00:00,13.5,110.3,35.0,,
000993,1,1990272N11121,1990,92,WP,IRA,1990-10-03 00:00:00,13.6,109.7,35.0,,
000994,1,1990272N11121,1990,92,WP,IRA,1990-10-03 03:00:00,13.6,109.0,33.0,,
000995,1,1990272N11121,1990,92,WP,IRA,1990-10-03 06:00:00,13.8,108.3,30.0,,
000996,1,1990272N11121,1990,92,WP,IRA,1990-10-03 09:00:00,13.8,107.5,30.0,,
000997,1,1990272N11121,1990,92,WP,IRA,1990-10-03 12:00:00,14.0,106.8,30.0,,
000998,1,1990272N11121,1990,92,WP,IRA,1990-10-03 15:00:00,14.1,106.0,28.0,,
000999,1,1990272N11121,1990,92,WP,IRA,1990-10-03 18:00:00,14.2,105.3,25.0,,
001000,1,1990272N11121,1990,92,WP,IRA,1990-10-03 21:00:00,14.2,104.8,25.0,,
001001,1,1990272N11121,1990,92,WP,IRA,1990-10-04 00:00:00,14.3,104.2,25.0,,
001002,1,1990272N11121,1990,92,WP,IRA,1990-10-04 03:00:00,14.4,103.6,25.0,,
001003,1,1990272N11121,1990,92,WP,IRA,1990-10-04 06:00:00,14.5,103.0,25.0,,
001004,1,1990272N11121,1990,92,WP,IRA,1990-10-04 09:00:00,14.6,102.6,25.0,,
001005,1,1990272N11121,1990,92,WP,IRA,1990-10-04 12:00:00,14.7,102.2,25.0,,
001006,1,1990272N11121,1990,92,WP,IRA,1990-10-04 15:00:00,14.8,101.9,25.0,,
001007,1,1990272N11121,1990,92,WP,IRA,1990-10-04 18:00:00,14.9,101.6,25.0,,
001008,1,1990272N11121,1990,92,WP,IRA,1990-10-04 21:00:00,15.0,101.3,25.0,,
001009,1,1990272N11121,1990,92,WP,IRA,1990-10-05 00:00:00,15.0,101.0,25.0,,
001010,1,1990272N11121,1990,92,WP,IRA,1990-10-05 03:00:00,15.0,100.7,25.0,,
001011,1,1990272N11121,1990,92,WP,IRA,1990-10-05 06:00:00,15.1,100.4,25.0,,
001012,1,1990272N11121,1990,92,WP,IRA,1990-10-05 09:00:00,15.2,100.1,23.0,,
001013,1,1990272N11121,1990,92,NI,IRA,1990-10-05 12:00:00,15.2,99.9,20.0,,
001014,1,1992188N07156,1992,43,WP,ELI,1992-07-05 18:00:00,7.2,155.9,15.0,,
001015,1,1992188N07156,1992,43,WP,ELI,1992-07-05 21:00:00,7.4,155.2,15.0,,
001016,1,1992188N07156,1992,43,WP,ELI,1992-07-06 00:00:00,7.6,154.5,15.0,,
001017,1,1992188N07156,1992,43,WP,ELI,1992-07-06 03:00:00,7.8,153.8,15.0,,
001018,1,1992188N07156,1992,43,WP,ELI,1992-07-06 06:00:00,7.9,153.1,15.0,,
001019,1,1992188N07156,1992,43,WP,ELI,1992-07-06 09:00:00,8.0,152.4,15.0,,
001020,1,1992188N07156,1992,43,WP,ELI,1992-07-06 12:00:00,8.2,151.7,15.0,,
001021,1,1992188N07156,1992,43,WP,ELI,1992-07-06 15:00:00,8.4,151.0,15.0,,
001022,1,1992188N07156,1992,43,WP,ELI,1992-07-06 18:00:00,8.6,150.4,15.0,,
001023,1,1992188N07156,1992,43,WP,ELI,1992-07-06 21:00:00,8.8,149.7,18.0,,
001024,1,1992188N07156,1992,43,WP,ELI,1992-07-07 00:00:00,9.0,149.1,20.0,,
001025,1,1992188N07156,1992,43,WP,ELI,1992-07-07 03:00:00,9.2,148.5,20.0,,
001026,1,1992188N07156,1992,43,WP,ELI,1992-07-07 06:00:00,9.4,147.9,20.0,,
001027,1,1992188N07156,1992,43,WP,ELI,1992-07-07 09:00:00,9.6,147.3,20.0,,
001028,1,1992188N07156,1992,43,WP,ELI,1992-07-07 12:00:00,9.8,146.6,20.0,,
001029,1,1992188N07156,1992,43,WP,ELI,1992-07-07 15:00:00,10.0,145.9,20.0,,
001030,1,1992188N07156,1992,43,WP,ELI,1992-07-07 18:00:00,10.3,145.3,20.0,,
001031,1,1992188N07156,1992,43,WP,ELI,1992-07-07 21:00:00,10.6,144.7,20.0,,
001032,1,1992188N07156,1992,43,WP,ELI,1992-07-08 00:00:00,11.0,144.0,20.0,,
001033,1,1992188N07156,1992,43,WP,ELI,1992-07-08 03:00:00,11.3,143.1,20.0,,
001034,1,1992188N07156,1992,43,WP,ELI,1992-07-08 06:00:00,11.7,142.1,20.0,,
001035,1,1992188N07156,1992,43,WP,ELI,1992-07-08 09:00:00,12.0,141.2,20.0,,
001036,1,1992188N07156,1992,43,WP,ELI,1992-07-08 12:00:00,12.4,140.4,20.0,,
001037,1,1992188N07156,1992,43,WP,ELI,1992-07-08 15:00:00,12.6,139.6,20.0,,
001038,1,1992188N07156,1992,43,WP,ELI,1992-07-08 18:00:00,12.8,138.7,20.0,,
001039,1,1992188N07156,1992,43,WP,ELI,1992-07-08 21:00:00,13.0,137.8,23.0,,
001040,1,1992188N07156,1992,43,WP,ELI,1992-07-09 00:00:00,13.2,137.0,25.0,,
001041,1,1992188N07156,1992,43,WP,ELI,1992-07-09 03:00:00,13.3,136.2,28.0,,
001042,1,1992188N07156,1992,43,WP,ELI,1992-07-09 06:00:00,13.4,135.3,30.0,,
001043,1,1992188N07156,1992,43,WP,ELI,1992-07-09 09:00:00,13.4,134.3,30.0,,
001044,1,1992188N07156,1992,43,WP,ELI,1992-07-09 12:00:00,13.4,133.3,30.0,,
001045,1,1992188N07156,1992,43,WP,ELI,1992-07-09 15:00:00,13.5,132.5,33.0,,
001046,1,1992188N07156,1992,43,WP,ELI,1992-07-09 18:00:00,13.7,131.7,35.0,,
001047,1,1992188N07156,1992,43,WP,ELI,1992-07-09 21:00:00,13.9,130.8,40.0,,
001048,1,1992188N07156,1992,43,WP,ELI,1992-07-10 00:00:00,14.1,129.9,45.0,,
001049,1,1992188N07156,1992,43,WP,ELI,1992-07-10 03:00:00,14.4,129.0,50.0,,
001050,1,1992188N07156,1992,43,WP,ELI,1992-07-10 06:00:00,14.7,128.2,55.0,,
001051,1,1992188N07156,1992,43,WP,ELI,1992-07-10 09:00:00,14.9,127.3,58.0,,
001052,1,1992188N07156,1992,43,WP,ELI,1992-07-10 12:00:00,15.1,126.5,60.0,,
001053,1,1992188N07156,1992,43,WP,ELI,1992-07-10 15:00:00,15.3,125.5,63.0,,
001054,1,1992188N07156,1992,43,WP,ELI,1992-07-10 18:00:00,15.4,124.5,65.0,,
001055,1,1992188N07156,1992,43,WP,ELI,1992-07-10 21:00:00,15.5,123.4,70.0,,
001056,1,1992188N07156,1992,43,WP,ELI,1992-07-11 00:00:00,15.7,122.3,75.0,,
001057,1,1992188N07156,1992,43,WP,ELI,1992-07-11 03:00:00,15.9,121.4,70.0,,
001058,1,1992188N07156,1992,43,WP,ELI,1992-07-11 06:00:00,16.2,120.5,65.0,,
001059,1,1992188N07156,1992,43,WP,ELI,1992-07-11 09:00:00,16.5,119.5,65.0,,
001060,1,1992188N07156,1992,43,WP,ELI,1992-07-11 12:00:00,16.8,118.7,65.0,,
001061,1,1992188N07156,1992,43,WP,ELI,1992-07-11 15:00:00,16.9,117.8,65.0,,
001062,1,1992188N07156,1992,43,WP,ELI,1992-07-11 18:00:00,17.0,117.0,65.0,,
001063,1,1992188N07156,1992,43,WP,ELI,1992-07-11 21:00:00,17.0,116.2,65.0,,
001064,1,1992188N07156,1992,43,WP,ELI,1992-07-12 00:00:00,17.0,115.6,65.0,,
001065,1,1992188N07156,1992,43,WP,ELI,1992-07-12 03:00:00,17.1,114.9,65.0,,
001066,1,1992188N07156,1992,43,WP,ELI,1992-07-12 06:00:00,17.3,114.3,65.0,,
001067,1,1992188N07156,1992,43,WP,ELI,1992-07-12 09:00:00,17.5,113.7,68.0,,
001068,1,1992188N07156,1992,43,WP,ELI,1992-07-12 12:00:00,17.7,113.2,70.0,,
001069,1,1992188N07156,1992,43,WP,ELI,1992-07-12 15:00:00,18.0,112.6,70.0,,
001070,1,1992188N07156,1992,43,WP,ELI,1992-07-12 18:00:00,18.3,112.0,70.0,,
001071,1,1992188N07156,1992,43,WP,ELI,1992-07-12 21:00:00,18.7,111.3,70.0,,
001072,1,1992188N07156,1992,43,WP,ELI,1992-07-13 00:00:00,19.2,110.6,70.0,,
001073,1,1992188N07156,1992,43,WP,ELI,1992-07-13 03:00:00,19.5,110.0,63.0,,
001074,1,1992188N07156,1992,43,WP,ELI,1992-07-13 06:00:00,19.9,109.3,55.0,,
001075,1,1992188N07156,1992,43,WP,ELI,1992-07-13 09:00:00,20.1,108.7,58.0,,
001076,1,1992188N07156,1992,43,WP,ELI,1992-07-13 12:00:00,20.4,108.0,60.0,,
001077,1,1992188N07156,1992,43,WP,ELI,1992-07-13 15:00:00,20.6,107.4,58.0,,
001078,1,1992188N07156,1992,43,WP,ELI,1992-07-13 18:00:00,20.7,106.7,55.0,,
001079,1,1992188N07156,1992,43,WP,ELI,1992-07-13 21:00:00,20.9,106.0,48.0,,
001080,1,1992188N07156,1992,43,WP,ELI,1992-07-14 00:00:00,21.0,105.2,40.0,,
001081,1,1992188N07156,1992,43,WP,ELI,1992-07-14 03:00:00,20.9,104.0,,,
001082,1,1992188N07156,1992,43,WP,ELI,1992-07-14 06:00:00,21.0,103.0,,,
001083,1,1992188N07156,1992,43,WP,ELI,1992-07-14 09:00:00,21.0,102.2,,,
001084,1,1992188N07156,1992,43,WP,ELI,1992-07-14 12:00:00,21.0,101.5,,,
001085,1,1992188N07156,1992,43,WP,ELI,1992-07-14 15:00:00,21.2,100.6,,,
001086,1,1992188N07156,1992,43,NI,ELI,1992-07-14 18:00:00,21.5,99.5,,,
001087,1,1992198N13135,1992,48,WP,GARY,1992-07-16 00:00:00,12.6,135.4,15.0,,
001088,1,1992198N13135,1992,48,WP,GARY,1992-07-16 03:00:00,12.5,135.1,15.0,,
001089,1,1992198N13135,1992,48,WP,GARY,1992-07-16 06:00:00,12.3,134.8,15.0,,
001090,1,1992198N13135,1992,48,WP,GARY,1992-07-16 09:00:00,12.1,134.5,15.0,,
001091,1,1992198N13135,1992,48,WP,GARY,1992-07-16 12:00:00,11.9,134.1,15.0,,
001092,1,1992198N13135,1992,48,WP,GARY,1992-07-16 15:00:00,11.8,133.7,15.0,,
001093,1,1992198N13135,1992,48,WP,GARY,1992-07-16 18:00:00,11.7,133.2,15.0,,
001094,1,1992198N13135,1992,48,WP,GARY,1992-07-16 21:00:00,11.7,132.8,18.0,,
001095,1,1992198N13135,1992,48,WP,GARY,1992-07-17 00:00:00,11.7,132.3,20.0,,
001096,1,1992198N13135,1992,48,WP,GARY,1992-07-17 03:00:00,11.8,131.8,20.0,,
001097,1,1992198N13135,1992,48,WP,GARY,1992-07-17 06:00:00,12.7,131.1,20.0,,
001098,1,1992198N13135,1992,48,WP,GARY,1992-07-17 09:00:00,13.2,130.6,20.0,,
001099,1,1992198N13135,1992,48,WP,GARY,1992-07-17 12:00:00,13.4,130.1,20.0,,
001100,1,1992198N13135,1992,48,WP,GARY,1992-07-17 15:00:00,13.7,129.6,20.0,,
001101,1,1992198N13135,1992,48,WP,GARY,1992-07-17 18:00:00,13.8,129.2,20.0,,
001102,1,1992198N13135,1992,48,WP,GARY,1992-07-17 21:00:00,14.1,128.8,20.0,,
001103,1,1992198N13135,1992,48,WP,GARY,1992-07-18 00:00:00,14.3,128.3,20.0,,
001104,1,1992198N13135,1992,48,WP,GARY,1992-07-18 03:00:00,14.4,127.8,20.0,,
001105,1,1992198N13135,1992,48,WP,GARY,1992-07-18 06:00:00,14.5,127.2,20.0,,
001106,1,1992198N13135,1992,48,WP,GARY,1992-07-18 09:00:00,14.6,126.7,20.0,,
001107,1,1992198N13135,1992,48,WP,GARY,1992-07-18 12:00:00,14.7,126.2,20.0,,
001108,1,1992198N13135,1992,48,WP,GARY,1992-07-18 15:00:00,14.8,125.7,20.0,,
001109,1,1992198N13135,1992,48,WP,GARY,1992-07-18 18:00:00,14.9,125.3,20.0,,
001110,1,1992198N13135,1992,48,WP,GARY,1992-07-18 21:00:00,15.0,124.9,23.0,,
001111,1,1992198N13135,1992,48,WP,GARY,1992-07-19 00:00:00,15.1,124.9,25.0,,
001112,1,1992198N13135,1992,48,WP,GARY,1992-07-19 03:00:00,15.3,124.9,25.0,,
001113,1,1992198N13135,1992,48,WP,GARY,1992-07-19 06:00:00,15.4,124.7,25.0,,
001114,1,1992198N13135,1992,48,WP,GARY,1992-07-19 09:00:00,15.6,124.4,25.0,,
001115,1,1992198N13135,1992,48,WP,GARY,1992-07-19 12:00:00,15.7,124.0,25.0,,
001116,1,1992198N13135,1992,48,WP,GARY,1992-07-19 15:00:00,15.9,123.5,28.0,,
001117,1,1992198N13135,1992,48,WP,GARY,1992-07-19 18:00:00,16.2,123.1,30.0,,
001118,1,1992198N13135,1992,48,WP,GARY,1992-07-19 21:00:00,16.3,122.7,28.0,,
001119,1,1992198N13135,1992,48,WP,GARY,1992-07-20 00:00:00,16.6,122.2,25.0,,
001120,1,1992198N13135,1992,48,WP,GARY,1992-07-20 03:00:00,16.8,121.8,25.0,,
001121,1,1992198N13135,1992,48,WP,GARY,1992-07-20 06:00:00,17.1,121.3,25.0,,
001122,1,1992198N13135,1992,48,WP,GARY,1992-07-20 09:00:00,17.3,120.7,28.0,,
001123,1,1992198N13135,1992,48,WP,GARY,1992-07-20 12:00:00,17.4,120.1,30.0,,
001124,1,1992198N13135,1992,48,WP,GARY,1992-07-20 15:00:00,17.5,119.5,33.0,,
001125,1,1992198N13135,1992,48,WP,GARY,1992-07-20 18:00:00,17.6,118.9,35.0,,
001126,1,1992198N13135,1992,48,WP,GARY,1992-07-20 21:00:00,17.7,118.1,35.0,,
001127,1,1992198N13135,1992,48,WP,GARY,1992-07-21 00:00:00,17.9,117.4,35.0,,
001128,1,1992198N13135,1992,48,WP,GARY,1992-07-21 03:00:00,18.1,116.9,38.0,,
001129,1,1992198N13135,1992,48,WP,GARY,1992-07-21 06:00:00,18.4,116.4,40.0,,
001130,1,1992198N13135,1992,48,WP,GARY,1992-07-21 09:00:00,18.7,116.0,40.0,,
001131,1,1992198N13135,1992,48,WP,GARY,1992-07-21 12:00:00,19.0,115.6,40.0,,
001132,1,1992198N13135,1992,48,WP,GARY,1992-07-21 15:00:00,19.3,115.1,43.0,,
001133,1,1992198N13135,1992,48,WP,GARY,1992-07-21 18:00:00,19.5,114.7,45.0,,
001134,1,1992198N13135,1992,48,WP,GARY,1992-07-21 21:00:00,19.6,114.1,48.0,,
001135,1,1992198N13135,1992,48,WP,GARY,1992-07-22 00:00:00,19.8,113.6,50.0,,
001136,1,1992198N13135,1992,48,WP,GARY,1992-07-22 03:00:00,19.9,113.0,55.0,,
001137,1,1992198N13135,1992,48,WP,GARY,1992-07-22 06:00:00,20.0,112.5,60.0,,
001138,1,1992198N13135,1992,48,WP,GARY,1992-07-22 09:00:00,20.2,111.9,63.0,,
001139,1,1992198N13135,1992,48,WP,GARY,1992-07-22 12:00:00,20.4,111.4,65.0,,
001140,1,1992198N13135,1992,48,WP,GARY,1992-07-22 15:00:00,20.7,110.8,65.0,,
001141,1,1992198N13135,1992,48,WP,GARY,1992-07-22 18:00:00,21.1,110.4,65.0,,
001142,1,1992198N13135,1992,48,WP,GARY,1992-07-22 21:00:00,21.4,109.8,58.0,,
001143,1,1992198N13135,1992,48,WP,GARY,1992-07-23 00:00:00,21.7,109.3,50.0,,
001144,1,1992198N13135,1992,48,WP,GARY,1992-07-23 03:00:00,22.1,108.6,43.0,,
001145,1,1992198N13135,1992,48,WP,GARY,1992-07-23 06:00:00,22.4,108.0,35.0,,
001146,1,1992198N13135,1992,48,WP,GARY,1992-07-23 09:00:00,22.5,107.3,33.0,,
001147,1,1992198N13135,1992,48,WP,GARY,1992-07-23 12:00:00,22.6,106.6,30.0,,
001148,1,1992198N13135,1992,48,WP,GARY,1992-07-23 15:00:00,22.6,105.9,28.0,,
001149,1,1992198N13135,1992,48,WP,GARY,1992-07-23 18:00:00,22.7,105.2,25.0,,
001150,1,1992198N13135,1992,48,WP,GARY,1992-07-23 21:00:00,22.7,104.6,23.0,,
001151,1,1992198N13135,1992,48,WP,GARY,1992-07-24 00:00:00,22.6,103.8,20.0,,
001152,1,1992198N13135,1992,48,WP,GARY,1992-07-24 03:00:00,22.2,102.9,,,
001153,1,1992198N13135,1992,48,WP,GARY,1992-07-24 06:00:00,22.2,102.2,,,
001154,1,1992198N13135,1992,48,WP,GARY,1992-07-24 09:00:00,22.1,101.5,,,
001155,1,1992198N13135,1992,48,WP,GARY,1992-07-24 12:00:00,22.0,100.8,,,
001156,1,1992198N13135,1992,48,WP,GARY,1992-07-24 15:00:00,22.0,100.1,,,
001157,1,1992198N13135,1992,48,NI,GARY,1992-07-24 18:00:00,22.0,99.5,,,
001158,1,1992314N08141,1992,112,WP,FORREST,1992-11-08 12:00:00,7.9,140.7,15.0,,
001159,1,1992314N08141,1992,112,WP,FORREST,1992-11-08 15:00:00,8.0,139.9,15.0,,
001160,1,1992314N08141,1992,112,WP,FORREST,1992-11-08 18:00:00,8.2,139.2,15.0,,
001161,1,1992314N08141,1992,112,WP,FORREST,1992-11-08 21:00:00,8.4,138.5,15.0,,
001162,1,1992314N08141,1992,112,WP,FORREST,1992-11-09 00:00:00,8.6,137.7,15.0,,
001163,1,1992314N08141,1992,112,WP,FORREST,1992-11-09 03:00:00,8.8,136.9,18.0,,
001164,1,1992314N08141,1992,112,WP,FORREST,1992-11-09 06:00:00,8.9,136.1,20.0,,
001165,1,1992314N08141,1992,112,WP,FORREST,1992-11-09 09:00:00,9.0,135.4,20.0,,
001166,1,1992314N08141,1992,112,WP,FORREST,1992-11-09 12:00:00,9.1,134.6,20.0,,
001167,1,1992314N08141,1992,112,WP,FORREST,1992-11-09 15:00:00,9.2,133.7,20.0,,
001168,1,1992314N08141,1992,112,WP,FORREST,1992-11-09 18:00:00,9.3,132.8,20.0,,
001169,1,1992314N08141,1992,112,WP,FORREST,1992-11-09 21:00:00,9.4,132.0,20.0,,
001170,1,1992314N08141,1992,112,WP,FORREST,1992-11-10 00:00:00,9.5,131.3,20.0,,
001171,1,1992314N08141,1992,112,WP,FORREST,1992-11-10 03:00:00,9.5,130.5,23.0,,
001172,1,1992314N08141,1992,112,WP,FORREST,1992-11-10 06:00:00,9.4,129.7,25.0,,
001173,1,1992314N08141,1992,112,WP,FORREST,1992-11-10 09:00:00,9.4,128.8,25.0,,
001174,1,1992314N08141,1992,112,WP,FORREST,1992-11-10 12:00:00,9.4,128.0,25.0,,
001175,1,1992314N08141,1992,112,WP,FORREST,1992-11-10 15:00:00,9.4,127.2,25.0,,
001176,1,1992314N08141,1992,112,WP,FORREST,1992-11-10 18:00:00,9.4,126.5,25.0,,
001177,1,1992314N08141,1992,112,WP,FORREST,1992-11-10 21:00:00,9.4,125.8,25.0,,
001178,1,1992314N08141,1992,112,WP,FORREST,1992-11-11 00:00:00,9.5,125.1,25.0,,
001179,1,1992314N08141,1992,112,WP,FORREST,1992-11-11 03:00:00,9.6,124.4,25.0,,
001180,1,1992314N08141,1992,112,WP,FORREST,1992-11-11 06:00:00,9.7,123.7,25.0,,
001181,1,1992314N08141,1992,112,WP,FORREST,1992-11-11 09:00:00,9.8,123.0,25.0,,
001182,1,1992314N08141,1992,112,WP,FORREST,1992-11-11 12:00:00,10.0,122.2,25.0,,
001183,1,1992314N08141,1992,112,WP,FORREST,1992-11-11 15:00:00,10.2,121.4,25.0,,
001184,1,1992314N08141,1992,112,WP,FORREST,1992-11-11 18:00:00,10.3,120.5,25.0,,
001185,1,1992314N08141,1992,112,WP,FORREST,1992-11-11 21:00:00,10.4,119.6,25.0,,
001186,1,1992314N08141,1992,112,WP,FORREST,1992-11-12 00:00:00,10.5,118.7,25.0,,
001187,1,1992314N08141,1992,112,WP,FORREST,1992-11-12 03:00:00,10.4,117.8,25.0,,
001188,1,1992314N08141,1992,112,WP,FORREST,1992-11-12 06:00:00,9.7,116.8,25.0,,
001189,1,1992314N08141,1992,112,WP,FORREST,1992-11-12 09:00:00,9.2,115.9,28.0,,
001190,1,1992314N08141,1992,112,WP,FORREST,1992-11-12 12:00:00,9.0,114.9,30.0,,
001191,1,1992314N08141,1992,112,WP,FORREST,1992-11-12 15:00:00,8.9,114.0,33.0,,
001192,1,1992314N08141,1992,112,WP,FORREST,1992-11-12 18:00:00,9.0,113.2,35.0,,
001193,1,1992314N08141,1992,112,WP,FORREST,1992-11-12 21:00:00,9.1,112.4,38.0,,
001194,1,1992314N08141,1992,112,WP,FORREST,1992-11-13 00:00:00,9.1,111.8,40.0,,
001195,1,1992314N08141,1992,112,WP,FORREST,1992-11-13 03:00:00,9.1,111.1,43.0,,
001196,1,1992314N08141,1992,112,WP,FORREST,1992-11-13 06:00:00,9.0,110.4,45.0,,
001197,1,1992314N08141,1992,112,WP,FORREST,1992-11-13 09:00:00,8.9,109.7,48.0,,
001198,1,1992314N08141,1992,112,WP,FORREST,1992-11-13 12:00:00,8.7,109.1,50.0,,
001199,1,1992314N08141,1992,112,WP,FORREST,1992-11-13 15:00:00,8.5,108.5,53.0,,
001200,1,1992314N08141,1992,112,WP,FORREST,1992-11-13 18:00:00,8.3,108.1,55.0,,
001201,1,1992314N08141,1992,112,WP,FORREST,1992-11-13 21:00:00,8.1,107.6,55.0,,
001202,1,1992314N08141,1992,112,WP,FORREST,1992-11-14 00:00:00,7.9,107.0,55.0,,
001203,1,1992314N08141,1992,112,WP,FORREST,1992-11-14 03:00:00,7.8,106.3,55.0,,
001204,1,1992314N08141,1992,112,WP,FORREST,1992-11-14 06:00:00,7.7,105.6,55.0,,
001205,1,1992314N08141,1992,112,WP,FORREST,1992-11-14 09:00:00,7.8,104.8,53.0,,
001206,1,1992314N08141,1992,112,WP,FORREST,1992-11-14 12:00:00,7.8,104.2,50.0,,
001207,1,1992314N08141,1992,112,WP,FORREST,1992-11-14 15:00:00,7.8,103.6,50.0,,
001208,1,1992314N08141,1992,112,WP,FORREST,1992-11-14 18:00:00,7.9,103.0,50.0,,
001209,1,1992314N08141,1992,112,WP,FORREST,1992-11-14 21:00:00,7.9,102.4,53.0,,
001210,1,1992314N08141,1992,112,WP,FORREST,1992-11-15 00:00:00,8.0,101.9,55.0,,
001211,1,1992314N08141,1992,112,WP,FORREST,1992-11-15 03:00:00,8.1,101.3,55.0,,
001212,1,1992314N08141,1992,112,WP,FORREST,1992-11-15 06:00:00,8.2,100.6,55.0,,
001213,1,1992314N08141,1992,112,NI,FORREST,1992-11-15 09:00:00,8.4,99.9,55.0,,
001214,1,1992314N08141,1992,112,NI,FORREST,1992-11-15 12:00:00,8.6,99.2,55.0,,
001215,1,1992314N08141,1992,112,NI,FORREST,1992-11-15 15:00:00,8.7,98.3,55.0,,
001216,1,1992314N08141,1992,112,NI,FORREST,1992-11-15 18:00:00,8.8,97.5,55.0,,
001217,1,1992314N08141,1992,112,NI,FORREST,1992-11-15 21:00:00,8.9,96.7,53.0,,
001218,1,1992314N08141,1992,112,NI,FORREST,1992-11-16 00:00:00,9.1,96.2,50.0,,
001219,1,1992314N08141,1992,112,NI,FORREST,1992-11-16 03:00:00,9.2,95.6,48.0,,
001220,1,1992314N08141,1992,112,NI,FORREST,1992-11-16 06:00:00,9.3,95.1,45.0,,
001221,1,1992314N08141,1992,112,NI,FORREST,1992-11-16 09:00:00,9.4,94.5,43.0,,
001222,1,1992314N08141,1992,112,NI,FORREST,1992-11-16 12:00:00,9.5,94.0,40.0,,
001223,1,1992314N08141,1992,112,NI,FORREST,1992-11-16 15:00:00,9.5,93.5,40.0,,
001224,1,1992314N08141,1992,112,NI,FORREST,1992-11-16 18:00:00,9.5,93.0,40.0,,
001225,1,1992314N08141,1992,112,NI,FORREST,1992-11-16 21:00:00,9.6,92.4,40.0,,
001226,1,1992314N08141,1992,112,NI,FORREST,1992-11-17 00:00:00,9.6,91.8,40.0,,
001227,1,1992314N08141,1992,112,NI,FORREST,1992-11-17 03:00:00,9.7,91.1,43.0,,
001228,1,1992314N08141,1992,112,NI,FORREST,1992-11-17 06:00:00,9.8,90.5,45.0,,
001229,1,1992314N08141,1992,112,NI,FORREST,1992-11-17 09:00:00,9.9,90.0,50.0,,
001230,1,1992314N08141,1992,112,NI,FORREST,1992-11-17 12:00:00,10.2,89.6,55.0,,
001231,1,1992314N08141,1992,112,NI,FORREST,1992-11-17 15:00:00,10.5,89.3,58.0,,
001232,1,1992314N08141,1992,112,NI,FORREST,1992-11-17 18:00:00,10.8,88.9,60.0,,
001233,1,1992314N08141,1992,112,NI,FORREST,1992-11-17 21:00:00,11.2,88.6,60.0,,
001234,1,1992314N08141,1992,112,NI,FORREST,1992-11-18 00:00:00,11.6,88.3,60.0,,
001235,1,1992314N08141,1992,112,NI,FORREST,1992-11-18 03:00:00,12.0,88.0,63.0,,
001236,1,1992314N08141,1992,112,NI,FORREST,1992-11-18 06:00:00,12.6,87.8,65.0,,
001237,1,1992314N08141,1992,112,NI,FORREST,1992-11-18 09:00:00,13.2,87.7,68.0,,
001238,1,1992314N08141,1992,112,NI,FORREST,1992-11-18 12:00:00,13.8,87.6,70.0,,
001239,1,1992314N08141,1992,112,NI,FORREST,1992-11-18 15:00:00,14.3,87.6,75.0,,
001240,1,1992314N08141,1992,112,NI,FORREST,1992-11-18 18:00:00,14.8,87.6,80.0,,
001241,1,1992314N08141,1992,112,NI,FORREST,1992-11-18 21:00:00,15.4,87.6,85.0,,
001242,1,1992314N08141,1992,112,NI,FORREST,1992-11-19 00:00:00,15.9,87.7,90.0,,
001243,1,1992314N08141,1992,112,NI,FORREST,1992-11-19 03:00:00,16.3,87.7,95.0,,
001244,1,1992314N08141,1992,112,NI,FORREST,1992-11-19 06:00:00,16.6,87.8,100.0,,
001245,1,1992314N08141,1992,112,NI,FORREST,1992-11-19 09:00:00,17.0,88.1,103.0,,
001246,1,1992314N08141,1992,112,NI,FORREST,1992-11-19 12:00:00,17.4,88.4,105.0,,
001247,1,1992314N08141,1992,112,NI,FORREST,1992-11-19 15:00:00,17.7,88.5,110.0,,
001248,1,1992314N08141,1992,112,NI,FORREST,1992-11-19 18:00:00,17.9,88.6,115.0,,
001249,1,1992314N08141,1992,112,NI,FORREST,1992-11-19 21:00:00,18.2,88.7,120.0,,
001250,1,1992314N08141,1992,112,NI,FORREST,1992-11-20 00:00:00,18.5,89.0,125.0,,
001251,1,1992314N08141,1992,112,NI,FORREST,1992-11-20 03:00:00,18.8,89.2,123.0,,
001252,1,1992314N08141,1992,112,NI,FORREST,1992-11-20 06:00:00,19.0,89.4,120.0,,
001253,1,1992314N08141,1992,112,NI,FORREST,1992-11-20 09:00:00,19.2,89.7,120.0,,
001254,1,1992314N08141,1992,112,NI,FORREST,1992-11-20 12:00:00,19.4,90.0,120.0,,
001255,1,1992314N08141,1992,112,NI,FORREST,1992-11-20 15:00:00,19.5,90.4,115.0,,
001256,1,1992314N08141,1992,112,NI,FORREST,1992-11-20 18:00:00,19.6,90.8,110.0,,
001257,1,1992314N08141,1992,112,NI,FORREST,1992-11-20 21:00:00,19.7,91.1,105.0,,
001258,1,1992314N08141,1992,112,NI,FORREST,1992-11-21 00:00:00,19.9,91.4,100.0,,
001259,1,1992314N08141,1992,112,NI,FORREST,1992-11-21 03:00:00,20.0,91.8,98.0,,
001260,1,1992314N08141,1992,112,NI,FORREST,1992-11-21 06:00:00,20.1,92.3,95.0,,
001261,1,1992314N08141,1992,112,NI,FORREST,1992-11-21 09:00:00,20.2,92.8,90.0,,
001262,1,1992314N08141,1992,112,NI,FORREST,1992-11-21 12:00:00,20.4,93.3,85.0,,
001263,1,1992314N08141,1992,112,NI,FORREST,1992-11-21 15:00:00,20.5,93.7,65.0,,
001264,1,1992314N08141,1992,112,NI,FORREST,1992-11-21 18:00:00,20.4,93.9,45.0,,
001265,1,1992314N08141,1992,112,NI,FORREST,1992-11-21 21:00:00,20.1,94.2,38.0,,
001266,1,1992314N08141,1992,112,NI,FORREST,1992-11-22 00:00:00,19.9,94.5,30.0,,
001267,1,1993336N05164,1993,93,WP,MANNY,1993-12-01 12:00:00,5.1,163.7,20.0,,
001268,1,1993336N05164,1993,93,WP,MANNY,1993-12-01 15:00:00,5.0,163.0,20.0,,
001269,1,1993336N05164,1993,93,WP,MANNY,1993-12-01 18:00:00,5.0,162.4,20.0,,
001270,1,1993336N05164,1993,93,WP,MANNY,1993-12-01 21:00:00,5.1,162.0,20.0,,
001271,1,1993336N05164,1993,93,WP,MANNY,1993-12-02 00:00:00,5.2,161.6,20.0,,
001272,1,1993336N05164,1993,93,WP,MANNY,1993-12-02 03:00:00,5.4,161.0,20.0,,
001273,1,1993336N05164,1993,93,WP,MANNY,1993-12-02 06:00:00,5.6,160.4,20.0,,
001274,1,1993336N05164,1993,93,WP,MANNY,1993-12-02 09:00:00,5.7,159.7,20.0,,
001275,1,1993336N05164,1993,93,WP,MANNY,1993-12-02 12:00:00,5.9,159.0,20.0,,
001276,1,1993336N05164,1993,93,WP,MANNY,1993-12-02 15:00:00,6.1,158.3,20.0,,
001277,1,1993336N05164,1993,93,WP,MANNY,1993-12-02 18:00:00,6.4,157.6,20.0,,
001278,1,1993336N05164,1993,93,WP,MANNY,1993-12-02 21:00:00,6.6,156.8,23.0,,
001279,1,1993336N05164,1993,93,WP,MANNY,1993-12-03 00:00:00,6.9,156.0,25.0,,
001280,1,1993336N05164,1993,93,WP,MANNY,1993-12-03 03:00:00,7.0,155.1,25.0,,
001281,1,1993336N05164,1993,93,WP,MANNY,1993-12-03 06:00:00,7.0,154.1,25.0,,
001282,1,1993336N05164,1993,93,WP,MANNY,1993-12-03 09:00:00,7.0,153.1,25.0,,
001283,1,1993336N05164,1993,93,WP,MANNY,1993-12-03 12:00:00,7.0,152.0,25.0,,
001284,1,1993336N05164,1993,93,WP,MANNY,1993-12-03 15:00:00,7.1,151.0,28.0,,
001285,1,1993336N05164,1993,93,WP,MANNY,1993-12-03 18:00:00,7.1,150.0,30.0,,
001286,1,1993336N05164,1993,93,WP,MANNY,1993-12-03 21:00:00,7.2,149.0,30.0,,
001287,1,1993336N05164,1993,93,WP,MANNY,1993-12-04 00:00:00,7.3,148.0,30.0,,
001288,1,1993336N05164,1993,93,WP,MANNY,1993-12-04 03:00:00,7.4,146.9,30.0,,
001289,1,1993336N05164,1993,93,WP,MANNY,1993-12-04 06:00:00,7.5,145.9,30.0,,
001290,1,1993336N05164,1993,93,WP,MANNY,1993-12-04 09:00:00,7.7,145.0,33.0,,
001291,1,1993336N05164,1993,93,WP,MANNY,1993-12-04 12:00:00,7.8,144.1,35.0,,
001292,1,1993336N05164,1993,93,WP,MANNY,1993-12-04 15:00:00,8.0,143.3,38.0,,
001293,1,1993336N05164,1993,93,WP,MANNY,1993-12-04 18:00:00,8.3,142.5,40.0,,
001294,1,1993336N05164,1993,93,WP,MANNY,1993-12-04 21:00:00,8.5,141.6,43.0,,
001295,1,1993336N05164,1993,93,WP,MANNY,1993-12-05 00:00:00,8.8,140.7,45.0,,
001296,1,1993336N05164,1993,93,WP,MANNY,1993-12-05 03:00:00,9.1,139.8,48.0,,
001297,1,1993336N05164,1993,93,WP,MANNY,1993-12-05 06:00:00,9.4,139.0,50.0,,
001298,1,1993336N05164,1993,93,WP,MANNY,1993-12-05 09:00:00,9.7,138.2,53.0,,
001299,1,1993336N05164,1993,93,WP,MANNY,1993-12-05 12:00:00,10.0,137.4,55.0,,
001300,1,1993336N05164,1993,93,WP,MANNY,1993-12-05 15:00:00,10.3,136.5,58.0,,
001301,1,1993336N05164,1993,93,WP,MANNY,1993-12-05 18:00:00,10.6,135.6,60.0,,
001302,1,1993336N05164,1993,93,WP,MANNY,1993-12-05 21:00:00,11.0,134.9,60.0,,
001303,1,1993336N05164,1993,93,WP,MANNY,1993-12-06 00:00:00,11.5,134.3,60.0,,
001304,1,1993336N05164,1993,93,WP,MANNY,1993-12-06 03:00:00,12.0,133.8,60.0,,
001305,1,1993336N05164,1993,93,WP,MANNY,1993-12-06 06:00:00,12.5,133.3,60.0,,
001306,1,1993336N05164,1993,93,WP,MANNY,1993-12-06 09:00:00,13.0,132.8,58.0,,
001307,1,1993336N05164,1993,93,WP,MANNY,1993-12-06 12:00:00,13.4,132.2,55.0,,
001308,1,1993336N05164,1993,93,WP,MANNY,1993-12-06 15:00:00,13.8,131.7,55.0,,
001309,1,1993336N05164,1993,93,WP,MANNY,1993-12-06 18:00:00,14.1,131.2,55.0,,
001310,1,1993336N05164,1993,93,WP,MANNY,1993-12-06 21:00:00,14.5,130.7,55.0,,
001311,1,1993336N05164,1993,93,WP,MANNY,1993-12-07 00:00:00,14.8,130.4,55.0,,
001312,1,1993336N05164,1993,93,WP,MANNY,1993-12-07 03:00:00,15.2,130.1,58.0,,
001313,1,1993336N05164,1993,93,WP,MANNY,1993-12-07 06:00:00,15.5,129.9,60.0,,
001314,1,1993336N05164,1993,93,WP,MANNY,1993-12-07 09:00:00,15.7,129.7,60.0,,
001315,1,1993336N05164,1993,93,WP,MANNY,1993-12-07 12:00:00,16.0,129.7,60.0,,
001316,1,1993336N05164,1993,93,WP,MANNY,1993-12-07 15:00:00,16.2,129.6,63.0,,
001317,1,1993336N05164,1993,93,WP,MANNY,1993-12-07 18:00:00,16.5,129.7,65.0,,
001318,1,1993336N05164,1993,93,WP,MANNY,1993-12-07 21:00:00,16.6,129.8,68.0,,
001319,1,1993336N05164,1993,93,WP,MANNY,1993-12-08 00:00:00,16.7,129.9,70.0,,
001320,1,1993336N05164,1993,93,WP,MANNY,1993-12-08 03:00:00,16.5,130.1,73.0,,
001321,1,1993336N05164,1993,93,WP,MANNY,1993-12-08 06:00:00,16.3,130.1,75.0,,
001322,1,1993336N05164,1993,93,WP,MANNY,1993-12-08 09:00:00,16.1,130.1,78.0,,
001323,1,1993336N05164,1993,93,WP,MANNY,1993-12-08 12:00:00,15.9,130.0,80.0,,
001324,1,1993336N05164,1993,93,WP,MANNY,1993-12-08 15:00:00,15.6,129.8,80.0,,
001325,1,1993336N05164,1993,93,WP,MANNY,1993-12-08 18:00:00,15.3,129.5,80.0,,
001326,1,1993336N05164,1993,93,WP,MANNY,1993-12-08 21:00:00,14.9,129.1,83.0,,
001327,1,1993336N05164,1993,93,WP,MANNY,1993-12-09 00:00:00,14.6,128.6,85.0,,
001328,1,1993336N05164,1993,93,WP,MANNY,1993-12-09 03:00:00,14.2,128.1,90.0,,
001329,1,1993336N05164,1993,93,WP,MANNY,1993-12-09 06:00:00,13.9,127.6,95.0,,
001330,1,1993336N05164,1993,93,WP,MANNY,1993-12-09 09:00:00,13.6,127.0,108.0,,
001331,1,1993336N05164,1993,93,WP,MANNY,1993-12-09 12:00:00,13.4,126.4,120.0,,
001332,1,1993336N05164,1993,93,WP,MANNY,1993-12-09 15:00:00,13.1,125.8,118.0,,
001333,1,1993336N05164,1993,93,WP,MANNY,1993-12-09 18:00:00,12.9,125.1,115.0,,
001334,1,1993336N05164,1993,93,WP,MANNY,1993-12-09 21:00:00,12.7,124.5,110.0,,
001335,1,1993336N05164,1993,93,WP,MANNY,1993-12-10 00:00:00,12.5,124.0,105.0,,
001336,1,1993336N05164,1993,93,WP,MANNY,1993-12-10 03:00:00,12.5,123.5,95.0,,
001337,1,1993336N05164,1993,93,WP,MANNY,1993-12-10 06:00:00,12.5,123.0,85.0,,
001338,1,1993336N05164,1993,93,WP,MANNY,1993-12-10 09:00:00,12.5,122.5,83.0,,
001339,1,1993336N05164,1993,93,WP,MANNY,1993-12-10 12:00:00,12.4,122.1,80.0,,
001340,1,1993336N05164,1993,93,WP,MANNY,1993-12-10 15:00:00,12.3,121.7,73.0,,
001341,1,1993336N05164,1993,93,WP,MANNY,1993-12-10 18:00:00,12.2,121.3,65.0,,
001342,1,1993336N05164,1993,93,WP,MANNY,1993-12-10 21:00:00,12.1,120.9,58.0,,
001343,1,1993336N05164,1993,93,WP,MANNY,1993-12-11 00:00:00,11.9,120.5,50.0,,
001344,1,1993336N05164,1993,93,WP,MANNY,1993-12-11 03:00:00,11.8,120.1,45.0,,
001345,1,1993336N05164,1993,93,WP,MANNY,1993-12-11 06:00:00,11.6,119.7,40.0,,
001346,1,1993336N05164,1993,93,WP,MANNY,1993-12-11 09:00:00,11.4,119.2,40.0,,
001347,1,1993336N05164,1993,93,WP,MANNY,1993-12-11 12:00:00,11.3,118.8,40.0,,
001348,1,1993336N05164,1993,93,WP,MANNY,1993-12-11 15:00:00,11.1,118.4,38.0,,
001349,1,1993336N05164,1993,93,WP,MANNY,1993-12-11 18:00:00,11.0,118.0,35.0,,
001350,1,1993336N05164,1993,93,WP,MANNY,1993-12-11 21:00:00,10.9,117.6,33.0,,
001351,1,1993336N05164,1993,93,WP,MANNY,1993-12-12 00:00:00,10.9,117.2,30.0,,
001352,1,1993336N05164,1993,93,WP,MANNY,1993-12-12 03:00:00,10.8,116.8,30.0,,
001353,1,1993336N05164,1993,93,WP,MANNY,1993-12-12 06:00:00,10.9,116.5,30.0,,
001354,1,1993336N05164,1993,93,WP,MANNY,1993-12-12 09:00:00,10.9,116.1,30.0,,
001355,1,1993336N05164,1993,93,WP,MANNY,1993-12-12 12:00:00,10.9,115.7,30.0,,
001356,1,1993336N05164,1993,93,WP,MANNY,1993-12-12 15:00:00,10.9,115.4,30.0,,
001357,1,1993336N05164,1993,93,WP,MANNY,1993-12-12 18:00:00,11.0,115.0,30.0,,
001358,1,1993336N05164,1993,93,WP,MANNY,1993-12-12 21:00:00,10.9,114.6,30.0,,
001359,1,1993336N05164,1993,93,WP,MANNY,1993-12-13 00:00:00,10.9,114.2,30.0,,
001360,1,1993336N05164,1993,93,WP,MANNY,1993-12-13 03:00:00,10.9,113.8,33.0,,
001361,1,1993336N05164,1993,93,WP,MANNY,1993-12-13 06:00:00,10.9,113.4,35.0,,
001362,1,1993336N05164,1993,93,WP,MANNY,1993-12-13 09:00:00,10.8,113.0,38.0,,
001363,1,1993336N05164,1993,93,WP,MANNY,1993-12-13 12:00:00,10.8,112.6,40.0,,
001364,1,1993336N05164,1993,93,WP,MANNY,1993-12-13 15:00:00,10.7,112.1,40.0,,
001365,1,1993336N05164,1993,93,WP,MANNY,1993-12-13 18:00:00,10.6,111.6,40.0,,
001366,1,1993336N05164,1993,93,WP,MANNY,1993-12-13 21:00:00,10.4,111.1,38.0,,
001367,1,1993336N05164,1993,93,WP,MANNY,1993-12-14 00:00:00,10.2,110.5,35.0,,
001368,1,1993336N05164,1993,93,WP,MANNY,1993-12-14 03:00:00,9.9,109.9,35.0,,
001369,1,1993336N05164,1993,93,WP,MANNY,1993-12-14 06:00:00,9.5,109.3,35.0,,
001370,1,1993336N05164,1993,93,WP,MANNY,1993-12-14 09:00:00,9.0,108.6,35.0,,
001371,1,1993336N05164,1993,93,WP,MANNY,1993-12-14 12:00:00,8.3,107.9,35.0,,
001372,1,1993336N05164,1993,93,WP,MANNY,1993-12-14 15:00:00,7.8,107.0,35.0,,
001373,1,1993336N05164,1993,93,WP,MANNY,1993-12-14 18:00:00,7.4,106.3,35.0,,
001374,1,1993336N05164,1993,93,WP,MANNY,1993-12-14 21:00:00,7.2,105.6,33.0,,
001375,1,1993336N05164,1993,93,WP,MANNY,1993-12-15 00:00:00,7.1,104.9,30.0,,
001376,1,1993336N05164,1993,93,WP,MANNY,1993-12-15 03:00:00,7.0,104.2,30.0,,
001377,1,1993336N05164,1993,93,WP,MANNY,1993-12-15 06:00:00,7.1,103.6,30.0,,
001378,1,1993336N05164,1993,93,WP,MANNY,1993-12-15 09:00:00,7.1,103.0,28.0,,
001379,1,1993336N05164,1993,93,WP,MANNY,1993-12-15 12:00:00,7.2,102.4,25.0,,
001380,1,1993336N05164,1993,93,WP,MANNY,1993-12-15 15:00:00,7.2,101.8,25.0,,
001381,1,1993336N05164,1993,93,WP,MANNY,1993-12-15 18:00:00,7.2,101.2,25.0,,
001382,1,1993336N05164,1993,93,WP,MANNY,1993-12-15 21:00:00,7.3,100.6,25.0,,
001383,1,1993336N05164,1993,93,NI,MANNY,1993-12-16 00:00:00,7.5,100.0,25.0,,
001384,1,1993336N05164,1993,93,NI,MANNY,1993-12-16 03:00:00,8.0,99.3,23.0,,
001385,1,1993336N05164,1993,93,NI,MANNY,1993-12-16 06:00:00,8.2,98.8,20.0,,
001386,1,1994206N22107,1994,53,WP,AMY,1994-07-25 00:00:00,22.0,107.0,,,
001387,1,1994206N22107,1994,53,WP,AMY,1994-07-25 03:00:00,22.0,107.0,,,
001388,1,1994206N22107,1994,53,WP,AMY,1994-07-25 06:00:00,22.0,107.0,,,
001389,1,1994206N22107,1994,53,WP,AMY,1994-07-25 09:00:00,22.0,107.0,,,
001390,1,1994206N22107,1994,53,WP,AMY,1994-07-25 12:00:00,22.0,107.0,,,
001391,1,1994206N22107,1994,53,WP,AMY,1994-07-25 15:00:00,22.0,107.0,,,
001392,1,1994206N22107,1994,53,WP,AMY,1994-07-25 18:00:00,22.0,107.0,,,
001393,1,1994206N22107,1994,53,WP,AMY,1994-07-25 21:00:00,22.0,107.0,,,
001394,1,1994206N22107,1994,53,WP,AMY,1994-07-26 00:00:00,21.8,106.9,,,
001395,1,1994206N22107,1994,53,WP,AMY,1994-07-26 03:00:00,21.7,106.8,,,
001396,1,1994206N22107,1994,53,WP,AMY,1994-07-26 06:00:00,21.6,106.8,,,
001397,1,1994206N22107,1994,53,WP,AMY,1994-07-26 09:00:00,21.3,106.9,,,
001398,1,1994206N22107,1994,53,WP,AMY,1994-07-26 12:00:00,21.0,107.3,,,
001399,1,1994206N22107,1994,53,WP,AMY,1994-07-26 15:00:00,20.9,107.8,,,
001400,1,1994206N22107,1994,53,WP,AMY,1994-07-26 18:00:00,20.9,108.3,,,
001401,1,1994206N22107,1994,53,WP,AMY,1994-07-26 21:00:00,21.0,108.5,,,
001402,1,1994206N22107,1994,53,WP,AMY,1994-07-27 00:00:00,21.0,108.7,15.0,,
001403,1,1994206N22107,1994,53,WP,AMY,1994-07-27 03:00:00,20.9,108.7,15.0,,
001404,1,1994206N22107,1994,53,WP,AMY,1994-07-27 06:00:00,20.8,108.7,15.0,,
001405,1,1994206N22107,1994,53,WP,AMY,1994-07-27 09:00:00,20.6,108.9,15.0,,
001406,1,1994206N22107,1994,53,WP,AMY,1994-07-27 12:00:00,20.6,109.1,15.0,,
001407,1,1994206N22107,1994,53,WP,AMY,1994-07-27 15:00:00,20.7,109.2,15.0,,
001408,1,1994206N22107,1994,53,WP,AMY,1994-07-27 18:00:00,20.8,109.3,15.0,,
001409,1,1994206N22107,1994,53,WP,AMY,1994-07-27 21:00:00,20.8,109.4,18.0,,
001410,1,1994206N22107,1994,53,WP,AMY,1994-07-28 00:00:00,20.7,109.2,20.0,,
001411,1,1994206N22107,1994,53,WP,AMY,1994-07-28 03:00:00,20.6,109.2,20.0,,
001412,1,1994206N22107,1994,53,WP,AMY,1994-07-28 06:00:00,20.6,109.1,20.0,,
001413,1,1994206N22107,1994,53,WP,AMY,1994-07-28 09:00:00,20.5,109.1,23.0,,
001414,1,1994206N22107,1994,53,WP,AMY,1994-07-28 12:00:00,20.4,109.0,25.0,,
001415,1,1994206N22107,1994,53,WP,AMY,1994-07-28 15:00:00,20.3,108.9,25.0,,
001416,1,1994206N22107,1994,53,WP,AMY,1994-07-28 18:00:00,20.2,108.8,25.0,,
001417,1,1994206N22107,1994,53,WP,AMY,1994-07-28 21:00:00,20.0,108.6,28.0,,
001418,1,1994206N22107,1994,53,WP,AMY,1994-07-29 00:00:00,19.8,108.5,30.0,,
001419,1,1994206N22107,1994,53,WP,AMY,1994-07-29 03:00:00,19.3,108.3,30.0,,
001420,1,1994206N22107,1994,53,WP,AMY,1994-07-29 06:00:00,19.0,108.2,30.0,,
001421,1,1994206N22107,1994,53,WP,AMY,1994-07-29 09:00:00,18.9,108.3,30.0,,
001422,1,1994206N22107,1994,53,WP,AMY,1994-07-29 12:00:00,18.8,108.4,30.0,,
001423,1,1994206N22107,1994,53,WP,AMY,1994-07-29 15:00:00,18.8,108.5,33.0,,
001424,1,1994206N22107,1994,53,WP,AMY,1994-07-29 18:00:00,18.9,108.5,35.0,,
001425,1,1994206N22107,1994,53,WP,AMY,1994-07-29 21:00:00,18.9,108.2,38.0,,
001426,1,1994206N22107,1994,53,WP,AMY,1994-07-30 00:00:00,19.0,107.8,40.0,,
001427,1,1994206N22107,1994,53,WP,AMY,1994-07-30 03:00:00,19.1,107.6,40.0,,
001428,1,1994206N22107,1994,53,WP,AMY,1994-07-30 06:00:00,19.3,107.3,40.0,,
001429,1,1994206N22107,1994,53,WP,AMY,1994-07-30 09:00:00,19.4,107.0,38.0,,
001430,1,1994206N22107,1994,53,WP,AMY,1994-07-30 12:00:00,19.6,106.6,35.0,,
001431,1,1994206N22107,1994,53,WP,AMY,1994-07-30 15:00:00,19.6,106.1,33.0,,
001432,1,1994206N22107,1994,53,WP,AMY,1994-07-30 18:00:00,19.6,105.4,30.0,,
001433,1,1994206N22107,1994,53,WP,AMY,1994-07-30 21:00:00,19.4,104.6,28.0,,
001434,1,1994206N22107,1994,53,WP,AMY,1994-07-31 00:00:00,19.1,103.7,25.0,,
001435,1,1994206N22107,1994,53,WP,AMY,1994-07-31 03:00:00,19.0,103.0,20.0,,
001436,1,1994206N22107,1994,53,WP,AMY,1994-07-31 06:00:00,19.0,102.5,15.0,,
001437,1,1994206N22107,1994,53,WP,AMY,1994-07-31 09:00:00,19.0,101.8,13.0,,
001438,1,1994206N22107,1994,53,WP,AMY,1994-07-31 12:00:00,19.0,101.0,10.0,,
001439,1,1994206N22107,1994,53,WP,AMY,1994-07-31 15:00:00,19.0,100.5,,,
001440,1,1994206N22107,1994,53,WP,AMY,1994-07-31 18:00:00,19.0,100.0,,,
001441,1,1994206N22107,1994,53,NI,AMY,1994-07-31 21:00:00,19.0,99.5,,,
001442,1,1994206N22107,1994,53,NI,AMY,1994-08-01 00:00:00,19.0,99.0,,,
001443,1,1994206N22107,1994,53,NI,AMY,1994-08-01 03:00:00,19.0,98.7,,,
001444,1,1994206N22107,1994,53,NI,AMY,1994-08-01 06:00:00,19.0,98.4,,,
001445,1,1995233N16115,1995,46,WP,LOIS,1995-08-21 06:00:00,15.6,114.8,10.0,,
001446,1,1995233N16115,1995,46,WP,LOIS,1995-08-21 09:00:00,15.7,114.8,10.0,,
001447,1,1995233N16115,1995,46,WP,LOIS,1995-08-21 12:00:00,15.8,114.8,10.0,,
001448,1,1995233N16115,1995,46,WP,LOIS,1995-08-21 15:00:00,15.9,114.8,10.0,,
001449,1,1995233N16115,1995,46,WP,LOIS,1995-08-21 18:00:00,16.0,114.7,10.0,,
001450,1,1995233N16115,1995,46,WP,LOIS,1995-08-21 21:00:00,16.1,114.7,10.0,,
001451,1,1995233N16115,1995,46,WP,LOIS,1995-08-22 00:00:00,16.2,114.7,10.0,,
001452,1,1995233N16115,1995,46,WP,LOIS,1995-08-22 03:00:00,16.3,114.7,13.0,,
001453,1,1995233N16115,1995,46,WP,LOIS,1995-08-22 06:00:00,16.4,114.7,15.0,,
001454,1,1995233N16115,1995,46,WP,LOIS,1995-08-22 09:00:00,16.5,114.7,15.0,,
001455,1,1995233N16115,1995,46,WP,LOIS,1995-08-22 12:00:00,16.5,114.7,15.0,,
001456,1,1995233N16115,1995,46,WP,LOIS,1995-08-22 15:00:00,16.6,114.7,15.0,,
001457,1,1995233N16115,1995,46,WP,LOIS,1995-08-22 18:00:00,16.6,114.7,15.0,,
001458,1,1995233N16115,1995,46,WP,LOIS,1995-08-22 21:00:00,16.7,114.7,18.0,,
001459,1,1995233N16115,1995,46,WP,LOIS,1995-08-23 00:00:00,16.7,114.7,20.0,,
001460,1,1995233N16115,1995,46,WP,LOIS,1995-08-23 03:00:00,16.7,114.7,20.0,,
001461,1,1995233N16115,1995,46,WP,LOIS,1995-08-23 06:00:00,16.8,114.7,20.0,,
001462,1,1995233N16115,1995,46,WP,LOIS,1995-08-23 09:00:00,16.9,114.7,20.0,,
001463,1,1995233N16115,1995,46,WP,LOIS,1995-08-23 12:00:00,16.9,114.8,20.0,,
001464,1,1995233N16115,1995,46,WP,LOIS,1995-08-23 15:00:00,16.9,114.8,20.0,,
001465,1,1995233N16115,1995,46,WP,LOIS,1995-08-23 18:00:00,16.9,114.8,20.0,,
001466,1,1995233N16115,1995,46,WP,LOIS,1995-08-23 21:00:00,16.9,114.8,20.0,,
001467,1,1995233N16115,1995,46,WP,LOIS,1995-08-24 00:00:00,17.0,115.3,20.0,,
001468,1,1995233N16115,1995,46,WP,LOIS,1995-08-24 03:00:00,17.1,115.6,20.0,,
001469,1,1995233N16115,1995,46,WP,LOIS,1995-08-24 06:00:00,17.2,115.8,20.0,,
001470,1,1995233N16115,1995,46,WP,LOIS,1995-08-24 09:00:00,17.1,115.8,20.0,,
001471,1,1995233N16115,1995,46,WP,LOIS,1995-08-24 12:00:00,17.1,115.8,20.0,,
001472,1,1995233N16115,1995,46,WP,LOIS,1995-08-24 15:00:00,17.1,115.8,20.0,,
001473,1,1995233N16115,1995,46,WP,LOIS,1995-08-24 18:00:00,17.1,115.8,20.0,,
001474,1,1995233N16115,1995,46,WP,LOIS,1995-08-24 21:00:00,17.1,115.8,20.0,,
001475,1,1995233N16115,1995,46,WP,LOIS,1995-08-25 00:00:00,17.2,115.8,20.0,,
001476,1,1995233N16115,1995,46,WP,LOIS,1995-08-25 03:00:00,17.1,115.8,20.0,,
001477,1,1995233N16115,1995,46,WP,LOIS,1995-08-25 06:00:00,17.1,115.8,20.0,,
001478,1,1995233N16115,1995,46,WP,LOIS,1995-08-25 09:00:00,17.2,115.8,20.0,,
001479,1,1995233N16115,1995,46,WP,LOIS,1995-08-25 12:00:00,17.3,115.7,20.0,,
001480,1,1995233N16115,1995,46,WP,LOIS,1995-08-25 15:00:00,17.4,115.5,23.0,,
001481,1,1995233N16115,1995,46,WP,LOIS,1995-08-25 18:00:00,17.5,115.3,25.0,,
001482,1,1995233N16115,1995,46,WP,LOIS,1995-08-25 21:00:00,17.5,115.1,28.0,,
001483,1,1995233N16115,1995,46,WP,LOIS,1995-08-26 00:00:00,17.6,114.9,30.0,,
001484,1,1995233N16115,1995,46,WP,LOIS,1995-08-26 03:00:00,17.6,114.6,30.0,,
001485,1,1995233N16115,1995,46,WP,LOIS,1995-08-26 06:00:00,17.6,114.3,30.0,,
001486,1,1995233N16115,1995,46,WP,LOIS,1995-08-26 09:00:00,17.6,114.0,33.0,,
001487,1,1995233N16115,1995,46,WP,LOIS,1995-08-26 12:00:00,17.5,113.6,35.0,,
001488,1,1995233N16115,1995,46,WP,LOIS,1995-08-26 15:00:00,17.4,113.3,35.0,,
001489,1,1995233N16115,1995,46,WP,LOIS,1995-08-26 18:00:00,17.3,113.0,35.0,,
001490,1,1995233N16115,1995,46,WP,LOIS,1995-08-26 21:00:00,17.2,112.7,38.0,,
001491,1,1995233N16115,1995,46,WP,LOIS,1995-08-27 00:00:00,17.3,112.5,40.0,,
001492,1,1995233N16115,1995,46,WP,LOIS,1995-08-27 03:00:00,17.3,112.2,48.0,,
001493,1,1995233N16115,1995,46,WP,LOIS,1995-08-27 06:00:00,17.4,111.9,55.0,,
001494,1,1995233N16115,1995,46,WP,LOIS,1995-08-27 09:00:00,17.5,111.6,58.0,,
001495,1,1995233N16115,1995,46,WP,LOIS,1995-08-27 12:00:00,17.7,111.3,60.0,,
001496,1,1995233N16115,1995,46,WP,LOIS,1995-08-27 15:00:00,17.8,111.0,60.0,,
001497,1,1995233N16115,1995,46,WP,LOIS,1995-08-27 18:00:00,18.0,110.8,60.0,,
001498,1,1995233N16115,1995,46,WP,LOIS,1995-08-27 21:00:00,18.2,110.6,63.0,,
001499,1,1995233N16115,1995,46,WP,LOIS,1995-08-28 00:00:00,18.4,110.3,65.0,,
001500,1,1995233N16115,1995,46,WP,LOIS,1995-08-28 03:00:00,18.5,109.9,65.0,,
001501,1,1995233N16115,1995,46,WP,LOIS,1995-08-28 06:00:00,18.6,109.5,65.0,,
001502,1,1995233N16115,1995,46,WP,LOIS,1995-08-28 09:00:00,18.7,109.2,65.0,,
001503,1,1995233N16115,1995,46,WP,LOIS,1995-08-28 12:00:00,18.8,108.8,65.0,,
001504,1,1995233N16115,1995,46,WP,LOIS,1995-08-28 15:00:00,18.9,108.5,65.0,,
001505,1,1995233N16115,1995,46,WP,LOIS,1995-08-28 18:00:00,19.0,108.2,65.0,,
001506,1,1995233N16115,1995,46,WP,LOIS,1995-08-28 21:00:00,19.0,107.9,65.0,,
001507,1,1995233N16115,1995,46,WP,LOIS,1995-08-29 00:00:00,19.1,107.6,65.0,,
001508,1,1995233N16115,1995,46,WP,LOIS,1995-08-29 03:00:00,19.1,107.3,65.0,,
001509,1,1995233N16115,1995,46,WP,LOIS,1995-08-29 06:00:00,19.2,107.0,65.0,,
001510,1,1995233N16115,1995,46,WP,LOIS,1995-08-29 09:00:00,19.3,106.7,65.0,,
001511,1,1995233N16115,1995,46,WP,LOIS,1995-08-29 12:00:00,19.3,106.4,65.0,,
001512,1,1995233N16115,1995,46,WP,LOIS,1995-08-29 15:00:00,19.3,106.0,65.0,,
001513,1,1995233N16115,1995,46,WP,LOIS,1995-08-29 18:00:00,19.2,105.5,65.0,,
001514,1,1995233N16115,1995,46,WP,LOIS,1995-08-29 21:00:00,19.0,105.1,58.0,,
001515,1,1995233N16115,1995,46,WP,LOIS,1995-08-30 00:00:00,18.9,104.6,50.0,,
001516,1,1995233N16115,1995,46,WP,LOIS,1995-08-30 03:00:00,18.7,104.2,45.0,,
001517,1,1995233N16115,1995,46,WP,LOIS,1995-08-30 06:00:00,18.6,103.5,40.0,,
001518,1,1995233N16115,1995,46,WP,LOIS,1995-08-30 09:00:00,18.4,102.4,35.0,,
001519,1,1995233N16115,1995,46,WP,LOIS,1995-08-30 12:00:00,18.3,101.1,30.0,,
001520,1,1995233N16115,1995,46,NI,LOIS,1995-08-30 15:00:00,18.2,99.6,25.0,,
001521,1,1995233N16115,1995,46,NI,LOIS,1995-08-30 18:00:00,18.2,98.9,20.0,,
001522,1,1995233N16115,1995,46,NI,LOIS,1995-08-30 21:00:00,18.2,97.9,20.0,,
001523,1,1995233N16115,1995,46,NI,LOIS,1995-08-31 00:00:00,18.2,96.7,20.0,,
001524,1,1995292N08150,1995,79,WP,YVETTE,1995-10-18 12:00:00,7.5,150.0,15.0,,
001525,1,1995292N08150,1995,79,WP,YVETTE,1995-10-18 15:00:00,7.7,149.3,15.0,,
001526,1,1995292N08150,1995,79,WP,YVETTE,1995-10-18 18:00:00,7.8,148.7,15.0,,
001527,1,1995292N08150,1995,79,WP,YVETTE,1995-10-18 21:00:00,7.9,148.1,15.0,,
001528,1,1995292N08150,1995,79,WP,YVETTE,1995-10-19 00:00:00,8.1,147.5,15.0,,
001529,1,1995292N08150,1995,79,WP,YVETTE,1995-10-19 03:00:00,8.2,146.9,15.0,,
001530,1,1995292N08150,1995,79,WP,YVETTE,1995-10-19 06:00:00,8.4,146.2,15.0,,
001531,1,1995292N08150,1995,79,WP,YVETTE,1995-10-19 09:00:00,8.6,145.5,15.0,,
001532,1,1995292N08150,1995,79,WP,YVETTE,1995-10-19 12:00:00,8.7,144.9,15.0,,
001533,1,1995292N08150,1995,79,WP,YVETTE,1995-10-19 15:00:00,8.8,144.3,15.0,,
001534,1,1995292N08150,1995,79,WP,YVETTE,1995-10-19 18:00:00,8.9,143.8,15.0,,
001535,1,1995292N08150,1995,79,WP,YVETTE,1995-10-19 21:00:00,9.0,143.2,15.0,,
001536,1,1995292N08150,1995,79,WP,YVETTE,1995-10-20 00:00:00,9.1,142.7,15.0,,
001537,1,1995292N08150,1995,79,WP,YVETTE,1995-10-20 03:00:00,9.2,142.3,15.0,,
001538,1,1995292N08150,1995,79,WP,YVETTE,1995-10-20 06:00:00,9.3,141.9,15.0,,
001539,1,1995292N08150,1995,79,WP,YVETTE,1995-10-20 09:00:00,9.4,141.4,15.0,,
001540,1,1995292N08150,1995,79,WP,YVETTE,1995-10-20 12:00:00,9.5,140.9,15.0,,
001541,1,1995292N08150,1995,79,WP,YVETTE,1995-10-20 15:00:00,9.6,140.4,15.0,,
001542,1,1995292N08150,1995,79,WP,YVETTE,1995-10-20 18:00:00,9.7,139.9,15.0,,
001543,1,1995292N08150,1995,79,WP,YVETTE,1995-10-20 21:00:00,9.8,139.4,15.0,,
001544,1,1995292N08150,1995,79,WP,YVETTE,1995-10-21 00:00:00,9.9,138.9,15.0,,
001545,1,1995292N08150,1995,79,WP,YVETTE,1995-10-21 03:00:00,10.0,138.3,15.0,,
001546,1,1995292N08150,1995,79,WP,YVETTE,1995-10-21 06:00:00,10.0,137.7,15.0,,
001547,1,1995292N08150,1995,79,WP,YVETTE,1995-10-21 09:00:00,10.0,137.1,15.0,,
001548,1,1995292N08150,1995,79,WP,YVETTE,1995-10-21 12:00:00,10.0,136.4,15.0,,
001549,1,1995292N08150,1995,79,WP,YVETTE,1995-10-21 15:00:00,10.0,135.8,15.0,,
001550,1,1995292N08150,1995,79,WP,YVETTE,1995-10-21 18:00:00,10.0,135.1,15.0,,
001551,1,1995292N08150,1995,79,WP,YVETTE,1995-10-21 21:00:00,10.0,134.4,15.0,,
001552,1,1995292N08150,1995,79,WP,YVETTE,1995-10-22 00:00:00,10.0,133.7,15.0,,
001553,1,1995292N08150,1995,79,WP,YVETTE,1995-10-22 03:00:00,10.0,133.1,15.0,,
001554,1,1995292N08150,1995,79,WP,YVETTE,1995-10-22 06:00:00,10.0,132.4,15.0,,
001555,1,1995292N08150,1995,79,WP,YVETTE,1995-10-22 09:00:00,10.1,131.7,15.0,,
001556,1,1995292N08150,1995,79,WP,YVETTE,1995-10-22 12:00:00,10.3,130.9,15.0,,
001557,1,1995292N08150,1995,79,WP,YVETTE,1995-10-22 15:00:00,10.6,130.0,15.0,,
001558,1,1995292N08150,1995,79,WP,YVETTE,1995-10-22 18:00:00,10.8,129.8,15.0,,
001559,1,1995292N08150,1995,79,WP,YVETTE,1995-10-22 21:00:00,11.2,129.1,18.0,,
001560,1,1995292N08150,1995,79,WP,YVETTE,1995-10-23 00:00:00,11.5,128.3,20.0,,
001561,1,1995292N08150,1995,79,WP,YVETTE,1995-10-23 03:00:00,12.0,127.4,25.0,,
001562,1,1995292N08150,1995,79,WP,YVETTE,1995-10-23 06:00:00,12.6,126.5,30.0,,
001563,1,1995292N08150,1995,79,WP,YVETTE,1995-10-23 09:00:00,12.9,125.4,30.0,,
001564,1,1995292N08150,1995,79,WP,YVETTE,1995-10-23 12:00:00,13.1,124.4,30.0,,
001565,1,1995292N08150,1995,79,WP,YVETTE,1995-10-23 15:00:00,13.1,123.6,33.0,,
001566,1,1995292N08150,1995,79,WP,YVETTE,1995-10-23 18:00:00,13.1,122.8,35.0,,
001567,1,1995292N08150,1995,79,WP,YVETTE,1995-10-23 21:00:00,13.0,121.9,35.0,,
001568,1,1995292N08150,1995,79,WP,YVETTE,1995-10-24 00:00:00,13.0,121.0,35.0,,
001569,1,1995292N08150,1995,79,WP,YVETTE,1995-10-24 03:00:00,13.0,120.2,35.0,,
001570,1,1995292N08150,1995,79,WP,YVETTE,1995-10-24 06:00:00,13.0,119.6,35.0,,
001571,1,1995292N08150,1995,79,WP,YVETTE,1995-10-24 09:00:00,13.0,119.1,35.0,,
001572,1,1995292N08150,1995,79,WP,YVETTE,1995-10-24 12:00:00,13.1,118.5,35.0,,
001573,1,1995292N08150,1995,79,WP,YVETTE,1995-10-24 15:00:00,13.2,117.7,38.0,,
001574,1,1995292N08150,1995,79,WP,YVETTE,1995-10-24 18:00:00,13.4,116.9,40.0,,
001575,1,1995292N08150,1995,79,WP,YVETTE,1995-10-24 21:00:00,13.4,116.0,43.0,,
001576,1,1995292N08150,1995,79,WP,YVETTE,1995-10-25 00:00:00,13.5,115.1,45.0,,
001577,1,1995292N08150,1995,79,WP,YVETTE,1995-10-25 03:00:00,13.6,114.2,45.0,,
001578,1,1995292N08150,1995,79,WP,YVETTE,1995-10-25 06:00:00,13.7,113.4,45.0,,
001579,1,1995292N08150,1995,79,WP,YVETTE,1995-10-25 09:00:00,13.7,112.7,50.0,,
001580,1,1995292N08150,1995,79,WP,YVETTE,1995-10-25 12:00:00,13.6,112.1,55.0,,
001581,1,1995292N08150,1995,79,WP,YVETTE,1995-10-25 15:00:00,13.6,111.4,58.0,,
001582,1,1995292N08150,1995,79,WP,YVETTE,1995-10-25 18:00:00,13.6,110.8,60.0,,
001583,1,1995292N08150,1995,79,WP,YVETTE,1995-10-25 21:00:00,13.5,110.2,63.0,,
001584,1,1995292N08150,1995,79,WP,YVETTE,1995-10-26 00:00:00,13.4,109.7,65.0,,
001585,1,1995292N08150,1995,79,WP,YVETTE,1995-10-26 03:00:00,13.4,109.1,63.0,,
001586,1,1995292N08150,1995,79,WP,YVETTE,1995-10-26 06:00:00,13.4,108.4,60.0,,
001587,1,1995292N08150,1995,79,WP,YVETTE,1995-10-26 09:00:00,13.4,107.8,58.0,,
001588,1,1995292N08150,1995,79,WP,YVETTE,1995-10-26 12:00:00,13.4,107.1,55.0,,
001589,1,1995292N08150,1995,79,WP,YVETTE,1995-10-26 15:00:00,13.4,106.4,50.0,,
001590,1,1995292N08150,1995,79,WP,YVETTE,1995-10-26 18:00:00,13.4,105.7,45.0,,
001591,1,1995292N08150,1995,79,WP,YVETTE,1995-10-26 21:00:00,13.4,104.8,38.0,,
001592,1,1995292N08150,1995,79,WP,YVETTE,1995-10-27 00:00:00,13.4,103.7,30.0,,
001593,1,1995292N08150,1995,79,WP,YVETTE,1995-10-27 03:00:00,13.5,102.5,28.0,,
001594,1,1995292N08150,1995,79,WP,YVETTE,1995-10-27 06:00:00,13.6,101.5,25.0,,
001595,1,1995292N08150,1995,79,WP,YVETTE,1995-10-27 09:00:00,13.7,100.5,23.0,,
001596,1,1995292N08150,1995,79,NI,YVETTE,1995-10-27 12:00:00,13.8,99.6,20.0,,
001597,1,1995292N08150,1995,79,NI,YVETTE,1995-10-27 15:00:00,13.9,98.7,20.0,,
001598,1,1995292N08150,1995,79,NI,YVETTE,1995-10-27 18:00:00,14.1,97.8,20.0,,
001599,1,1996312N14125,1996,107,WP,ERNIE,1996-11-06 12:00:00,13.8,125.4,15.0,,
001600,1,1996312N14125,1996,107,WP,ERNIE,1996-11-06 15:00:00,14.1,125.4,18.0,,
001601,1,1996312N14125,1996,107,WP,ERNIE,1996-11-06 18:00:00,14.5,125.4,20.0,,
001602,1,1996312N14125,1996,107,WP,ERNIE,1996-11-06 21:00:00,14.9,125.3,20.0,,
001603,1,1996312N14125,1996,107,WP,ERNIE,1996-11-07 00:00:00,15.2,125.2,20.0,,
001604,1,1996312N14125,1996,107,WP,ERNIE,1996-11-07 03:00:00,15.5,125.0,23.0,,
001605,1,1996312N14125,1996,107,WP,ERNIE,1996-11-07 06:00:00,15.8,124.8,25.0,,
001606,1,1996312N14125,1996,107,WP,ERNIE,1996-11-07 09:00:00,16.1,124.6,25.0,,
001607,1,1996312N14125,1996,107,WP,ERNIE,1996-11-07 12:00:00,16.3,124.5,25.0,,
001608,1,1996312N14125,1996,107,WP,ERNIE,1996-11-07 15:00:00,16.6,124.3,25.0,,
001609,1,1996312N14125,1996,107,WP,ERNIE,1996-11-07 18:00:00,16.8,123.9,25.0,,
001610,1,1996312N14125,1996,107,WP,ERNIE,1996-11-07 21:00:00,17.0,123.4,28.0,,
001611,1,1996312N14125,1996,107,WP,ERNIE,1996-11-08 00:00:00,17.3,122.9,30.0,,
001612,1,1996312N14125,1996,107,WP,ERNIE,1996-11-08 03:00:00,17.5,122.2,30.0,,
001613,1,1996312N14125,1996,107,WP,ERNIE,1996-11-08 06:00:00,17.8,121.5,30.0,,
001614,1,1996312N14125,1996,107,WP,ERNIE,1996-11-08 09:00:00,18.2,120.8,30.0,,
001615,1,1996312N14125,1996,107,WP,ERNIE,1996-11-08 12:00:00,18.5,120.2,30.0,,
001616,1,1996312N14125,1996,107,WP,ERNIE,1996-11-08 15:00:00,18.7,119.8,30.0,,
001617,1,1996312N14125,1996,107,WP,ERNIE,1996-11-08 18:00:00,18.9,119.6,30.0,,
001618,1,1996312N14125,1996,107,WP,ERNIE,1996-11-08 21:00:00,19.1,119.2,30.0,,
001619,1,1996312N14125,1996,107,WP,ERNIE,1996-11-09 00:00:00,19.3,118.9,30.0,,
001620,1,1996312N14125,1996,107,WP,ERNIE,1996-11-09 03:00:00,19.4,118.6,30.0,,
001621,1,1996312N14125,1996,107,WP,ERNIE,1996-11-09 06:00:00,19.6,118.4,30.0,,
001622,1,1996312N14125,1996,107,WP,ERNIE,1996-11-09 09:00:00,19.8,118.2,30.0,,
001623,1,1996312N14125,1996,107,WP,ERNIE,1996-11-09 12:00:00,19.9,118.1,30.0,,
001624,1,1996312N14125,1996,107,WP,ERNIE,1996-11-09 15:00:00,19.7,117.8,28.0,,
001625,1,1996312N14125,1996,107,WP,ERNIE,1996-11-09 18:00:00,19.4,117.8,25.0,,
001626,1,1996312N14125,1996,107,WP,ERNIE,1996-11-09 21:00:00,19.3,117.9,35.0,,
001627,1,1996312N14125,1996,107,WP,ERNIE,1996-11-10 00:00:00,19.4,117.9,45.0,,
001628,1,1996312N14125,1996,107,WP,ERNIE,1996-11-10 03:00:00,19.6,117.9,45.0,,
001629,1,1996312N14125,1996,107,WP,ERNIE,1996-11-10 06:00:00,19.7,117.9,45.0,,
001630,1,1996312N14125,1996,107,WP,ERNIE,1996-11-10 09:00:00,19.8,117.9,45.0,,
001631,1,1996312N14125,1996,107,WP,ERNIE,1996-11-10 12:00:00,20.0,117.9,45.0,,
001632,1,1996312N14125,1996,107,WP,ERNIE,1996-11-10 15:00:00,20.1,117.9,45.0,,
001633,1,1996312N14125,1996,107,WP,ERNIE,1996-11-10 18:00:00,20.2,118.0,45.0,,
001634,1,1996312N14125,1996,107,WP,ERNIE,1996-11-10 21:00:00,20.2,118.0,45.0,,
001635,1,1996312N14125,1996,107,WP,ERNIE,1996-11-11 00:00:00,20.2,118.2,45.0,,
001636,1,1996312N14125,1996,107,WP,ERNIE,1996-11-11 03:00:00,20.1,118.3,45.0,,
001637,1,1996312N14125,1996,107,WP,ERNIE,1996-11-11 06:00:00,19.8,118.5,45.0,,
001638,1,1996312N14125,1996,107,WP,ERNIE,1996-11-11 09:00:00,19.6,118.8,45.0,,
001639,1,1996312N14125,1996,107,WP,ERNIE,1996-11-11 12:00:00,19.5,119.1,45.0,,
001640,1,1996312N14125,1996,107,WP,ERNIE,1996-11-11 15:00:00,19.4,119.4,45.0,,
001641,1,1996312N14125,1996,107,WP,ERNIE,1996-11-11 18:00:00,19.4,119.7,45.0,,
001642,1,1996312N14125,1996,107,WP,ERNIE,1996-11-11 21:00:00,19.3,119.9,45.0,,
001643,1,1996312N14125,1996,107,WP,ERNIE,1996-11-12 00:00:00,19.1,120.1,45.0,,
001644,1,1996312N14125,1996,107,WP,ERNIE,1996-11-12 03:00:00,18.9,120.3,40.0,,
001645,1,1996312N14125,1996,107,WP,ERNIE,1996-11-12 06:00:00,18.6,120.4,35.0,,
001646,1,1996312N14125,1996,107,WP,ERNIE,1996-11-12 09:00:00,18.3,120.4,35.0,,
001647,1,1996312N14125,1996,107,WP,ERNIE,1996-11-12 12:00:00,18.0,120.4,35.0,,
001648,1,1996312N14125,1996,107,WP,ERNIE,1996-11-12 15:00:00,17.5,120.2,35.0,,
001649,1,1996312N14125,1996,107,WP,ERNIE,1996-11-12 18:00:00,17.1,119.9,35.0,,
001650,1,1996312N14125,1996,107,WP,ERNIE,1996-11-12 21:00:00,16.7,119.5,35.0,,
001651,1,1996312N14125,1996,107,WP,ERNIE,1996-11-13 00:00:00,16.4,119.1,35.0,,
001652,1,1996312N14125,1996,107,WP,ERNIE,1996-11-13 03:00:00,16.1,118.7,35.0,,
001653,1,1996312N14125,1996,107,WP,ERNIE,1996-11-13 06:00:00,15.9,118.3,35.0,,
001654,1,1996312N14125,1996,107,WP,ERNIE,1996-11-13 09:00:00,15.7,117.9,35.0,,
001655,1,1996312N14125,1996,107,WP,ERNIE,1996-11-13 12:00:00,15.6,117.5,35.0,,
001656,1,1996312N14125,1996,107,WP,ERNIE,1996-11-13 15:00:00,15.3,116.9,35.0,,
001657,1,1996312N14125,1996,107,WP,ERNIE,1996-11-13 18:00:00,15.1,116.3,35.0,,
001658,1,1996312N14125,1996,107,WP,ERNIE,1996-11-13 21:00:00,14.8,115.7,38.0,,
001659,1,1996312N14125,1996,107,WP,ERNIE,1996-11-14 00:00:00,14.5,115.1,40.0,,
001660,1,1996312N14125,1996,107,WP,ERNIE,1996-11-14 03:00:00,14.1,114.5,40.0,,
001661,1,1996312N14125,1996,107,WP,ERNIE,1996-11-14 06:00:00,13.8,114.0,40.0,,
001662,1,1996312N14125,1996,107,WP,ERNIE,1996-11-14 09:00:00,13.5,113.4,40.0,,
001663,1,1996312N14125,1996,107,WP,ERNIE,1996-11-14 12:00:00,13.1,112.9,40.0,,
001664,1,1996312N14125,1996,107,WP,ERNIE,1996-11-14 15:00:00,12.7,112.6,38.0,,
001665,1,1996312N14125,1996,107,WP,ERNIE,1996-11-14 18:00:00,12.4,112.4,35.0,,
001666,1,1996312N14125,1996,107,WP,ERNIE,1996-11-14 21:00:00,11.9,111.9,35.0,,
001667,1,1996312N14125,1996,107,WP,ERNIE,1996-11-15 00:00:00,11.4,111.5,35.0,,
001668,1,1996312N14125,1996,107,WP,ERNIE,1996-11-15 03:00:00,11.1,111.1,35.0,,
001669,1,1996312N14125,1996,107,WP,ERNIE,1996-11-15 06:00:00,10.9,110.8,35.0,,
001670,1,1996312N14125,1996,107,WP,ERNIE,1996-11-15 09:00:00,10.7,110.4,35.0,,
001671,1,1996312N14125,1996,107,WP,ERNIE,1996-11-15 12:00:00,10.6,110.0,35.0,,
001672,1,1996312N14125,1996,107,WP,ERNIE,1996-11-15 15:00:00,10.4,109.5,33.0,,
001673,1,1996312N14125,1996,107,WP,ERNIE,1996-11-15 18:00:00,10.2,109.1,30.0,,
001674,1,1996312N14125,1996,107,WP,ERNIE,1996-11-15 21:00:00,10.0,108.7,30.0,,
001675,1,1996312N14125,1996,107,WP,ERNIE,1996-11-16 00:00:00,9.8,108.2,30.0,,
001676,1,1996312N14125,1996,107,WP,ERNIE,1996-11-16 03:00:00,9.7,107.7,30.0,,
001677,1,1996312N14125,1996,107,WP,ERNIE,1996-11-16 06:00:00,9.7,107.2,30.0,,
001678,1,1996312N14125,1996,107,WP,ERNIE,1996-11-16 09:00:00,9.7,106.7,30.0,,
001679,1,1996312N14125,1996,107,WP,ERNIE,1996-11-16 12:00:00,9.6,106.2,30.0,,
001680,1,1996312N14125,1996,107,WP,ERNIE,1996-11-16 15:00:00,9.4,105.7,28.0,,
001681,1,1996312N14125,1996,107,WP,ERNIE,1996-11-16 18:00:00,9.4,105.0,25.0,,
001682,1,1996312N14125,1996,107,WP,ERNIE,1996-11-16 21:00:00,9.4,104.4,25.0,,
001683,1,1996312N14125,1996,107,WP,ERNIE,1996-11-17 00:00:00,9.5,103.9,25.0,,
001684,1,1996312N14125,1996,107,WP,ERNIE,1996-11-17 03:00:00,9.5,103.3,25.0,,
001685,1,1996312N14125,1996,107,WP,ERNIE,1996-11-17 06:00:00,9.6,102.8,25.0,,
001686,1,1996312N14125,1996,107,WP,ERNIE,1996-11-17 09:00:00,9.7,102.3,25.0,,
001687,1,1996312N14125,1996,107,WP,ERNIE,1996-11-17 12:00:00,9.8,101.8,25.0,,
001688,1,1996312N14125,1996,107,WP,ERNIE,1996-11-17 15:00:00,9.9,101.3,25.0,,
001689,1,1996312N14125,1996,107,WP,ERNIE,1996-11-17 18:00:00,10.1,100.8,25.0,,
001690,1,1996312N14125,1996,107,WP,ERNIE,1996-11-17 21:00:00,10.2,100.4,25.0,,
001691,1,1996312N14125,1996,107,WP,ERNIE,1996-11-18 00:00:00,10.4,100.0,25.0,,
001692,1,1996312N14125,1996,107,NI,ERNIE,1996-11-18 03:00:00,10.6,99.6,23.0,,
001693,1,1996312N14125,1996,107,NI,ERNIE,1996-11-18 06:00:00,10.7,99.2,20.0,,
001694,1,1997298N06140,1997,94,WP,LINDA,1997-10-25 00:00:00,6.0,140.0,15.0,,
001695,1,1997298N06140,1997,94,WP,LINDA,1997-10-25 03:00:00,6.1,139.6,15.0,,
001696,1,1997298N06140,1997,94,WP,LINDA,1997-10-25 06:00:00,6.3,139.1,15.0,,
001697,1,1997298N06140,1997,94,WP,LINDA,1997-10-25 09:00:00,6.6,138.5,15.0,,
001698,1,1997298N06140,1997,94,WP,LINDA,1997-10-25 12:00:00,6.9,137.8,15.0,,
001699,1,1997298N06140,1997,94,WP,LINDA,1997-10-25 15:00:00,7.3,137.2,15.0,,
001700,1,1997298N06140,1997,94,WP,LINDA,1997-10-25 18:00:00,7.7,136.6,15.0,,
001701,1,1997298N06140,1997,94,WP,LINDA,1997-10-25 21:00:00,8.0,136.0,15.0,,
001702,1,1997298N06140,1997,94,WP,LINDA,1997-10-26 00:00:00,8.4,135.5,15.0,,
001703,1,1997298N06140,1997,94,WP,LINDA,1997-10-26 03:00:00,8.8,135.1,15.0,,
001704,1,1997298N06140,1997,94,WP,LINDA,1997-10-26 06:00:00,9.2,134.7,15.0,,
001705,1,1997298N06140,1997,94,WP,LINDA,1997-10-26 09:00:00,9.6,134.2,15.0,,
001706,1,1997298N06140,1997,94,WP,LINDA,1997-10-26 12:00:00,10.0,133.7,15.0,,
001707,1,1997298N06140,1997,94,WP,LINDA,1997-10-26 15:00:00,10.4,133.4,15.0,,
001708,1,1997298N06140,1997,94,WP,LINDA,1997-10-26 18:00:00,10.7,133.1,15.0,,
001709,1,1997298N06140,1997,94,WP,LINDA,1997-10-26 21:00:00,10.9,132.9,15.0,,
001710,1,1997298N06140,1997,94,WP,LINDA,1997-10-27 00:00:00,11.0,132.7,15.0,,
001711,1,1997298N06140,1997,94,WP,LINDA,1997-10-27 03:00:00,11.0,132.4,15.0,,
001712,1,1997298N06140,1997,94,WP,LINDA,1997-10-27 06:00:00,11.1,132.0,15.0,,
001713,1,1997298N06140,1997,94,WP,LINDA,1997-10-27 09:00:00,11.3,131.6,15.0,,
001714,1,1997298N06140,1997,94,WP,LINDA,1997-10-27 12:00:00,11.5,131.3,15.0,,
001715,1,1997298N06140,1997,94,WP,LINDA,1997-10-27 15:00:00,11.6,131.0,15.0,,
001716,1,1997298N06140,1997,94,WP,LINDA,1997-10-27 18:00:00,11.6,130.7,15.0,,
001717,1,1997298N06140,1997,94,WP,LINDA,1997-10-27 21:00:00,11.7,130.3,15.0,,
001718,1,1997298N06140,1997,94,WP,LINDA,1997-10-28 00:00:00,11.8,129.9,15.0,,
001719,1,1997298N06140,1997,94,WP,LINDA,1997-10-28 03:00:00,11.8,129.5,15.0,,
001720,1,1997298N06140,1997,94,WP,LINDA,1997-10-28 06:00:00,11.8,129.2,15.0,,
001721,1,1997298N06140,1997,94,WP,LINDA,1997-10-28 09:00:00,11.8,128.8,15.0,,
001722,1,1997298N06140,1997,94,WP,LINDA,1997-10-28 12:00:00,11.8,128.4,15.0,,
001723,1,1997298N06140,1997,94,WP,LINDA,1997-10-28 15:00:00,11.8,128.0,15.0,,
001724,1,1997298N06140,1997,94,WP,LINDA,1997-10-28 18:00:00,11.8,127.6,15.0,,
001725,1,1997298N06140,1997,94,WP,LINDA,1997-10-28 21:00:00,11.7,127.2,15.0,,
001726,1,1997298N06140,1997,94,WP,LINDA,1997-10-29 00:00:00,11.6,126.9,15.0,,
001727,1,1997298N06140,1997,94,WP,LINDA,1997-10-29 03:00:00,11.3,126.6,15.0,,
001728,1,1997298N06140,1997,94,WP,LINDA,1997-10-29 06:00:00,11.0,126.3,15.0,,
001729,1,1997298N06140,1997,94,WP,LINDA,1997-10-29 09:00:00,10.7,125.9,15.0,,
001730,1,1997298N06140,1997,94,WP,LINDA,1997-10-29 12:00:00,10.5,125.5,15.0,,
001731,1,1997298N06140,1997,94,WP,LINDA,1997-10-29 15:00:00,10.2,125.0,15.0,,
001732,1,1997298N06140,1997,94,WP,LINDA,1997-10-29 18:00:00,9.9,124.5,15.0,,
001733,1,1997298N06140,1997,94,WP,LINDA,1997-10-29 21:00:00,9.8,123.9,15.0,,
001734,1,1997298N06140,1997,94,WP,LINDA,1997-10-30 00:00:00,9.8,123.3,15.0,,
001735,1,1997298N06140,1997,94,WP,LINDA,1997-10-30 03:00:00,9.7,122.7,15.0,,
001736,1,1997298N06140,1997,94,WP,LINDA,1997-10-30 06:00:00,9.5,122.0,15.0,,
001737,1,1997298N06140,1997,94,WP,LINDA,1997-10-30 09:00:00,9.4,121.3,15.0,,
001738,1,1997298N06140,1997,94,WP,LINDA,1997-10-30 12:00:00,9.3,120.6,15.0,,
001739,1,1997298N06140,1997,94,WP,LINDA,1997-10-30 15:00:00,9.2,120.1,15.0,,
001740,1,1997298N06140,1997,94,WP,LINDA,1997-10-30 18:00:00,9.0,119.6,15.0,,
001741,1,1997298N06140,1997,94,WP,LINDA,1997-10-30 21:00:00,8.7,119.0,18.0,,
001742,1,1997298N06140,1997,94,WP,LINDA,1997-10-31 00:00:00,8.4,118.4,20.0,,
001743,1,1997298N06140,1997,94,WP,LINDA,1997-10-31 03:00:00,8.3,117.9,23.0,,
001744,1,1997298N06140,1997,94,WP,LINDA,1997-10-31 06:00:00,8.3,117.3,25.0,,
001745,1,1997298N06140,1997,94,WP,LINDA,1997-10-31 09:00:00,8.2,116.5,28.0,,
001746,1,1997298N06140,1997,94,WP,LINDA,1997-10-31 12:00:00,8.2,115.6,30.0,,
001747,1,1997298N06140,1997,94,WP,LINDA,1997-10-31 15:00:00,8.1,115.1,33.0,,
001748,1,1997298N06140,1997,94,WP,LINDA,1997-10-31 18:00:00,7.9,114.6,35.0,,
001749,1,1997298N06140,1997,94,WP,LINDA,1997-10-31 21:00:00,7.8,114.0,38.0,,
001750,1,1997298N06140,1997,94,WP,LINDA,1997-11-01 00:00:00,7.7,113.4,40.0,,
001751,1,1997298N06140,1997,94,WP,LINDA,1997-11-01 03:00:00,7.7,112.7,43.0,,
001752,1,1997298N06140,1997,94,WP,LINDA,1997-11-01 06:00:00,7.9,112.0,45.0,,
001753,1,1997298N06140,1997,94,WP,LINDA,1997-11-01 09:00:00,8.1,111.4,48.0,,
001754,1,1997298N06140,1997,94,WP,LINDA,1997-11-01 12:00:00,8.3,110.7,50.0,,
001755,1,1997298N06140,1997,94,WP,LINDA,1997-11-01 15:00:00,8.5,110.0,53.0,,
001756,1,1997298N06140,1997,94,WP,LINDA,1997-11-01 18:00:00,8.6,109.2,55.0,,
001757,1,1997298N06140,1997,94,WP,LINDA,1997-11-01 21:00:00,8.7,108.4,55.0,,
001758,1,1997298N06140,1997,94,WP,LINDA,1997-11-02 00:00:00,8.8,107.6,55.0,,
001759,1,1997298N06140,1997,94,WP,LINDA,1997-11-02 03:00:00,8.8,106.7,55.0,,
001760,1,1997298N06140,1997,94,WP,LINDA,1997-11-02 06:00:00,8.8,106.0,55.0,,
001761,1,1997298N06140,1997,94,WP,LINDA,1997-11-02 09:00:00,8.9,105.3,55.0,,
001762,1,1997298N06140,1997,94,WP,LINDA,1997-11-02 12:00:00,9.0,104.7,55.0,,
001763,1,1997298N06140,1997,94,WP,LINDA,1997-11-02 15:00:00,9.1,104.2,60.0,,
001764,1,1997298N06140,1997,94,WP,LINDA,1997-11-02 18:00:00,9.3,103.7,65.0,,
001765,1,1997298N06140,1997,94,WP,LINDA,1997-11-02 21:00:00,9.5,103.3,65.0,,
001766,1,1997298N06140,1997,94,WP,LINDA,1997-11-03 00:00:00,9.7,102.8,65.0,,
001767,1,1997298N06140,1997,94,WP,LINDA,1997-11-03 03:00:00,10.0,102.3,65.0,,
001768,1,1997298N06140,1997,94,WP,LINDA,1997-11-03 06:00:00,10.3,101.9,65.0,,
001769,1,1997298N06140,1997,94,WP,LINDA,1997-11-03 09:00:00,10.6,101.4,65.0,,
001770,1,1997298N06140,1997,94,WP,LINDA,1997-11-03 12:00:00,11.0,101.0,65.0,,
001771,1,1997298N06140,1997,94,WP,LINDA,1997-11-03 15:00:00,11.4,100.5,58.0,,
001772,1,1997298N06140,1997,94,WP,LINDA,1997-11-03 18:00:00,11.8,100.0,50.0,,
001773,1,1997298N06140,1997,94,NI,LINDA,1997-11-03 21:00:00,12.1,99.4,48.0,,
001774,1,1997298N06140,1997,94,NI,LINDA,1997-11-04 00:00:00,12.4,98.8,45.0,,
001775,1,1997298N06140,1997,94,NI,LINDA,1997-11-04 03:00:00,12.6,98.2,45.0,,
001776,1,1997298N06140,1997,94,NI,LINDA,1997-11-04 06:00:00,12.9,97.5,45.0,,
001777,1,1997298N06140,1997,94,NI,LINDA,1997-11-04 09:00:00,13.0,97.0,45.0,,
001778,1,1997298N06140,1997,94,NI,LINDA,1997-11-04 12:00:00,13.3,96.5,45.0,,
001779,1,1997298N06140,1997,94,NI,LINDA,1997-11-04 15:00:00,13.6,96.1,45.0,,
001780,1,1997298N06140,1997,94,NI,LINDA,1997-11-04 18:00:00,13.7,95.8,45.0,,
001781,1,1997298N06140,1997,94,NI,LINDA,1997-11-04 21:00:00,13.8,95.3,48.0,,
001782,1,1997298N06140,1997,94,NI,LINDA,1997-11-05 00:00:00,13.9,94.8,50.0,,
001783,1,1997298N06140,1997,94,NI,LINDA,1997-11-05 03:00:00,13.9,94.6,50.0,,
001784,1,1997298N06140,1997,94,NI,LINDA,1997-11-05 06:00:00,14.0,94.3,50.0,,
001785,1,1997298N06140,1997,94,NI,LINDA,1997-11-05 09:00:00,14.1,94.0,50.0,,
001786,1,1997298N06140,1997,94,NI,LINDA,1997-11-05 12:00:00,14.3,93.7,50.0,,
001787,1,1997298N06140,1997,94,NI,LINDA,1997-11-05 15:00:00,14.3,93.5,50.0,,
001788,1,1997298N06140,1997,94,NI,LINDA,1997-11-05 18:00:00,14.4,93.4,50.0,,
001789,1,1997298N06140,1997,94,NI,LINDA,1997-11-05 21:00:00,14.5,93.2,50.0,,
001790,1,1997298N06140,1997,94,NI,LINDA,1997-11-06 00:00:00,14.6,93.0,50.0,,
001791,1,1997298N06140,1997,94,NI,LINDA,1997-11-06 03:00:00,14.8,92.8,50.0,,
001792,1,1997298N06140,1997,94,NI,LINDA,1997-11-06 06:00:00,14.8,92.5,50.0,,
001793,1,1997298N06140,1997,94,NI,LINDA,1997-11-06 09:00:00,14.9,92.0,58.0,,
001794,1,1997298N06140,1997,94,NI,LINDA,1997-11-06 12:00:00,14.9,91.9,65.0,,
001795,1,1997298N06140,1997,94,NI,LINDA,1997-11-06 15:00:00,15.0,91.9,65.0,,
001796,1,1997298N06140,1997,94,NI,LINDA,1997-11-06 18:00:00,15.1,91.8,65.0,,
001797,1,1997298N06140,1997,94,NI,LINDA,1997-11-06 21:00:00,15.2,91.8,65.0,,
001798,1,1997298N06140,1997,94,NI,LINDA,1997-11-07 00:00:00,15.2,91.7,65.0,,
001799,1,1997298N06140,1997,94,NI,LINDA,1997-11-07 03:00:00,15.2,91.3,63.0,,
001800,1,1997298N06140,1997,94,NI,LINDA,1997-11-07 06:00:00,15.2,91.2,60.0,,
001801,1,1997298N06140,1997,94,NI,LINDA,1997-11-07 09:00:00,15.2,91.1,58.0,,
001802,1,1997298N06140,1997,94,NI,LINDA,1997-11-07 12:00:00,15.2,91.1,55.0,,
001803,1,1997298N06140,1997,94,NI,LINDA,1997-11-07 15:00:00,15.1,91.0,55.0,,
001804,1,1997298N06140,1997,94,NI,LINDA,1997-11-07 18:00:00,15.1,91.0,55.0,,
001805,1,1997298N06140,1997,94,NI,LINDA,1997-11-07 21:00:00,15.1,91.0,55.0,,
001806,1,1997298N06140,1997,94,NI,LINDA,1997-11-08 00:00:00,15.1,91.0,55.0,,
001807,1,1997298N06140,1997,94,NI,LINDA,1997-11-08 03:00:00,15.1,90.7,53.0,,
001808,1,1997298N06140,1997,94,NI,LINDA,1997-11-08 06:00:00,15.1,90.5,50.0,,
001809,1,1997298N06140,1997,94,NI,LINDA,1997-11-08 09:00:00,15.1,90.4,48.0,,
001810,1,1997298N06140,1997,94,NI,LINDA,1997-11-08 12:00:00,15.1,90.4,45.0,,
001811,1,1997298N06140,1997,94,NI,LINDA,1997-11-08 15:00:00,15.1,90.3,43.0,,
001812,1,1997298N06140,1997,94,NI,LINDA,1997-11-08 18:00:00,15.2,90.3,40.0,,
001813,1,1997298N06140,1997,94,NI,LINDA,1997-11-08 21:00:00,15.2,90.4,38.0,,
001814,1,1997298N06140,1997,94,NI,LINDA,1997-11-09 00:00:00,15.3,90.4,35.0,,
001815,1,1997298N06140,1997,94,NI,LINDA,1997-11-09 03:00:00,15.3,90.1,33.0,,
001816,1,1997298N06140,1997,94,NI,LINDA,1997-11-09 06:00:00,15.4,90.2,30.0,,
001817,1,1997298N06140,1997,94,NI,LINDA,1997-11-09 09:00:00,15.4,90.3,28.0,,
001818,1,1997298N06140,1997,94,NI,LINDA,1997-11-09 12:00:00,15.5,90.5,25.0,,
001819,1,1998343N08114,1998,100,WP,GIL,1998-12-08 12:00:00,7.6,113.9,20.0,,
001820,1,1998343N08114,1998,100,WP,GIL,1998-12-08 15:00:00,7.6,113.4,20.0,,
001821,1,1998343N08114,1998,100,WP,GIL,1998-12-08 18:00:00,7.6,112.7,20.0,,
001822,1,1998343N08114,1998,100,WP,GIL,1998-12-08 21:00:00,7.6,112.1,23.0,,
001823,1,1998343N08114,1998,100,WP,GIL,1998-12-09 00:00:00,7.3,111.5,25.0,,
001824,1,1998343N08114,1998,100,WP,GIL,1998-12-09 03:00:00,7.2,111.0,25.0,,
001825,1,1998343N08114,1998,100,WP,GIL,1998-12-09 06:00:00,7.2,110.6,25.0,,
001826,1,1998343N08114,1998,100,WP,GIL,1998-12-09 09:00:00,7.2,110.1,25.0,,
001827,1,1998343N08114,1998,100,WP,GIL,1998-12-09 12:00:00,7.3,109.6,25.0,,
001828,1,1998343N08114,1998,100,WP,GIL,1998-12-09 15:00:00,7.4,109.1,28.0,,
001829,1,1998343N08114,1998,100,WP,GIL,1998-12-09 18:00:00,7.5,108.7,30.0,,
001830,1,1998343N08114,1998,100,WP,GIL,1998-12-09 21:00:00,7.6,108.3,30.0,,
001831,1,1998343N08114,1998,100,WP,GIL,1998-12-10 00:00:00,7.7,108.0,30.0,,
001832,1,1998343N08114,1998,100,WP,GIL,1998-12-10 03:00:00,7.9,107.6,30.0,,
001833,1,1998343N08114,1998,100,WP,GIL,1998-12-10 06:00:00,8.0,107.2,30.0,,
001834,1,1998343N08114,1998,100,WP,GIL,1998-12-10 09:00:00,8.1,106.7,30.0,,
001835,1,1998343N08114,1998,100,WP,GIL,1998-12-10 12:00:00,8.1,106.3,30.0,,
001836,1,1998343N08114,1998,100,WP,GIL,1998-12-10 15:00:00,8.1,106.1,33.0,,
001837,1,1998343N08114,1998,100,WP,GIL,1998-12-10 18:00:00,8.1,105.8,35.0,,
001838,1,1998343N08114,1998,100,WP,GIL,1998-12-10 21:00:00,8.1,105.4,35.0,,
001839,1,1998343N08114,1998,100,WP,GIL,1998-12-11 00:00:00,8.1,105.0,35.0,,
001840,1,1998343N08114,1998,100,WP,GIL,1998-12-11 03:00:00,8.2,104.5,35.0,,
001841,1,1998343N08114,1998,100,WP,GIL,1998-12-11 06:00:00,8.3,104.1,35.0,,
001842,1,1998343N08114,1998,100,WP,GIL,1998-12-11 09:00:00,8.3,103.6,35.0,,
001843,1,1998343N08114,1998,100,WP,GIL,1998-12-11 12:00:00,8.3,103.1,35.0,,
001844,1,1998343N08114,1998,100,WP,GIL,1998-12-11 15:00:00,8.3,102.5,35.0,,
001845,1,1998343N08114,1998,100,WP,GIL,1998-12-11 18:00:00,8.3,102.1,35.0,,
001846,1,1998343N08114,1998,100,WP,GIL,1998-12-11 21:00:00,8.3,101.7,35.0,,
001847,1,1998343N08114,1998,100,WP,GIL,1998-12-12 00:00:00,8.3,101.4,35.0,,
001848,1,1998343N08114,1998,100,WP,GIL,1998-12-12 03:00:00,8.2,101.3,35.0,,
001849,1,1998343N08114,1998,100,WP,GIL,1998-12-12 06:00:00,8.0,100.9,35.0,,
001850,1,1998343N08114,1998,100,WP,GIL,1998-12-12 09:00:00,7.9,100.6,33.0,,
001851,1,1998343N08114,1998,100,WP,GIL,1998-12-12 12:00:00,7.8,100.3,30.0,,
001852,1,1998343N08114,1998,100,WP,GIL,1998-12-12 15:00:00,7.8,100.1,28.0,,
001853,1,1998343N08114,1998,100,NI,GIL,1998-12-12 18:00:00,7.8,99.9,25.0,,
001854,1,1998343N08114,1998,100,NI,GIL,1998-12-12 21:00:00,7.9,99.8,23.0,,
001855,1,1998343N08114,1998,100,NI,GIL,1998-12-13 00:00:00,8.0,99.8,20.0,,
001856,1,2001361N01106,2001,104,WP,VAMEI,2001-12-26 12:00:00,1.4,106.2,25.0,1005.0,
001857,1,2001361N01106,2001,104,WP,VAMEI,2001-12-26 15:00:00,1.5,106.0,30.0,1001.0,
001858,1,2001361N01106,2001,104,WP,VAMEI,2001-12-26 18:00:00,1.5,105.7,35.0,997.0,
001859,1,2001361N01106,2001,104,WP,VAMEI,2001-12-26 21:00:00,1.5,105.4,50.0,987.0,
001860,1,2001361N01106,2001,104,WP,VAMEI,2001-12-27 00:00:00,1.5,105.2,65.0,976.0,
001861,1,2001361N01106,2001,104,WP,VAMEI,2001-12-27 03:00:00,1.5,104.8,65.0,976.0,
001862,1,2001361N01106,2001,104,WP,VAMEI,2001-12-27 06:00:00,1.5,104.4,65.0,976.0,
001863,1,2001361N01106,2001,104,WP,VAMEI,2001-12-27 09:00:00,1.5,104.1,55.0,984.0,
001864,1,2001361N01106,2001,104,WP,VAMEI,2001-12-27 12:00:00,1.6,103.8,45.0,991.0,
001865,1,2001361N01106,2001,104,WP,VAMEI,2001-12-27 15:00:00,1.6,103.4,43.0,993.0,
001866,1,2001361N01106,2001,104,WP,VAMEI,2001-12-27 18:00:00,1.6,103.0,40.0,994.0,
001867,1,2001361N01106,2001,104,WP,VAMEI,2001-12-27 21:00:00,1.7,102.7,35.0,997.0,
001868,1,2001361N01106,2001,104,WP,VAMEI,2001-12-28 00:00:00,1.7,102.3,30.0,1000.0,
001869,1,2001361N01106,2001,104,WP,VAMEI,2001-12-28 03:00:00,1.8,101.9,30.0,1000.0,
001870,1,2001361N01106,2001,104,WP,VAMEI,2001-12-28 06:00:00,1.8,101.4,30.0,1000.0,
001871,1,2001361N01106,2001,104,WP,VAMEI,2001-12-28 09:00:00,1.8,101.1,28.0,1001.0,
001872,1,2001361N01106,2001,104,WP,VAMEI,2001-12-28 12:00:00,1.9,100.7,25.0,1002.0,
001873,1,2001361N01106,2001,104,WP,VAMEI,2001-12-28 15:00:00,1.9,100.3,25.0,1002.0,
001874,1,2001361N01106,2001,104,NI,VAMEI,2001-12-28 18:00:00,2.0,99.9,25.0,1002.0,
001875,1,2001361N01106,2001,104,NI,VAMEI,2001-12-28 21:00:00,2.1,99.3,23.0,1003.0,
001876,1,2001361N01106,2001,104,NI,VAMEI,2001-12-29 00:00:00,2.3,98.7,20.0,1004.0,
001877,1,2001361N01106,2001,104,NI,VAMEI,2001-12-29 03:00:00,2.5,98.3,20.0,1004.0,
001878,1,2001361N01106,2001,104,NI,VAMEI,2001-12-29 06:00:00,2.6,97.9,20.0,1004.0,
001879,1,2001361N01106,2001,104,NI,VAMEI,2001-12-29 09:00:00,2.7,97.5,23.0,1003.0,
001880,1,2001361N01106,2001,104,NI,VAMEI,2001-12-29 12:00:00,2.8,97.1,25.0,1002.0,
001881,1,2001361N01106,2001,104,NI,VAMEI,2001-12-29 15:00:00,3.0,96.4,25.0,1002.0,
001882,1,2001361N01106,2001,104,NI,VAMEI,2001-12-29 18:00:00,3.3,95.7,25.0,1002.0,
001883,1,2001361N01106,2001,104,NI,VAMEI,2001-12-29 21:00:00,3.6,95.0,25.0,1002.0,
001884,1,2001361N01106,2001,104,NI,VAMEI,2001-12-30 00:00:00,3.8,94.3,25.0,1002.0,
001885,1,2001361N01106,2001,104,NI,VAMEI,2001-12-30 03:00:00,4.0,93.8,25.0,1002.0,
001886,1,2001361N01106,2001,104,NI,VAMEI,2001-12-30 06:00:00,4.1,93.3,25.0,1002.0,
001887,1,2001361N01106,2001,104,NI,VAMEI,2001-12-30 09:00:00,4.3,92.9,25.0,1002.0,
001888,1,2001361N01106,2001,104,NI,VAMEI,2001-12-30 12:00:00,4.4,92.5,25.0,1002.0,
001889,1,2001361N01106,2001,104,NI,VAMEI,2001-12-30 15:00:00,4.5,92.1,30.0,1001.0,
001890,1,2001361N01106,2001,104,NI,VAMEI,2001-12-30 18:00:00,4.6,91.8,35.0,1000.0,
001891,1,2001361N01106,2001,104,NI,VAMEI,2001-12-30 21:00:00,4.6,91.5,35.0,999.0,
001892,1,2001361N01106,2001,104,NI,VAMEI,2001-12-31 00:00:00,4.6,91.2,35.0,997.0,
001893,1,2001361N01106,2001,104,NI,VAMEI,2001-12-31 03:00:00,4.6,91.0,35.0,997.0,
001894,1,2001361N01106,2001,104,NI,VAMEI,2001-12-31 06:00:00,4.5,90.8,35.0,997.0,
001895,1,2001361N01106,2001,104,NI,VAMEI,2001-12-31 09:00:00,4.4,90.6,35.0,997.0,
001896,1,2001361N01106,2001,104,NI,VAMEI,2001-12-31 12:00:00,4.2,90.5,35.0,997.0,
001897,1,2001361N01106,2001,104,NI,VAMEI,2001-12-31 15:00:00,4.0,90.4,33.0,999.0,
001898,1,2001361N01106,2001,104,NI,VAMEI,2001-12-31 18:00:00,3.8,90.3,30.0,1000.0,
001899,1,2001361N01106,2001,104,NI,VAMEI,2001-12-31 21:00:00,3.6,90.2,28.0,1001.0,
001900,1,2001361N01106,2001,104,NI,VAMEI,2002-01-01 00:00:00,3.4,90.0,25.0,1002.0,
001901,1,2001361N01106,2001,104,NI,VAMEI,2002-01-01 03:00:00,3.2,89.7,25.0,1002.0,
001902,1,2001361N01106,2001,104,NI,VAMEI,2002-01-01 06:00:00,3.0,89.3,25.0,1002.0,
001903,1,2004319N10134,2004,91,WP,MUIFA,2004-11-13 18:00:00,9.6,134.2,20.0,1004.0,
001904,1,2004319N10134,2004,91,WP,MUIFA,2004-11-13 21:00:00,10.1,133.2,25.0,1002.0,
001905,1,2004319N10134,2004,91,WP,MUIFA,2004-11-14 00:00:00,10.4,132.3,30.0,1000.0,
001906,1,2004319N10134,2004,91,WP,MUIFA,2004-11-14 03:00:00,10.8,131.5,30.0,1000.0,
001907,1,2004319N10134,2004,91,WP,MUIFA,2004-11-14 06:00:00,11.1,130.7,30.0,1000.0,
001908,1,2004319N10134,2004,91,WP,MUIFA,2004-11-14 09:00:00,11.6,129.8,33.0,999.0,
001909,1,2004319N10134,2004,91,WP,MUIFA,2004-11-14 12:00:00,12.0,129.0,35.0,997.0,
001910,1,2004319N10134,2004,91,WP,MUIFA,2004-11-14 15:00:00,12.3,128.1,35.0,997.0,
001911,1,2004319N10134,2004,91,WP,MUIFA,2004-11-14 18:00:00,12.4,127.3,35.0,997.0,
001912,1,2004319N10134,2004,91,WP,MUIFA,2004-11-14 21:00:00,12.3,126.7,35.0,997.0,
001913,1,2004319N10134,2004,91,WP,MUIFA,2004-11-15 00:00:00,12.3,126.4,35.0,997.0,
001914,1,2004319N10134,2004,91,WP,MUIFA,2004-11-15 03:00:00,12.7,126.2,35.0,997.0,
001915,1,2004319N10134,2004,91,WP,MUIFA,2004-11-15 06:00:00,13.1,126.2,35.0,997.0,
001916,1,2004319N10134,2004,91,WP,MUIFA,2004-11-15 09:00:00,13.4,126.0,35.0,997.0,
001917,1,2004319N10134,2004,91,WP,MUIFA,2004-11-15 12:00:00,13.7,125.7,35.0,997.0,
001918,1,2004319N10134,2004,91,WP,MUIFA,2004-11-15 15:00:00,13.8,125.5,35.0,997.0,
001919,1,2004319N10134,2004,91,WP,MUIFA,2004-11-15 18:00:00,13.9,125.4,35.0,997.0,
001920,1,2004319N10134,2004,91,WP,MUIFA,2004-11-15 21:00:00,14.0,125.4,38.0,996.0,
001921,1,2004319N10134,2004,91,WP,MUIFA,2004-11-16 00:00:00,14.2,125.4,40.0,994.0,
001922,1,2004319N10134,2004,91,WP,MUIFA,2004-11-16 03:00:00,14.4,125.1,43.0,993.0,
001923,1,2004319N10134,2004,91,WP,MUIFA,2004-11-16 06:00:00,14.6,124.7,45.0,991.0,
001924,1,2004319N10134,2004,91,WP,MUIFA,2004-11-16 09:00:00,14.5,124.3,50.0,988.0,
001925,1,2004319N10134,2004,91,WP,MUIFA,2004-11-16 12:00:00,14.4,124.0,55.0,984.0,
001926,1,2004319N10134,2004,91,WP,MUIFA,2004-11-16 15:00:00,14.4,123.8,55.0,984.0,
001927,1,2004319N10134,2004,91,WP,MUIFA,2004-11-16 18:00:00,14.4,123.7,55.0,984.0,
001928,1,2004319N10134,2004,91,WP,MUIFA,2004-11-16 21:00:00,14.4,123.7,58.0,982.0,
001929,1,2004319N10134,2004,91,WP,MUIFA,2004-11-17 00:00:00,14.5,123.6,60.0,980.0,
001930,1,2004319N10134,2004,91,WP,MUIFA,2004-11-17 03:00:00,14.6,123.6,63.0,978.0,
001931,1,2004319N10134,2004,91,WP,MUIFA,2004-11-17 06:00:00,14.7,123.6,65.0,976.0,
001932,1,2004319N10134,2004,91,WP,MUIFA,2004-11-17 09:00:00,14.8,123.7,70.0,972.0,
001933,1,2004319N10134,2004,91,WP,MUIFA,2004-11-17 12:00:00,15.0,123.7,75.0,967.0,
001934,1,2004319N10134,2004,91,WP,MUIFA,2004-11-17 15:00:00,15.2,123.7,83.0,961.0,
001935,1,2004319N10134,2004,91,WP,MUIFA,2004-11-17 18:00:00,15.4,123.7,90.0,954.0,
001936,1,2004319N10134,2004,91,WP,MUIFA,2004-11-17 21:00:00,15.5,123.7,98.0,946.0,
001937,1,2004319N10134,2004,91,WP,MUIFA,2004-11-18 00:00:00,15.6,123.7,105.0,938.0,
001938,1,2004319N10134,2004,91,WP,MUIFA,2004-11-18 03:00:00,15.7,123.8,110.0,933.0,
001939,1,2004319N10134,2004,91,WP,MUIFA,2004-11-18 06:00:00,15.8,123.9,115.0,927.0,
001940,1,2004319N10134,2004,91,WP,MUIFA,2004-11-18 09:00:00,15.8,124.0,115.0,927.0,
001941,1,2004319N10134,2004,91,WP,MUIFA,2004-11-18 12:00:00,15.9,124.1,115.0,927.0,
001942,1,2004319N10134,2004,91,WP,MUIFA,2004-11-18 15:00:00,15.8,124.2,110.0,933.0,
001943,1,2004319N10134,2004,91,WP,MUIFA,2004-11-18 18:00:00,15.8,124.3,105.0,938.0,
001944,1,2004319N10134,2004,91,WP,MUIFA,2004-11-18 21:00:00,15.6,124.3,105.0,938.0,
001945,1,2004319N10134,2004,91,WP,MUIFA,2004-11-19 00:00:00,15.4,124.3,105.0,938.0,
001946,1,2004319N10134,2004,91,WP,MUIFA,2004-11-19 03:00:00,15.1,124.2,98.0,946.0,
001947,1,2004319N10134,2004,91,WP,MUIFA,2004-11-19 06:00:00,14.8,124.1,90.0,954.0,
001948,1,2004319N10134,2004,91,WP,MUIFA,2004-11-19 09:00:00,14.5,124.0,88.0,956.0,
001949,1,2004319N10134,2004,91,WP,MUIFA,2004-11-19 12:00:00,14.3,123.7,85.0,958.0,
001950,1,2004319N10134,2004,91,WP,MUIFA,2004-11-19 15:00:00,14.0,123.2,83.0,961.0,
001951,1,2004319N10134,2004,91,WP,MUIFA,2004-11-19 18:00:00,13.6,122.7,80.0,963.0,
001952,1,2004319N10134,2004,91,WP,MUIFA,2004-11-19 21:00:00,13.2,122.1,78.0,965.0,
001953,1,2004319N10134,2004,91,WP,MUIFA,2004-11-20 00:00:00,12.8,121.6,75.0,967.0,
001954,1,2004319N10134,2004,91,WP,MUIFA,2004-11-20 03:00:00,12.6,120.9,70.0,972.0,
001955,1,2004319N10134,2004,91,WP,MUIFA,2004-11-20 06:00:00,12.4,120.3,65.0,976.0,
001956,1,2004319N10134,2004,91,WP,MUIFA,2004-11-20 09:00:00,12.4,119.8,63.0,978.0,
001957,1,2004319N10134,2004,91,WP,MUIFA,2004-11-20 12:00:00,12.3,119.4,60.0,980.0,
001958,1,2004319N10134,2004,91,WP,MUIFA,2004-11-20 15:00:00,12.3,118.9,63.0,978.0,
001959,1,2004319N10134,2004,91,WP,MUIFA,2004-11-20 18:00:00,12.3,118.4,65.0,976.0,
001960,1,2004319N10134,2004,91,WP,MUIFA,2004-11-20 21:00:00,12.2,117.8,65.0,976.0,
001961,1,2004319N10134,2004,91,WP,MUIFA,2004-11-21 00:00:00,12.0,117.2,65.0,976.0,
001962,1,2004319N10134,2004,91,WP,MUIFA,2004-11-21 03:00:00,12.0,116.6,68.0,974.0,
001963,1,2004319N10134,2004,91,WP,MUIFA,2004-11-21 06:00:00,11.9,116.1,70.0,972.0,
001964,1,2004319N10134,2004,91,WP,MUIFA,2004-11-21 09:00:00,11.9,115.6,75.0,968.0,
001965,1,2004319N10134,2004,91,WP,MUIFA,2004-11-21 12:00:00,11.8,115.2,80.0,963.0,
001966,1,2004319N10134,2004,91,WP,MUIFA,2004-11-21 15:00:00,11.8,114.8,85.0,959.0,
001967,1,2004319N10134,2004,91,WP,MUIFA,2004-11-21 18:00:00,11.7,114.4,90.0,954.0,
001968,1,2004319N10134,2004,91,WP,MUIFA,2004-11-21 21:00:00,11.6,114.0,88.0,956.0,
001969,1,2004319N10134,2004,91,WP,MUIFA,2004-11-22 00:00:00,11.5,113.7,85.0,958.0,
001970,1,2004319N10134,2004,91,WP,MUIFA,2004-11-22 03:00:00,11.3,113.3,85.0,958.0,
001971,1,2004319N10134,2004,91,WP,MUIFA,2004-11-22 06:00:00,11.1,113.0,85.0,958.0,
001972,1,2004319N10134,2004,91,WP,MUIFA,2004-11-22 09:00:00,10.9,112.8,80.0,963.0,
001973,1,2004319N10134,2004,91,WP,MUIFA,2004-11-22 12:00:00,10.8,112.6,75.0,967.0,
001974,1,2004319N10134,2004,91,WP,MUIFA,2004-11-22 15:00:00,10.7,112.4,70.0,972.0,
001975,1,2004319N10134,2004,91,WP,MUIFA,2004-11-22 18:00:00,10.6,112.2,65.0,976.0,
001976,1,2004319N10134,2004,91,WP,MUIFA,2004-11-22 21:00:00,10.4,112.0,65.0,976.0,
001977,1,2004319N10134,2004,91,WP,MUIFA,2004-11-23 00:00:00,10.3,111.8,65.0,976.0,
001978,1,2004319N10134,2004,91,WP,MUIFA,2004-11-23 03:00:00,10.1,111.5,65.0,976.0,
001979,1,2004319N10134,2004,91,WP,MUIFA,2004-11-23 06:00:00,10.0,111.3,65.0,976.0,
001980,1,2004319N10134,2004,91,WP,MUIFA,2004-11-23 09:00:00,9.9,111.0,63.0,978.0,
001981,1,2004319N10134,2004,91,WP,MUIFA,2004-11-23 12:00:00,9.8,110.7,60.0,980.0,
001982,1,2004319N10134,2004,91,WP,MUIFA,2004-11-23 15:00:00,9.7,110.5,58.0,982.0,
001983,1,2004319N10134,2004,91,WP,MUIFA,2004-11-23 18:00:00,9.6,110.2,55.0,984.0,
001984,1,2004319N10134,2004,91,WP,MUIFA,2004-11-23 21:00:00,9.4,109.9,55.0,984.0,
001985,1,2004319N10134,2004,91,WP,MUIFA,2004-11-24 00:00:00,9.2,109.5,55.0,984.0,
001986,1,2004319N10134,2004,91,WP,MUIFA,2004-11-24 03:00:00,9.1,109.1,53.0,986.0,
001987,1,2004319N10134,2004,91,WP,MUIFA,2004-11-24 06:00:00,8.9,108.6,50.0,987.0,
001988,1,2004319N10134,2004,91,WP,MUIFA,2004-11-24 09:00:00,8.7,107.9,45.0,991.0,
001989,1,2004319N10134,2004,91,WP,MUIFA,2004-11-24 12:00:00,8.5,107.2,40.0,994.0,
001990,1,2004319N10134,2004,91,WP,MUIFA,2004-11-24 15:00:00,8.4,106.4,40.0,994.0,
001991,1,2004319N10134,2004,91,WP,MUIFA,2004-11-24 18:00:00,8.4,105.5,40.0,994.0,
001992,1,2004319N10134,2004,91,WP,MUIFA,2004-11-24 21:00:00,8.5,104.5,40.0,994.0,
001993,1,2004319N10134,2004,91,WP,MUIFA,2004-11-25 00:00:00,8.6,103.7,40.0,994.0,
001994,1,2004319N10134,2004,91,WP,MUIFA,2004-11-25 03:00:00,8.6,102.7,38.0,996.0,
001995,1,2004319N10134,2004,91,WP,MUIFA,2004-11-25 06:00:00,8.6,101.9,35.0,997.0,
001996,1,2004319N10134,2004,91,WP,MUIFA,2004-11-25 09:00:00,8.7,101.1,33.0,999.0,
001997,1,2004319N10134,2004,91,WP,MUIFA,2004-11-25 12:00:00,8.9,100.5,30.0,1000.0,
001998,1,2004319N10134,2004,91,NI,MUIFA,2004-11-25 15:00:00,9.4,99.9,30.0,1000.0,
001999,1,2004319N10134,2004,91,NI,MUIFA,2004-11-25 18:00:00,10.0,99.6,30.0,1000.0,
002000,1,2004319N10134,2004,91,NI,MUIFA,2004-11-25 21:00:00,10.6,99.6,28.0,1001.0,
002001,1,2004319N10134,2004,91,NI,MUIFA,2004-11-26 00:00:00,11.3,99.9,25.0,1002.0,
002002,1,2005257N15120,2005,73,WP,VICENTE,2005-09-14 06:00:00,14.7,119.6,15.0,1006.0,
002003,1,2005257N15120,2005,73,WP,VICENTE,2005-09-14 09:00:00,14.9,119.0,15.0,1006.0,
002004,1,2005257N15120,2005,73,WP,VICENTE,2005-09-14 12:00:00,15.0,118.5,15.0,1006.0,
002005,1,2005257N15120,2005,73,WP,VICENTE,2005-09-14 15:00:00,15.0,118.0,15.0,1006.0,
002006,1,2005257N15120,2005,73,WP,VICENTE,2005-09-14 18:00:00,14.9,117.4,15.0,1006.0,
002007,1,2005257N15120,2005,73,WP,VICENTE,2005-09-14 21:00:00,14.8,116.7,15.0,1006.0,
002008,1,2005257N15120,2005,73,WP,VICENTE,2005-09-15 00:00:00,14.7,116.1,15.0,1006.0,
002009,1,2005257N15120,2005,73,WP,VICENTE,2005-09-15 03:00:00,14.4,115.6,18.0,1005.0,
002010,1,2005257N15120,2005,73,WP,VICENTE,2005-09-15 06:00:00,14.1,115.3,20.0,1004.0,
002011,1,2005257N15120,2005,73,WP,VICENTE,2005-09-15 09:00:00,13.9,114.9,20.0,1004.0,
002012,1,2005257N15120,2005,73,WP,VICENTE,2005-09-15 12:00:00,13.6,114.4,20.0,1004.0,
002013,1,2005257N15120,2005,73,WP,VICENTE,2005-09-15 15:00:00,13.3,113.9,20.0,1004.0,
002014,1,2005257N15120,2005,73,WP,VICENTE,2005-09-15 18:00:00,12.9,113.5,20.0,1004.0,
002015,1,2005257N15120,2005,73,WP,VICENTE,2005-09-15 21:00:00,12.4,113.1,25.0,1002.0,
002016,1,2005257N15120,2005,73,WP,VICENTE,2005-09-16 00:00:00,11.9,112.9,30.0,1000.0,
002017,1,2005257N15120,2005,73,WP,VICENTE,2005-09-16 03:00:00,11.3,113.1,33.0,999.0,
002018,1,2005257N15120,2005,73,WP,VICENTE,2005-09-16 06:00:00,10.9,113.5,35.0,997.0,
002019,1,2005257N15120,2005,73,WP,VICENTE,2005-09-16 09:00:00,11.0,113.9,33.0,999.0,
002020,1,2005257N15120,2005,73,WP,VICENTE,2005-09-16 12:00:00,11.4,114.3,30.0,1000.0,
002021,1,2005257N15120,2005,73,WP,VICENTE,2005-09-16 15:00:00,11.8,114.4,33.0,999.0,
002022,1,2005257N15120,2005,73,WP,VICENTE,2005-09-16 18:00:00,12.3,114.4,35.0,997.0,
002023,1,2005257N15120,2005,73,WP,VICENTE,2005-09-16 21:00:00,12.9,114.5,35.0,997.0,
002024,1,2005257N15120,2005,73,WP,VICENTE,2005-09-17 00:00:00,13.6,114.5,35.0,997.0,
002025,1,2005257N15120,2005,73,WP,VICENTE,2005-09-17 03:00:00,14.5,114.2,35.0,997.0,
002026,1,2005257N15120,2005,73,WP,VICENTE,2005-09-17 06:00:00,15.3,113.7,35.0,997.0,
002027,1,2005257N15120,2005,73,WP,VICENTE,2005-09-17 09:00:00,16.0,112.7,35.0,997.0,
002028,1,2005257N15120,2005,73,WP,VICENTE,2005-09-17 12:00:00,16.5,111.7,35.0,997.0,
002029,1,2005257N15120,2005,73,WP,VICENTE,2005-09-17 15:00:00,16.8,110.7,40.0,994.0,
002030,1,2005257N15120,2005,73,WP,VICENTE,2005-09-17 18:00:00,17.0,109.9,45.0,991.0,
002031,1,2005257N15120,2005,73,WP,VICENTE,2005-09-17 21:00:00,17.1,109.2,48.0,989.0,
002032,1,2005257N15120,2005,73,WP,VICENTE,2005-09-18 00:00:00,17.2,108.5,50.0,987.0,
002033,1,2005257N15120,2005,73,WP,VICENTE,2005-09-18 03:00:00,17.3,107.7,50.0,987.0,
002034,1,2005257N15120,2005,73,WP,VICENTE,2005-09-18 06:00:00,17.6,106.9,50.0,987.0,
002035,1,2005257N15120,2005,73,WP,VICENTE,2005-09-18 09:00:00,18.1,106.0,48.0,989.0,
002036,1,2005257N15120,2005,73,WP,VICENTE,2005-09-18 12:00:00,18.7,104.9,45.0,991.0,
002037,1,2005257N15120,2005,73,WP,VICENTE,2005-09-18 15:00:00,19.0,103.6,,,
002038,1,2005257N15120,2005,73,WP,VICENTE,2005-09-18 18:00:00,19.2,102.3,,,
002039,1,2005257N15120,2005,73,WP,VICENTE,2005-09-18 21:00:00,19.6,101.0,,,
002040,1,2005257N15120,2005,73,NI,VICENTE,2005-09-19 00:00:00,20.0,99.8,,,
002041,1,2005262N13127,2005,81,WP,DAMREY,2005-09-19 06:00:00,13.2,127.0,,,
002042,1,2005262N13127,2005,81,WP,DAMREY,2005-09-19 09:00:00,13.5,126.6,,,
002043,1,2005262N13127,2005,81,WP,DAMREY,2005-09-19 12:00:00,13.8,126.1,,,
002044,1,2005262N13127,2005,81,WP,DAMREY,2005-09-19 15:00:00,14.1,125.6,,,
002045,1,2005262N13127,2005,81,WP,DAMREY,2005-09-19 18:00:00,14.3,125.2,,,
002046,1,2005262N13127,2005,81,WP,DAMREY,2005-09-19 21:00:00,14.6,124.9,,,
002047,1,2005262N13127,2005,81,WP,DAMREY,2005-09-20 00:00:00,14.9,124.6,,,
002048,1,2005262N13127,2005,81,WP,DAMREY,2005-09-20 03:00:00,15.3,124.3,,,
002049,1,2005262N13127,2005,81,WP,DAMREY,2005-09-20 06:00:00,15.7,124.2,25.0,1002.0,
002050,1,2005262N13127,2005,81,WP,DAMREY,2005-09-20 09:00:00,16.1,124.1,28.0,1001.0,
002051,1,2005262N13127,2005,81,WP,DAMREY,2005-09-20 12:00:00,16.4,123.9,30.0,1000.0,
002052,1,2005262N13127,2005,81,WP,DAMREY,2005-09-20 15:00:00,16.8,123.7,33.0,999.0,
002053,1,2005262N13127,2005,81,WP,DAMREY,2005-09-20 18:00:00,17.2,123.5,35.0,997.0,
002054,1,2005262N13127,2005,81,WP,DAMREY,2005-09-20 21:00:00,17.7,123.2,35.0,997.0,
002055,1,2005262N13127,2005,81,WP,DAMREY,2005-09-21 00:00:00,18.1,122.9,35.0,997.0,
002056,1,2005262N13127,2005,81,WP,DAMREY,2005-09-21 03:00:00,18.4,122.6,38.0,996.0,
002057,1,2005262N13127,2005,81,WP,DAMREY,2005-09-21 06:00:00,18.7,122.2,40.0,994.0,
002058,1,2005262N13127,2005,81,WP,DAMREY,2005-09-21 09:00:00,18.8,121.9,45.0,991.0,
002059,1,2005262N13127,2005,81,WP,DAMREY,2005-09-21 12:00:00,18.9,121.6,50.0,987.0,
002060,1,2005262N13127,2005,81,WP,DAMREY,2005-09-21 15:00:00,19.1,121.3,50.0,987.0,
002061,1,2005262N13127,2005,81,WP,DAMREY,2005-09-21 18:00:00,19.2,121.1,50.0,987.0,
002062,1,2005262N13127,2005,81,WP,DAMREY,2005-09-21 21:00:00,19.5,120.9,53.0,986.0,
002063,1,2005262N13127,2005,81,WP,DAMREY,2005-09-22 00:00:00,19.7,120.8,55.0,984.0,
002064,1,2005262N13127,2005,81,WP,DAMREY,2005-09-22 03:00:00,19.9,120.5,55.0,984.0,
002065,1,2005262N13127,2005,81,WP,DAMREY,2005-09-22 06:00:00,20.1,120.3,55.0,984.0,
002066,1,2005262N13127,2005,81,WP,DAMREY,2005-09-22 09:00:00,20.1,120.0,55.0,984.0,
002067,1,2005262N13127,2005,81,WP,DAMREY,2005-09-22 12:00:00,20.1,119.7,55.0,984.0,
002068,1,2005262N13127,2005,81,WP,DAMREY,2005-09-22 15:00:00,20.0,119.3,55.0,984.0,
002069,1,2005262N13127,2005,81,WP,DAMREY,2005-09-22 18:00:00,20.0,118.9,55.0,984.0,
002070,1,2005262N13127,2005,81,WP,DAMREY,2005-09-22 21:00:00,20.0,118.5,53.0,986.0,
002071,1,2005262N13127,2005,81,WP,DAMREY,2005-09-23 00:00:00,20.1,118.1,50.0,987.0,
002072,1,2005262N13127,2005,81,WP,DAMREY,2005-09-23 03:00:00,20.2,117.6,50.0,987.0,
002073,1,2005262N13127,2005,81,WP,DAMREY,2005-09-23 06:00:00,20.3,117.1,50.0,987.0,
002074,1,2005262N13127,2005,81,WP,DAMREY,2005-09-23 09:00:00,20.3,116.9,50.0,987.0,
002075,1,2005262N13127,2005,81,WP,DAMREY,2005-09-23 12:00:00,20.3,116.7,50.0,987.0,
002076,1,2005262N13127,2005,81,WP,DAMREY,2005-09-23 15:00:00,20.2,116.4,48.0,989.0,
002077,1,2005262N13127,2005,81,WP,DAMREY,2005-09-23 18:00:00,20.2,116.1,45.0,991.0,
002078,1,2005262N13127,2005,81,WP,DAMREY,2005-09-23 21:00:00,20.0,115.8,48.0,989.0,
002079,1,2005262N13127,2005,81,WP,DAMREY,2005-09-24 00:00:00,19.9,115.4,50.0,987.0,
002080,1,2005262N13127,2005,81,WP,DAMREY,2005-09-24 03:00:00,19.8,115.1,53.0,986.0,
002081,1,2005262N13127,2005,81,WP,DAMREY,2005-09-24 06:00:00,19.7,114.8,55.0,984.0,
002082,1,2005262N13127,2005,81,WP,DAMREY,2005-09-24 09:00:00,19.5,114.4,58.0,982.0,
002083,1,2005262N13127,2005,81,WP,DAMREY,2005-09-24 12:00:00,19.4,114.0,60.0,980.0,
002084,1,2005262N13127,2005,81,WP,DAMREY,2005-09-24 15:00:00,19.1,113.7,63.0,978.0,
002085,1,2005262N13127,2005,81,WP,DAMREY,2005-09-24 18:00:00,19.0,113.4,65.0,976.0,
002086,1,2005262N13127,2005,81,WP,DAMREY,2005-09-24 21:00:00,18.9,113.2,73.0,970.0,
002087,1,2005262N13127,2005,81,WP,DAMREY,2005-09-25 00:00:00,18.9,113.0,80.0,963.0,
002088,1,2005262N13127,2005,81,WP,DAMREY,2005-09-25 03:00:00,19.0,112.7,85.0,959.0,
002089,1,2005262N13127,2005,81,WP,DAMREY,2005-09-25 06:00:00,19.0,112.4,90.0,954.0,
002090,1,2005262N13127,2005,81,WP,DAMREY,2005-09-25 09:00:00,19.1,112.1,88.0,956.0,
002091,1,2005262N13127,2005,81,WP,DAMREY,2005-09-25 12:00:00,19.1,111.7,85.0,958.0,
002092,1,2005262N13127,2005,81,WP,DAMREY,2005-09-25 15:00:00,19.1,111.3,83.0,961.0,
002093,1,2005262N13127,2005,81,WP,DAMREY,2005-09-25 18:00:00,19.1,110.8,80.0,963.0,
002094,1,2005262N13127,2005,81,WP,DAMREY,2005-09-25 21:00:00,18.9,110.3,75.0,968.0,
002095,1,2005262N13127,2005,81,WP,DAMREY,2005-09-26 00:00:00,18.7,109.9,70.0,972.0,
002096,1,2005262N13127,2005,81,WP,DAMREY,2005-09-26 03:00:00,18.7,109.5,68.0,974.0,
002097,1,2005262N13127,2005,81,WP,DAMREY,2005-09-26 06:00:00,18.8,109.0,65.0,976.0,
002098,1,2005262N13127,2005,81,WP,DAMREY,2005-09-26 09:00:00,19.0,108.6,63.0,978.0,
002099,1,2005262N13127,2005,81,WP,DAMREY,2005-09-26 12:00:00,19.2,108.2,60.0,980.0,
002100,1,2005262N13127,2005,81,WP,DAMREY,2005-09-26 15:00:00,19.3,107.8,58.0,982.0,
002101,1,2005262N13127,2005,81,WP,DAMREY,2005-09-26 18:00:00,19.4,107.5,55.0,984.0,
002102,1,2005262N13127,2005,81,WP,DAMREY,2005-09-26 21:00:00,19.5,106.9,53.0,986.0,
002103,1,2005262N13127,2005,81,WP,DAMREY,2005-09-27 00:00:00,19.6,106.3,50.0,987.0,
002104,1,2005262N13127,2005,81,WP,DAMREY,2005-09-27 03:00:00,19.6,105.7,48.0,989.0,
002105,1,2005262N13127,2005,81,WP,DAMREY,2005-09-27 06:00:00,19.7,105.0,45.0,991.0,
002106,1,2005262N13127,2005,81,WP,DAMREY,2005-09-27 09:00:00,19.6,104.4,40.0,994.0,
002107,1,2005262N13127,2005,81,WP,DAMREY,2005-09-27 12:00:00,19.5,103.8,35.0,997.0,
002108,1,2005262N13127,2005,81,WP,DAMREY,2005-09-27 15:00:00,19.4,103.2,33.0,999.0,
002109,1,2005262N13127,2005,81,WP,DAMREY,2005-09-27 18:00:00,19.4,102.6,30.0,1000.0,
002110,1,2005262N13127,2005,81,WP,DAMREY,2005-09-27 21:00:00,19.9,102.0,,,
002111,1,2005262N13127,2005,81,WP,DAMREY,2005-09-28 00:00:00,20.4,101.3,,,
002112,1,2005262N13127,2005,81,WP,DAMREY,2005-09-28 03:00:00,20.7,100.5,,,
002113,1,2005262N13127,2005,81,NI,DAMREY,2005-09-28 06:00:00,21.0,99.7,,,
002114,1,2005330N09096,2005,109,NI,BAAZ,2005-11-26 06:00:00,9.4,96.1,15.0,1006.0,
002115,1,2005330N09096,2005,109,NI,BAAZ,2005-11-26 09:00:00,9.6,95.8,15.0,1006.0,
002116,1,2005330N09096,2005,109,NI,BAAZ,2005-11-26 12:00:00,9.7,95.5,15.0,1006.0,
002117,1,2005330N09096,2005,109,NI,BAAZ,2005-11-26 15:00:00,9.8,95.2,18.0,1005.0,
002118,1,2005330N09096,2005,109,NI,BAAZ,2005-11-26 18:00:00,10.0,94.9,20.0,1004.0,
002119,1,2005330N09096,2005,109,NI,BAAZ,2005-11-26 21:00:00,10.4,94.8,23.0,1003.0,
002120,1,2005330N09096,2005,109,NI,BAAZ,2005-11-27 00:00:00,10.7,94.6,25.0,1002.0,
002121,1,2005330N09096,2005,109,NI,BAAZ,2005-11-27 03:00:00,10.8,94.2,25.0,1002.0,
002122,1,2005330N09096,2005,109,NI,BAAZ,2005-11-27 06:00:00,10.9,93.7,25.0,1002.0,
002123,1,2005330N09096,2005,109,NI,BAAZ,2005-11-27 09:00:00,11.0,93.2,28.0,1001.0,
002124,1,2005330N09096,2005,109,NI,BAAZ,2005-11-27 12:00:00,11.0,92.6,30.0,1000.0,
002125,1,2005330N09096,2005,109,NI,BAAZ,2005-11-27 15:00:00,10.9,91.9,30.0,1000.0,
002126,1,2005330N09096,2005,109,NI,BAAZ,2005-11-27 18:00:00,10.8,91.2,30.0,1000.0,
002127,1,2005330N09096,2005,109,NI,BAAZ,2005-11-27 21:00:00,10.5,90.5,33.0,999.0,
002128,1,2005330N09096,2005,109,NI,BAAZ,2005-11-28 00:00:00,10.3,89.9,35.0,997.0,
002129,1,2005330N09096,2005,109,NI,BAAZ,2005-11-28 03:00:00,10.4,89.6,35.0,997.0,
002130,1,2005330N09096,2005,109,NI,BAAZ,2005-11-28 06:00:00,10.5,89.3,35.0,997.0,
002131,1,2005330N09096,2005,109,NI,BAAZ,2005-11-28 09:00:00,10.5,88.7,35.0,997.0,
002132,1,2005330N09096,2005,109,NI,BAAZ,2005-11-28 12:00:00,10.6,88.3,35.0,997.0,
002133,1,2005330N09096,2005,109,NI,BAAZ,2005-11-28 15:00:00,10.7,87.8,40.0,994.0,
002134,1,2005330N09096,2005,109,NI,BAAZ,2005-11-28 18:00:00,10.8,87.7,45.0,991.0,
002135,1,2005330N09096,2005,109,NI,BAAZ,2005-11-28 21:00:00,10.9,87.4,45.0,991.0,
002136,1,2005330N09096,2005,109,NI,BAAZ,2005-11-29 00:00:00,11.1,87.0,45.0,991.0,
002137,1,2005330N09096,2005,109,NI,BAAZ,2005-11-29 03:00:00,11.2,86.6,45.0,991.0,
002138,1,2005330N09096,2005,109,NI,BAAZ,2005-11-29 06:00:00,11.7,86.0,45.0,991.0,
002139,1,2005330N09096,2005,109,NI,BAAZ,2005-11-29 09:00:00,12.0,85.3,45.0,991.0,
002140,1,2005330N09096,2005,109,NI,BAAZ,2005-11-29 12:00:00,12.3,84.6,45.0,991.0,
002141,1,2005330N09096,2005,109,NI,BAAZ,2005-11-29 15:00:00,12.3,84.5,45.0,991.0,
002142,1,2005330N09096,2005,109,NI,BAAZ,2005-11-29 18:00:00,12.2,84.4,45.0,991.0,
002143,1,2005330N09096,2005,109,NI,BAAZ,2005-11-29 21:00:00,12.2,84.2,43.0,993.0,
002144,1,2005330N09096,2005,109,NI,BAAZ,2005-11-30 00:00:00,12.3,84.2,40.0,994.0,
002145,1,2005330N09096,2005,109,NI,BAAZ,2005-11-30 03:00:00,12.4,84.1,40.0,994.0,
002146,1,2005330N09096,2005,109,NI,BAAZ,2005-11-30 06:00:00,12.7,84.1,40.0,994.0,
002147,1,2005330N09096,2005,109,NI,BAAZ,2005-11-30 09:00:00,12.7,84.2,40.0,994.0,
002148,1,2005330N09096,2005,109,NI,BAAZ,2005-11-30 12:00:00,12.6,84.2,40.0,994.0,
002149,1,2005330N09096,2005,109,NI,BAAZ,2005-11-30 15:00:00,12.6,84.1,43.0,993.0,
002150,1,2005330N09096,2005,109,NI,BAAZ,2005-11-30 18:00:00,12.6,84.0,45.0,991.0,
002151,1,2005330N09096,2005,109,NI,BAAZ,2005-11-30 21:00:00,12.7,84.0,45.0,991.0,
002152,1,2005330N09096,2005,109,NI,BAAZ,2005-12-01 00:00:00,12.8,84.0,45.0,991.0,
002153,1,2005330N09096,2005,109,NI,BAAZ,2005-12-01 03:00:00,12.7,83.9,45.0,991.0,
002154,1,2005330N09096,2005,109,NI,BAAZ,2005-12-01 06:00:00,12.7,83.6,45.0,991.0,
002155,1,2005330N09096,2005,109,NI,BAAZ,2005-12-01 09:00:00,12.7,83.5,40.0,994.0,
002156,1,2005330N09096,2005,109,NI,BAAZ,2005-12-01 12:00:00,12.7,83.4,35.0,997.0,
002157,1,2005330N09096,2005,109,NI,BAAZ,2005-12-01 15:00:00,12.6,83.3,35.0,994.0,
002158,1,2005330N09096,2005,109,NI,BAAZ,2005-12-01 18:00:00,12.8,83.0,35.0,991.0,
002159,1,2005330N09096,2005,109,NI,BAAZ,2005-12-01 21:00:00,12.7,82.9,35.0,994.0,
002160,1,2005330N09096,2005,109,NI,BAAZ,2005-12-02 00:00:00,12.6,82.6,35.0,997.0,
002161,1,2005330N09096,2005,109,NI,BAAZ,2005-12-02 03:00:00,12.4,82.4,33.0,999.0,
002162,1,2005330N09096,2005,109,NI,BAAZ,2005-12-02 06:00:00,12.1,82.2,30.0,1000.0,
002163,1,2005330N09096,2005,109,NI,BAAZ,2005-12-02 09:00:00,12.2,81.8,30.0,1000.0,
002164,1,2005330N09096,2005,109,NI,BAAZ,2005-12-02 12:00:00,12.3,81.4,30.0,1000.0,
002165,1,2005330N09096,2005,109,NI,BAAZ,2005-12-02 15:00:00,12.4,81.1,30.0,1000.0,
002166,1,2005330N09096,2005,109,NI,BAAZ,2005-12-02 18:00:00,12.6,80.9,30.0,1000.0,
002167,1,2005330N09096,2005,109,NI,BAAZ,2005-12-02 21:00:00,12.7,80.6,30.0,1000.0,
002168,1,2005330N09096,2005,109,NI,BAAZ,2005-12-03 00:00:00,12.8,80.4,30.0,1000.0,
002169,1,2005330N09096,2005,109,NI,BAAZ,2005-12-03 03:00:00,12.7,80.2,28.0,1001.0,
002170,1,2005330N09096,2005,109,NI,BAAZ,2005-12-03 06:00:00,12.6,80.0,25.0,1002.0,
002171,1,2005330N09096,2005,109,NI,BAAZ,2005-12-03 09:00:00,12.5,79.8,23.0,1003.0,
002172,1,2005330N09096,2005,109,NI,BAAZ,2005-12-03 12:00:00,12.5,79.7,20.0,1004.0,
002173,1,2005330N09096,2005,109,NI,BAAZ,2005-12-03 15:00:00,12.5,79.6,20.0,1004.0,
002174,1,2005330N09096,2005,109,NI,BAAZ,2005-12-03 18:00:00,12.5,79.5,20.0,1004.0,
002175,1,2005330N09096,2005,109,NI,BAAZ,2005-12-03 21:00:00,12.5,79.4,20.0,1004.0,
002176,1,2005330N09096,2005,109,NI,BAAZ,2005-12-04 00:00:00,12.5,79.3,20.0,1004.0,
002177,1,2005338N09093,2005,111,NI,FANOOS,2005-12-04 06:00:00,8.7,93.0,20.0,1004.0,
002178,1,2005338N09093,2005,111,NI,FANOOS,2005-12-04 09:00:00,8.9,92.7,20.0,1004.0,
002179,1,2005338N09093,2005,111,NI,FANOOS,2005-12-04 12:00:00,9.1,92.4,20.0,1004.0,
002180,1,2005338N09093,2005,111,NI,FANOOS,2005-12-04 15:00:00,9.4,92.2,20.0,1004.0,
002181,1,2005338N09093,2005,111,NI,FANOOS,2005-12-04 18:00:00,9.6,92.0,20.0,1004.0,
002182,1,2005338N09093,2005,111,NI,FANOOS,2005-12-04 21:00:00,9.8,91.8,20.0,1004.0,
002183,1,2005338N09093,2005,111,NI,FANOOS,2005-12-05 00:00:00,9.9,91.5,20.0,1004.0,
002184,1,2005338N09093,2005,111,NI,FANOOS,2005-12-05 03:00:00,10.1,91.3,23.0,1003.0,
002185,1,2005338N09093,2005,111,NI,FANOOS,2005-12-05 06:00:00,10.2,91.0,25.0,1002.0,
002186,1,2005338N09093,2005,111,NI,FANOOS,2005-12-05 09:00:00,10.3,90.7,28.0,1001.0,
002187,1,2005338N09093,2005,111,NI,FANOOS,2005-12-05 12:00:00,10.4,90.4,30.0,1000.0,
002188,1,2005338N09093,2005,111,NI,FANOOS,2005-12-05 15:00:00,10.6,90.2,30.0,1000.0,
002189,1,2005338N09093,2005,111,NI,FANOOS,2005-12-05 18:00:00,10.9,90.0,30.0,1000.0,
002190,1,2005338N09093,2005,111,NI,FANOOS,2005-12-05 21:00:00,11.2,89.8,33.0,999.0,
002191,1,2005338N09093,2005,111,NI,FANOOS,2005-12-06 00:00:00,11.4,89.5,35.0,997.0,
002192,1,2005338N09093,2005,111,NI,FANOOS,2005-12-06 03:00:00,11.4,89.3,35.0,997.0,
002193,1,2005338N09093,2005,111,NI,FANOOS,2005-12-06 06:00:00,11.3,89.1,35.0,997.0,
002194,1,2005338N09093,2005,111,NI,FANOOS,2005-12-06 09:00:00,11.4,88.8,40.0,994.0,
002195,1,2005338N09093,2005,111,NI,FANOOS,2005-12-06 12:00:00,11.3,88.7,45.0,991.0,
002196,1,2005338N09093,2005,111,NI,FANOOS,2005-12-06 15:00:00,11.3,88.5,48.0,989.0,
002197,1,2005338N09093,2005,111,NI,FANOOS,2005-12-06 18:00:00,11.2,88.1,50.0,987.0,
002198,1,2005338N09093,2005,111,NI,FANOOS,2005-12-06 21:00:00,11.2,87.9,53.0,986.0,
002199,1,2005338N09093,2005,111,NI,FANOOS,2005-12-07 00:00:00,11.1,87.8,55.0,984.0,
002200,1,2005338N09093,2005,111,NI,FANOOS,2005-12-07 03:00:00,11.0,87.2,55.0,984.0,
002201,1,2005338N09093,2005,111,NI,FANOOS,2005-12-07 06:00:00,10.9,86.9,55.0,984.0,
002202,1,2005338N09093,2005,111,NI,FANOOS,2005-12-07 09:00:00,10.8,86.6,55.0,984.0,
002203,1,2005338N09093,2005,111,NI,FANOOS,2005-12-07 12:00:00,10.8,86.6,55.0,984.0,
002204,1,2005338N09093,2005,111,NI,FANOOS,2005-12-07 15:00:00,10.7,86.5,55.0,984.0,
002205,1,2005338N09093,2005,111,NI,FANOOS,2005-12-07 18:00:00,10.7,86.2,55.0,984.0,
002206,1,2005338N09093,2005,111,NI,FANOOS,2005-12-07 21:00:00,10.7,86.1,55.0,984.0,
002207,1,2005338N09093,2005,111,NI,FANOOS,2005-12-08 00:00:00,10.7,86.0,55.0,984.0,
002208,1,2005338N09093,2005,111,NI,FANOOS,2005-12-08 03:00:00,10.5,85.8,55.0,984.0,
002209,1,2005338N09093,2005,111,NI,FANOOS,2005-12-08 06:00:00,10.6,85.5,55.0,984.0,
002210,1,2005338N09093,2005,111,NI,FANOOS,2005-12-08 09:00:00,10.6,85.0,55.0,984.0,
002211,1,2005338N09093,2005,111,NI,FANOOS,2005-12-08 12:00:00,10.6,84.6,55.0,984.0,
002212,1,2005338N09093,2005,111,NI,FANOOS,2005-12-08 15:00:00,10.5,84.5,55.0,984.0,
002213,1,2005338N09093,2005,111,NI,FANOOS,2005-12-08 18:00:00,10.4,84.1,55.0,984.0,
002214,1,2005338N09093,2005,111,NI,FANOOS,2005-12-08 21:00:00,10.4,83.9,58.0,982.0,
002215,1,2005338N09093,2005,111,NI,FANOOS,2005-12-09 00:00:00,10.4,83.4,60.0,980.0,
002216,1,2005338N09093,2005,111,NI,FANOOS,2005-12-09 03:00:00,10.4,83.0,60.0,980.0,
002217,1,2005338N09093,2005,111,NI,FANOOS,2005-12-09 06:00:00,10.4,82.8,60.0,980.0,
002218,1,2005338N09093,2005,111,NI,FANOOS,2005-12-09 09:00:00,10.4,82.3,60.0,980.0,
002219,1,2005338N09093,2005,111,NI,FANOOS,2005-12-09 12:00:00,10.4,81.9,60.0,980.0,
002220,1,2005338N09093,2005,111,NI,FANOOS,2005-12-09 15:00:00,10.4,81.4,60.0,980.0,
002221,1,2005338N09093,2005,111,NI,FANOOS,2005-12-09 18:00:00,10.4,81.2,60.0,980.0,
002222,1,2005338N09093,2005,111,NI,FANOOS,2005-12-09 21:00:00,10.5,80.8,58.0,982.0,
002223,1,2005338N09093,2005,111,NI,FANOOS,2005-12-10 00:00:00,10.5,80.5,55.0,984.0,
002224,1,2005338N09093,2005,111,NI,FANOOS,2005-12-10 03:00:00,10.5,80.2,50.0,988.0,
002225,1,2005338N09093,2005,111,NI,FANOOS,2005-12-10 06:00:00,10.4,79.9,45.0,991.0,
002226,1,2005338N09093,2005,111,NI,FANOOS,2005-12-10 09:00:00,10.3,79.7,45.0,991.0,
002227,1,2005338N09093,2005,111,NI,FANOOS,2005-12-10 12:00:00,10.2,79.5,45.0,991.0,
002228,1,2005338N09093,2005,111,NI,FANOOS,2005-12-10 15:00:00,10.1,79.1,38.0,996.0,
002229,1,2005338N09093,2005,111,NI,FANOOS,2005-12-10 18:00:00,10.2,78.7,30.0,1000.0,
002230,1,2005338N09093,2005,111,NI,FANOOS,2005-12-10 21:00:00,10.2,78.2,30.0,1000.0,
002231,1,2005338N09093,2005,111,NI,FANOOS,2005-12-11 00:00:00,10.0,77.8,30.0,1000.0,
002232,1,2005338N09093,2005,111,NI,FANOOS,2005-12-11 03:00:00,9.7,77.5,28.0,1001.0,
002233,1,2005338N09093,2005,111,NI,FANOOS,2005-12-11 06:00:00,9.4,77.2,25.0,1002.0,
002234,1,2005338N09093,2005,111,NI,FANOOS,2005-12-11 09:00:00,9.1,76.9,25.0,1002.0,
002235,1,2005338N09093,2005,111,NI,FANOOS,2005-12-11 12:00:00,8.7,76.6,25.0,1002.0,
002236,1,2005338N09093,2005,111,NI,FANOOS,2005-12-11 15:00:00,8.3,76.4,25.0,1002.0,
002237,1,2005338N09093,2005,111,NI,FANOOS,2005-12-11 18:00:00,8.0,76.2,25.0,1002.0,
002238,1,2005338N09093,2005,111,NI,FANOOS,2005-12-11 21:00:00,7.9,76.0,25.0,1002.0,
002239,1,2005338N09093,2005,111,NI,FANOOS,2005-12-12 00:00:00,7.8,75.7,25.0,1002.0,
002240,1,2005338N09093,2005,111,NI,FANOOS,2005-12-12 03:00:00,7.6,75.4,25.0,1002.0,
002241,1,2005338N09093,2005,111,NI,FANOOS,2005-12-12 06:00:00,7.4,75.1,25.0,1002.0,
002242,1,2005338N09093,2005,111,NI,FANOOS,2005-12-12 09:00:00,7.2,74.8,25.0,1002.0,
002243,1,2005338N09093,2005,111,NI,FANOOS,2005-12-12 12:00:00,7.1,74.5,25.0,1002.0,
002244,1,2005338N09093,2005,111,NI,FANOOS,2005-12-12 15:00:00,7.0,74.3,20.0,1004.0,
002245,1,2005338N09093,2005,111,NI,FANOOS,2005-12-12 18:00:00,6.8,74.2,15.0,1006.0,
002246,1,2006114N08090,2006,23,NI,MALA,2006-04-24 06:00:00,8.4,90.1,20.0,1004.0,
002247,1,2006114N08090,2006,23,NI,MALA,2006-04-24 09:00:00,8.5,89.9,23.0,1003.0,
002248,1,2006114N08090,2006,23,NI,MALA,2006-04-24 12:00:00,8.6,89.7,25.0,1002.0,
002249,1,2006114N08090,2006,23,NI,MALA,2006-04-24 15:00:00,8.8,89.6,28.0,1001.0,
002250,1,2006114N08090,2006,23,NI,MALA,2006-04-24 18:00:00,9.0,89.5,30.0,1000.0,
002251,1,2006114N08090,2006,23,NI,MALA,2006-04-24 21:00:00,9.2,89.6,33.0,999.0,
002252,1,2006114N08090,2006,23,NI,MALA,2006-04-25 00:00:00,9.3,89.7,35.0,997.0,
002253,1,2006114N08090,2006,23,NI,MALA,2006-04-25 03:00:00,9.5,89.8,35.0,997.0,
002254,1,2006114N08090,2006,23,NI,MALA,2006-04-25 06:00:00,9.6,89.9,35.0,997.0,
002255,1,2006114N08090,2006,23,NI,MALA,2006-04-25 09:00:00,9.7,89.8,40.0,994.0,
002256,1,2006114N08090,2006,23,NI,MALA,2006-04-25 12:00:00,10.0,89.6,45.0,991.0,
002257,1,2006114N08090,2006,23,NI,MALA,2006-04-25 15:00:00,10.1,89.6,45.0,991.0,
002258,1,2006114N08090,2006,23,NI,MALA,2006-04-25 18:00:00,10.2,89.7,45.0,991.0,
002259,1,2006114N08090,2006,23,NI,MALA,2006-04-25 21:00:00,10.1,89.8,45.0,991.0,
002260,1,2006114N08090,2006,23,NI,MALA,2006-04-26 00:00:00,10.4,89.7,45.0,991.0,
002261,1,2006114N08090,2006,23,NI,MALA,2006-04-26 03:00:00,10.6,89.7,45.0,991.0,
002262,1,2006114N08090,2006,23,NI,MALA,2006-04-26 06:00:00,11.1,89.8,45.0,991.0,
002263,1,2006114N08090,2006,23,NI,MALA,2006-04-26 09:00:00,11.3,90.1,45.0,991.0,
002264,1,2006114N08090,2006,23,NI,MALA,2006-04-26 12:00:00,11.7,90.3,45.0,991.0,
002265,1,2006114N08090,2006,23,NI,MALA,2006-04-26 15:00:00,12.1,90.5,45.0,991.0,
002266,1,2006114N08090,2006,23,NI,MALA,2006-04-26 18:00:00,12.1,90.4,45.0,991.0,
002267,1,2006114N08090,2006,23,NI,MALA,2006-04-26 21:00:00,12.1,90.3,50.0,988.0,
002268,1,2006114N08090,2006,23,NI,MALA,2006-04-27 00:00:00,12.0,90.2,55.0,984.0,
002269,1,2006114N08090,2006,23,NI,MALA,2006-04-27 03:00:00,12.4,90.1,60.0,980.0,
002270,1,2006114N08090,2006,23,NI,MALA,2006-04-27 06:00:00,12.5,90.2,65.0,976.0,
002271,1,2006114N08090,2006,23,NI,MALA,2006-04-27 09:00:00,12.6,90.3,68.0,974.0,
002272,1,2006114N08090,2006,23,NI,MALA,2006-04-27 12:00:00,13.0,90.5,70.0,972.0,
002273,1,2006114N08090,2006,23,NI,MALA,2006-04-27 15:00:00,13.1,90.6,75.0,968.0,
002274,1,2006114N08090,2006,23,NI,MALA,2006-04-27 18:00:00,13.3,90.8,80.0,963.0,
002275,1,2006114N08090,2006,23,NI,MALA,2006-04-27 21:00:00,13.7,90.9,85.0,959.0,
002276,1,2006114N08090,2006,23,NI,MALA,2006-04-28 00:00:00,14.1,91.4,90.0,954.0,
002277,1,2006114N08090,2006,23,NI,MALA,2006-04-28 03:00:00,14.5,91.7,103.0,941.0,
002278,1,2006114N08090,2006,23,NI,MALA,2006-04-28 06:00:00,15.0,92.1,115.0,927.0,
002279,1,2006114N08090,2006,23,NI,MALA,2006-04-28 09:00:00,15.3,92.4,118.0,925.0,
002280,1,2006114N08090,2006,23,NI,MALA,2006-04-28 12:00:00,15.6,92.7,120.0,922.0,
002281,1,2006114N08090,2006,23,NI,MALA,2006-04-28 15:00:00,16.0,93.1,120.0,922.0,
002282,1,2006114N08090,2006,23,NI,MALA,2006-04-28 18:00:00,16.2,93.2,120.0,922.0,
002283,1,2006114N08090,2006,23,NI,MALA,2006-04-28 21:00:00,16.5,93.6,113.0,930.0,
002284,1,2006114N08090,2006,23,NI,MALA,2006-04-29 00:00:00,16.7,93.7,105.0,938.0,
002285,1,2006114N08090,2006,23,NI,MALA,2006-04-29 03:00:00,17.1,94.1,98.0,946.0,
002286,1,2006114N08090,2006,23,NI,MALA,2006-04-29 06:00:00,17.5,94.5,90.0,954.0,
002287,1,2006114N08090,2006,23,NI,MALA,2006-04-29 09:00:00,18.0,94.9,78.0,965.0,
002288,1,2006114N08090,2006,23,NI,MALA,2006-04-29 12:00:00,18.5,95.5,65.0,976.0,
002289,1,2006114N08090,2006,23,NI,MALA,2006-04-29 15:00:00,18.5,95.5,,,
002290,1,2006114N08090,2006,23,NI,MALA,2006-04-29 18:00:00,19.0,96.0,,,
002291,1,2006262N19069,2006,71,NI,MUKDA,2006-09-19 06:00:00,19.4,68.7,20.0,1004.0,
002292,1,2006262N19069,2006,71,NI,MUKDA,2006-09-19 09:00:00,19.4,68.5,20.0,1002.0,
002293,1,2006262N19069,2006,71,NI,MUKDA,2006-09-19 12:00:00,19.4,68.4,20.0,999.0,
002294,1,2006262N19069,2006,71,NI,MUKDA,2006-09-19 15:00:00,19.3,68.3,23.0,1001.0,
002295,1,2006262N19069,2006,71,NI,MUKDA,2006-09-19 18:00:00,19.3,68.2,25.0,1002.0,
002296,1,2006262N19069,2006,71,NI,MUKDA,2006-09-19 21:00:00,19.3,68.0,25.0,1002.0,
002297,1,2006262N19069,2006,71,NI,MUKDA,2006-09-20 00:00:00,19.3,67.8,25.0,1002.0,
002298,1,2006262N19069,2006,71,NI,MUKDA,2006-09-20 03:00:00,19.3,67.6,25.0,1002.0,
002299,1,2006262N19069,2006,71,NI,MUKDA,2006-09-20 06:00:00,19.4,67.4,25.0,1002.0,
002300,1,2006262N19069,2006,71,NI,MUKDA,2006-09-20 09:00:00,19.4,67.2,25.0,1002.0,
002301,1,2006262N19069,2006,71,NI,MUKDA,2006-09-20 12:00:00,19.5,67.1,25.0,1002.0,
002302,1,2006262N19069,2006,71,NI,MUKDA,2006-09-20 15:00:00,19.6,66.9,28.0,1001.0,
002303,1,2006262N19069,2006,71,NI,MUKDA,2006-09-20 18:00:00,19.6,66.8,30.0,1000.0,
002304,1,2006262N19069,2006,71,NI,MUKDA,2006-09-20 21:00:00,19.6,66.7,30.0,1000.0,
002305,1,2006262N19069,2006,71,NI,MUKDA,2006-09-21 00:00:00,19.6,66.6,30.0,1000.0,
002306,1,2006262N19069,2006,71,NI,MUKDA,2006-09-21 03:00:00,19.6,66.4,30.0,1000.0,
002307,1,2006262N19069,2006,71,NI,MUKDA,2006-09-21 06:00:00,19.6,66.3,30.0,1000.0,
002308,1,2006262N19069,2006,71,NI,MUKDA,2006-09-21 09:00:00,19.6,66.2,33.0,999.0,
002309,1,2006262N19069,2006,71,NI,MUKDA,2006-09-21 12:00:00,19.6,66.2,35.0,997.0,
002310,1,2006262N19069,2006,71,NI,MUKDA,2006-09-21 15:00:00,19.6,66.1,38.0,996.0,
002311,1,2006262N19069,2006,71,NI,MUKDA,2006-09-21 18:00:00,19.7,66.2,40.0,994.0,
002312,1,2006262N19069,2006,71,NI,MUKDA,2006-09-21 21:00:00,19.7,66.2,43.0,993.0,
002313,1,2006262N19069,2006,71,NI,MUKDA,2006-09-22 00:00:00,20.0,66.2,45.0,991.0,
002314,1,2006262N19069,2006,71,NI,MUKDA,2006-09-22 03:00:00,20.1,66.2,45.0,991.0,
002315,1,2006262N19069,2006,71,NI,MUKDA,2006-09-22 06:00:00,20.1,66.3,45.0,991.0,
002316,1,2006262N19069,2006,71,NI,MUKDA,2006-09-22 09:00:00,20.1,66.3,48.0,989.0,
002317,1,2006262N19069,2006,71,NI,MUKDA,2006-09-22 12:00:00,20.4,66.6,50.0,987.0,
002318,1,2006262N19069,2006,71,NI,MUKDA,2006-09-22 15:00:00,20.4,66.6,50.0,987.0,
002319,1,2006262N19069,2006,71,NI,MUKDA,2006-09-22 18:00:00,20.4,66.7,50.0,987.0,
002320,1,2006262N19069,2006,71,NI,MUKDA,2006-09-22 21:00:00,20.4,66.7,50.0,987.0,
002321,1,2006262N19069,2006,71,NI,MUKDA,2006-09-23 00:00:00,20.7,67.0,50.0,987.0,
002322,1,2006262N19069,2006,71,NI,MUKDA,2006-09-23 03:00:00,20.7,67.0,53.0,986.0,
002323,1,2006262N19069,2006,71,NI,MUKDA,2006-09-23 06:00:00,20.8,67.1,55.0,984.0,
002324,1,2006262N19069,2006,71,NI,MUKDA,2006-09-23 09:00:00,20.7,67.1,50.0,988.0,
002325,1,2006262N19069,2006,71,NI,MUKDA,2006-09-23 12:00:00,20.7,67.1,45.0,991.0,
002326,1,2006262N19069,2006,71,NI,MUKDA,2006-09-23 15:00:00,20.6,67.1,40.0,994.0,
002327,1,2006262N19069,2006,71,NI,MUKDA,2006-09-23 18:00:00,20.6,67.1,35.0,997.0,
002328,1,2006262N19069,2006,71,NI,MUKDA,2006-09-23 21:00:00,20.6,67.0,33.0,999.0,
002329,1,2006262N19069,2006,71,NI,MUKDA,2006-09-24 00:00:00,20.5,67.0,30.0,1000.0,
002330,1,2006262N19069,2006,71,NI,MUKDA,2006-09-24 03:00:00,20.5,67.0,30.0,1000.0,
002331,1,2006262N19069,2006,71,NI,MUKDA,2006-09-24 06:00:00,20.3,66.9,30.0,1000.0,
002332,1,2006262N19069,2006,71,NI,MUKDA,2006-09-24 09:00:00,20.1,66.9,30.0,1000.0,
002333,1,2006262N19069,2006,71,NI,MUKDA,2006-09-24 12:00:00,19.9,66.9,30.0,1000.0,
002334,1,2006262N19069,2006,71,NI,MUKDA,2006-09-24 15:00:00,19.5,66.9,30.0,1000.0,
002335,1,2006262N19069,2006,71,NI,MUKDA,2006-09-24 18:00:00,19.5,66.8,30.0,1000.0,
002336,1,2006262N19069,2006,71,NI,MUKDA,2006-09-24 21:00:00,19.5,66.7,30.0,1000.0,
002337,1,2006262N19069,2006,71,NI,MUKDA,2006-09-25 00:00:00,19.5,66.6,30.0,1000.0,
002338,1,2006262N19069,2006,71,NI,MUKDA,2006-09-25 03:00:00,19.6,66.5,30.0,1000.0,
002339,1,2006262N19069,2006,71,NI,MUKDA,2006-09-25 06:00:00,19.7,66.5,30.0,1000.0,
002340,1,2006262N19069,2006,71,NI,MUKDA,2006-09-25 09:00:00,19.8,66.4,30.0,1000.0,
002341,1,2006262N19069,2006,71,NI,MUKDA,2006-09-25 12:00:00,19.8,66.3,30.0,1000.0,
002342,1,2006262N19069,2006,71,NI,MUKDA,2006-09-25 15:00:00,19.8,66.2,28.0,1001.0,
002343,1,2006262N19069,2006,71,NI,MUKDA,2006-09-25 18:00:00,19.9,66.2,25.0,1002.0,
002344,1,2006262N19069,2006,71,NI,MUKDA,2006-09-25 21:00:00,19.9,66.2,25.0,1002.0,
002345,1,2006262N19069,2006,71,NI,MUKDA,2006-09-26 00:00:00,20.0,66.1,25.0,1002.0,
002346,1,2006262N19069,2006,71,NI,MUKDA,2006-09-26 03:00:00,20.1,66.0,25.0,1002.0,
002347,1,2006262N19069,2006,71,NI,MUKDA,2006-09-26 06:00:00,20.2,65.8,25.0,1002.0,
002348,1,2006262N19069,2006,71,NI,MUKDA,2006-09-26 09:00:00,20.3,65.6,25.0,1002.0,
002349,1,2006262N19069,2006,71,NI,MUKDA,2006-09-26 12:00:00,20.3,65.4,25.0,1002.0,
002350,1,2006329N06150,2006,94,WP,DURIAN,2006-11-24 12:00:00,6.1,149.8,15.0,1006.0,
002351,1,2006329N06150,2006,94,WP,DURIAN,2006-11-24 15:00:00,6.2,149.3,15.0,1006.0,
002352,1,2006329N06150,2006,94,WP,DURIAN,2006-11-24 18:00:00,6.4,148.8,15.0,1006.0,
002353,1,2006329N06150,2006,94,WP,DURIAN,2006-11-24 21:00:00,6.7,148.3,18.0,1005.0,
002354,1,2006329N06150,2006,94,WP,DURIAN,2006-11-25 00:00:00,7.1,147.9,20.0,1004.0,
002355,1,2006329N06150,2006,94,WP,DURIAN,2006-11-25 03:00:00,7.5,147.5,20.0,1004.0,
002356,1,2006329N06150,2006,94,WP,DURIAN,2006-11-25 06:00:00,8.4,147.1,20.0,1004.0,
002357,1,2006329N06150,2006,94,WP,DURIAN,2006-11-25 09:00:00,8.8,146.6,23.0,1003.0,
002358,1,2006329N06150,2006,94,WP,DURIAN,2006-11-25 12:00:00,9.0,146.1,25.0,1002.0,
002359,1,2006329N06150,2006,94,WP,DURIAN,2006-11-25 15:00:00,9.2,145.7,28.0,1001.0,
002360,1,2006329N06150,2006,94,WP,DURIAN,2006-11-25 18:00:00,9.4,145.3,30.0,1000.0,
002361,1,2006329N06150,2006,94,WP,DURIAN,2006-11-25 21:00:00,9.6,144.7,30.0,1000.0,
002362,1,2006329N06150,2006,94,WP,DURIAN,2006-11-26 00:00:00,9.8,144.1,30.0,1000.0,
002363,1,2006329N06150,2006,94,WP,DURIAN,2006-11-26 03:00:00,9.9,143.5,33.0,999.0,
002364,1,2006329N06150,2006,94,WP,DURIAN,2006-11-26 06:00:00,10.0,142.8,35.0,997.0,
002365,1,2006329N06150,2006,94,WP,DURIAN,2006-11-26 09:00:00,10.1,142.2,35.0,997.0,
002366,1,2006329N06150,2006,94,WP,DURIAN,2006-11-26 12:00:00,10.2,141.7,35.0,997.0,
002367,1,2006329N06150,2006,94,WP,DURIAN,2006-11-26 15:00:00,10.2,141.1,35.0,997.0,
002368,1,2006329N06150,2006,94,WP,DURIAN,2006-11-26 18:00:00,10.3,140.6,35.0,997.0,
002369,1,2006329N06150,2006,94,WP,DURIAN,2006-11-26 21:00:00,10.3,140.1,35.0,997.0,
002370,1,2006329N06150,2006,94,WP,DURIAN,2006-11-27 00:00:00,10.3,139.7,35.0,997.0,
002371,1,2006329N06150,2006,94,WP,DURIAN,2006-11-27 03:00:00,10.4,139.2,38.0,996.0,
002372,1,2006329N06150,2006,94,WP,DURIAN,2006-11-27 06:00:00,10.5,138.7,40.0,994.0,
002373,1,2006329N06150,2006,94,WP,DURIAN,2006-11-27 09:00:00,10.6,138.2,43.0,993.0,
002374,1,2006329N06150,2006,94,WP,DURIAN,2006-11-27 12:00:00,10.7,137.7,45.0,991.0,
002375,1,2006329N06150,2006,94,WP,DURIAN,2006-11-27 15:00:00,10.7,137.0,48.0,989.0,
002376,1,2006329N06150,2006,94,WP,DURIAN,2006-11-27 18:00:00,10.8,136.3,50.0,987.0,
002377,1,2006329N06150,2006,94,WP,DURIAN,2006-11-27 21:00:00,11.0,135.4,53.0,986.0,
002378,1,2006329N06150,2006,94,WP,DURIAN,2006-11-28 00:00:00,11.3,134.6,55.0,984.0,
002379,1,2006329N06150,2006,94,WP,DURIAN,2006-11-28 03:00:00,11.6,133.8,58.0,982.0,
002380,1,2006329N06150,2006,94,WP,DURIAN,2006-11-28 06:00:00,11.8,133.1,60.0,980.0,
002381,1,2006329N06150,2006,94,WP,DURIAN,2006-11-28 09:00:00,12.0,132.3,63.0,978.0,
002382,1,2006329N06150,2006,94,WP,DURIAN,2006-11-28 12:00:00,12.2,131.6,65.0,976.0,
002383,1,2006329N06150,2006,94,WP,DURIAN,2006-11-28 15:00:00,12.4,130.8,70.0,972.0,
002384,1,2006329N06150,2006,94,WP,DURIAN,2006-11-28 18:00:00,12.6,130.1,75.0,967.0,
002385,1,2006329N06150,2006,94,WP,DURIAN,2006-11-28 21:00:00,12.8,129.3,83.0,961.0,
002386,1,2006329N06150,2006,94,WP,DURIAN,2006-11-29 00:00:00,12.9,128.6,90.0,954.0,
002387,1,2006329N06150,2006,94,WP,DURIAN,2006-11-29 03:00:00,13.1,127.9,108.0,935.0,
002388,1,2006329N06150,2006,94,WP,DURIAN,2006-11-29 06:00:00,13.2,127.3,125.0,916.0,
002389,1,2006329N06150,2006,94,WP,DURIAN,2006-11-29 09:00:00,13.2,126.8,130.0,910.0,
002390,1,2006329N06150,2006,94,WP,DURIAN,2006-11-29 12:00:00,13.3,126.4,135.0,904.0,
002391,1,2006329N06150,2006,94,WP,DURIAN,2006-11-29 15:00:00,13.3,125.9,133.0,907.0,
002392,1,2006329N06150,2006,94,WP,DURIAN,2006-11-29 18:00:00,13.4,125.4,130.0,910.0,
002393,1,2006329N06150,2006,94,WP,DURIAN,2006-11-29 21:00:00,13.4,125.0,133.0,907.0,
002394,1,2006329N06150,2006,94,WP,DURIAN,2006-11-30 00:00:00,13.4,124.6,135.0,904.0,
002395,1,2006329N06150,2006,94,WP,DURIAN,2006-11-30 03:00:00,13.4,124.1,130.0,910.0,
002396,1,2006329N06150,2006,94,WP,DURIAN,2006-11-30 06:00:00,13.4,123.6,125.0,916.0,
002397,1,2006329N06150,2006,94,WP,DURIAN,2006-11-30 09:00:00,13.5,123.0,120.0,922.0,
002398,1,2006329N06150,2006,94,WP,DURIAN,2006-11-30 12:00:00,13.5,122.4,115.0,927.0,
002399,1,2006329N06150,2006,94,WP,DURIAN,2006-11-30 15:00:00,13.5,121.8,108.0,936.0,
002400,1,2006329N06150,2006,94,WP,DURIAN,2006-11-30 18:00:00,13.5,121.2,100.0,944.0,
002401,1,2006329N06150,2006,94,WP,DURIAN,2006-11-30 21:00:00,13.5,120.6,98.0,947.0,
002402,1,2006329N06150,2006,94,WP,DURIAN,2006-12-01 00:00:00,13.6,120.1,95.0,949.0,
002403,1,2006329N06150,2006,94,WP,DURIAN,2006-12-01 03:00:00,13.6,119.7,93.0,952.0,
002404,1,2006329N06150,2006,94,WP,DURIAN,2006-12-01 06:00:00,13.6,119.3,90.0,954.0,
002405,1,2006329N06150,2006,94,WP,DURIAN,2006-12-01 09:00:00,13.6,119.0,85.0,959.0,
002406,1,2006329N06150,2006,94,WP,DURIAN,2006-12-01 12:00:00,13.6,118.6,80.0,963.0,
002407,1,2006329N06150,2006,94,WP,DURIAN,2006-12-01 15:00:00,13.5,118.2,80.0,963.0,
002408,1,2006329N06150,2006,94,WP,DURIAN,2006-12-01 18:00:00,13.5,117.8,80.0,963.0,
002409,1,2006329N06150,2006,94,WP,DURIAN,2006-12-01 21:00:00,13.6,117.3,78.0,965.0,
002410,1,2006329N06150,2006,94,WP,DURIAN,2006-12-02 00:00:00,13.6,117.0,75.0,967.0,
002411,1,2006329N06150,2006,94,WP,DURIAN,2006-12-02 03:00:00,13.7,116.7,75.0,967.0,
002412,1,2006329N06150,2006,94,WP,DURIAN,2006-12-02 06:00:00,13.7,116.4,75.0,967.0,
002413,1,2006329N06150,2006,94,WP,DURIAN,2006-12-02 09:00:00,13.8,116.0,75.0,967.0,
002414,1,2006329N06150,2006,94,WP,DURIAN,2006-12-02 12:00:00,13.9,115.6,75.0,967.0,
002415,1,2006329N06150,2006,94,WP,DURIAN,2006-12-02 15:00:00,13.9,115.1,83.0,961.0,
002416,1,2006329N06150,2006,94,WP,DURIAN,2006-12-02 18:00:00,13.9,114.7,90.0,954.0,
002417,1,2006329N06150,2006,94,WP,DURIAN,2006-12-02 21:00:00,13.9,114.3,90.0,954.0,
002418,1,2006329N06150,2006,94,WP,DURIAN,2006-12-03 00:00:00,13.8,114.0,90.0,954.0,
002419,1,2006329N06150,2006,94,WP,DURIAN,2006-12-03 03:00:00,13.8,113.6,90.0,954.0,
002420,1,2006329N06150,2006,94,WP,DURIAN,2006-12-03 06:00:00,13.7,113.3,90.0,954.0,
002421,1,2006329N06150,2006,94,WP,DURIAN,2006-12-03 09:00:00,13.6,113.0,90.0,954.0,
002422,1,2006329N06150,2006,94,WP,DURIAN,2006-12-03 12:00:00,13.5,112.8,90.0,954.0,
002423,1,2006329N06150,2006,94,WP,DURIAN,2006-12-03 15:00:00,13.3,112.4,85.0,959.0,
002424,1,2006329N06150,2006,94,WP,DURIAN,2006-12-03 18:00:00,13.1,112.1,80.0,963.0,
002425,1,2006329N06150,2006,94,WP,DURIAN,2006-12-03 21:00:00,12.9,111.7,73.0,970.0,
002426,1,2006329N06150,2006,94,WP,DURIAN,2006-12-04 00:00:00,12.6,111.3,65.0,976.0,
002427,1,2006329N06150,2006,94,WP,DURIAN,2006-12-04 03:00:00,12.1,110.9,58.0,982.0,
002428,1,2006329N06150,2006,94,WP,DURIAN,2006-12-04 06:00:00,11.7,110.4,50.0,987.0,
002429,1,2006329N06150,2006,94,WP,DURIAN,2006-12-04 09:00:00,11.3,110.0,53.0,986.0,
002430,1,2006329N06150,2006,94,WP,DURIAN,2006-12-04 12:00:00,11.0,109.6,55.0,984.0,
002431,1,2006329N06150,2006,94,WP,DURIAN,2006-12-04 15:00:00,10.7,109.0,60.0,980.0,
002432,1,2006329N06150,2006,94,WP,DURIAN,2006-12-04 18:00:00,10.4,108.4,65.0,976.0,
002433,1,2006329N06150,2006,94,WP,DURIAN,2006-12-04 21:00:00,10.2,107.7,60.0,980.0,
002434,1,2006329N06150,2006,94,WP,DURIAN,2006-12-05 00:00:00,10.0,107.0,55.0,984.0,
002435,1,2006329N06150,2006,94,WP,DURIAN,2006-12-05 03:00:00,9.6,106.4,50.0,988.0,
002436,1,2006329N06150,2006,94,WP,DURIAN,2006-12-05 06:00:00,9.2,105.6,45.0,991.0,
002437,1,2006329N06150,2006,94,WP,DURIAN,2006-12-05 09:00:00,8.8,104.6,40.0,994.0,
002438,1,2006329N06150,2006,94,WP,DURIAN,2006-12-05 12:00:00,8.7,103.6,35.0,997.0,
002439,1,2006329N06150,2006,94,WP,DURIAN,2006-12-05 15:00:00,8.7,102.8,30.0,1000.0,
002440,1,2006329N06150,2006,94,WP,DURIAN,2006-12-05 18:00:00,8.9,102.1,25.0,1002.0,
002441,1,2006329N06150,2006,94,WP,DURIAN,2006-12-05 21:00:00,9.0,101.4,25.0,1002.0,
002442,1,2006329N06150,2006,94,WP,DURIAN,2006-12-06 00:00:00,9.1,100.7,25.0,1002.0,
002443,1,2006329N06150,2006,94,WP,DURIAN,2006-12-06 03:00:00,9.2,100.2,23.0,1003.0,
002444,1,2006329N06150,2006,94,NI,DURIAN,2006-12-06 06:00:00,9.5,99.5,20.0,1004.0,
002445,1,2006329N06150,2006,94,NI,DURIAN,2006-12-06 09:00:00,9.7,98.8,20.0,1004.0,
002446,1,2006329N06150,2006,94,NI,DURIAN,2006-12-06 12:00:00,9.9,98.2,20.0,1004.0,
002447,1,2006329N06150,2006,94,NI,DURIAN,2006-12-06 15:00:00,10.1,97.7,20.0,1004.0,
002448,1,2006329N06150,2006,94,NI,DURIAN,2006-12-06 18:00:00,10.2,97.1,20.0,1004.0,
002449,1,2006329N06150,2006,94,NI,DURIAN,2006-12-06 21:00:00,10.3,96.4,20.0,1004.0,
002450,1,2006329N06150,2006,94,NI,DURIAN,2006-12-07 00:00:00,10.4,95.7,20.0,1004.0,
002451,1,2006329N06150,2006,94,NI,DURIAN,2006-12-07 03:00:00,10.6,95.1,20.0,1004.0,
002452,1,2006329N06150,2006,94,NI,DURIAN,2006-12-07 06:00:00,10.7,94.5,20.0,1004.0,
002453,1,2006329N06150,2006,94,NI,DURIAN,2006-12-07 09:00:00,10.7,93.9,20.0,1004.0,
002454,1,2006329N06150,2006,94,NI,DURIAN,2006-12-07 12:00:00,10.7,93.4,20.0,1004.0,
002455,1,2006329N06150,2006,94,NI,DURIAN,2006-12-07 15:00:00,10.7,92.8,20.0,1004.0,
002456,1,2006329N06150,2006,94,NI,DURIAN,2006-12-07 18:00:00,10.7,92.2,20.0,1004.0,
002457,1,2006329N06150,2006,94,NI,DURIAN,2006-12-07 21:00:00,10.7,91.7,20.0,1004.0,
002458,1,2006329N06150,2006,94,NI,DURIAN,2006-12-08 00:00:00,10.7,91.2,20.0,1004.0,
002459,1,2006329N06150,2006,94,NI,DURIAN,2006-12-08 03:00:00,10.7,90.5,20.0,1004.0,
002460,1,2006329N06150,2006,94,NI,DURIAN,2006-12-08 06:00:00,10.8,89.8,20.0,1004.0,
002461,1,2006329N06150,2006,94,NI,DURIAN,2006-12-08 09:00:00,10.8,89.2,20.0,1004.0,
002462,1,2006329N06150,2006,94,NI,DURIAN,2006-12-08 12:00:00,10.9,88.7,20.0,1004.0,
002463,1,2006329N06150,2006,94,NI,DURIAN,2006-12-08 15:00:00,11.0,88.0,18.0,1005.0,
002464,1,2006329N06150,2006,94,NI,DURIAN,2006-12-08 18:00:00,11.1,87.3,15.0,1006.0,
002465,1,2006329N06150,2006,94,NI,DURIAN,2006-12-08 21:00:00,11.1,86.7,15.0,1006.0,
002466,1,2006329N06150,2006,94,NI,DURIAN,2006-12-09 00:00:00,11.2,86.0,15.0,1006.0,
002467,1,2006329N06150,2006,94,NI,DURIAN,2006-12-09 03:00:00,11.3,85.2,15.0,1006.0,
002468,1,2006329N06150,2006,94,NI,DURIAN,2006-12-09 06:00:00,11.4,84.5,15.0,1006.0,
002469,1,2006329N06150,2006,94,NI,DURIAN,2006-12-09 09:00:00,11.4,83.9,15.0,1006.0,
002470,1,2006329N06150,2006,94,NI,DURIAN,2006-12-09 12:00:00,11.5,83.3,15.0,1006.0,
002471,1,2006329N06150,2006,94,NI,DURIAN,2006-12-09 15:00:00,11.6,82.6,15.0,1006.0,
002472,1,2006329N06150,2006,94,NI,DURIAN,2006-12-09 18:00:00,11.7,81.8,15.0,1006.0,
002473,1,2007133N15091,2007,20,NI,AKASH,2007-05-12 21:00:00,15.0,90.5,,,
002474,1,2007133N15091,2007,20,NI,AKASH,2007-05-13 00:00:00,14.8,90.7,25.0,1000.0,
002475,1,2007133N15091,2007,20,NI,AKASH,2007-05-13 03:00:00,14.9,90.8,25.0,1001.0,
002476,1,2007133N15091,2007,20,NI,AKASH,2007-05-13 06:00:00,15.2,90.8,25.0,1002.0,
002477,1,2007133N15091,2007,20,NI,AKASH,2007-05-13 09:00:00,15.4,90.9,28.0,1001.0,
002478,1,2007133N15091,2007,20,NI,AKASH,2007-05-13 12:00:00,15.6,90.9,30.0,1000.0,
002479,1,2007133N15091,2007,20,NI,AKASH,2007-05-13 15:00:00,16.0,90.9,33.0,999.0,
002480,1,2007133N15091,2007,20,NI,AKASH,2007-05-13 18:00:00,16.2,90.9,35.0,997.0,
002481,1,2007133N15091,2007,20,NI,AKASH,2007-05-13 21:00:00,16.6,91.3,43.0,991.0,
002482,1,2007133N15091,2007,20,NI,AKASH,2007-05-14 00:00:00,17.2,91.4,50.0,985.0,
002483,1,2007133N15091,2007,20,NI,AKASH,2007-05-14 03:00:00,17.9,91.6,53.0,985.0,
002484,1,2007133N15091,2007,20,NI,AKASH,2007-05-14 06:00:00,18.8,91.6,55.0,984.0,
002485,1,2007133N15091,2007,20,NI,AKASH,2007-05-14 09:00:00,19.3,91.7,58.0,981.0,
002486,1,2007133N15091,2007,20,NI,AKASH,2007-05-14 12:00:00,19.9,91.9,60.0,978.0,
002487,1,2007133N15091,2007,20,NI,AKASH,2007-05-14 15:00:00,20.6,92.0,63.0,977.0,
002488,1,2007133N15091,2007,20,NI,AKASH,2007-05-14 18:00:00,21.2,92.1,65.0,976.0,
002489,1,2007133N15091,2007,20,NI,AKASH,2007-05-14 21:00:00,22.1,92.2,55.0,983.0,
002490,1,2007133N15091,2007,20,NI,AKASH,2007-05-15 00:00:00,23.0,92.4,45.0,989.0,
002491,1,2007151N14072,2007,25,NI,GONU,2007-05-31 06:00:00,13.7,71.6,15.0,1006.0,
002492,1,2007151N14072,2007,25,NI,GONU,2007-05-31 09:00:00,13.9,71.7,15.0,1006.0,
002493,1,2007151N14072,2007,25,NI,GONU,2007-05-31 12:00:00,14.0,71.7,15.0,1006.0,
002494,1,2007151N14072,2007,25,NI,GONU,2007-05-31 15:00:00,14.1,71.7,15.0,1006.0,
002495,1,2007151N14072,2007,25,NI,GONU,2007-05-31 18:00:00,14.2,71.5,15.0,1006.0,
002496,1,2007151N14072,2007,25,NI,GONU,2007-05-31 21:00:00,14.3,71.3,15.0,1006.0,
002497,1,2007151N14072,2007,25,NI,GONU,2007-06-01 00:00:00,14.4,70.9,15.0,1006.0,
002498,1,2007151N14072,2007,25,NI,GONU,2007-06-01 03:00:00,14.5,70.5,23.0,1003.0,
002499,1,2007151N14072,2007,25,NI,GONU,2007-06-01 06:00:00,14.7,70.0,30.0,1000.0,
002500,1,2007151N14072,2007,25,NI,GONU,2007-06-01 09:00:00,14.9,69.4,30.0,1000.0,
002501,1,2007151N14072,2007,25,NI,GONU,2007-06-01 12:00:00,15.0,68.8,30.0,1000.0,
002502,1,2007151N14072,2007,25,NI,GONU,2007-06-01 15:00:00,15.1,68.5,30.0,1000.0,
002503,1,2007151N14072,2007,25,NI,GONU,2007-06-01 18:00:00,15.1,68.2,30.0,1000.0,
002504,1,2007151N14072,2007,25,NI,GONU,2007-06-01 21:00:00,15.1,68.0,35.0,997.0,
002505,1,2007151N14072,2007,25,NI,GONU,2007-06-02 00:00:00,15.1,67.9,40.0,994.0,
002506,1,2007151N14072,2007,25,NI,GONU,2007-06-02 03:00:00,15.0,67.5,43.0,992.0,
002507,1,2007151N14072,2007,25,NI,GONU,2007-06-02 06:00:00,15.0,67.2,45.0,989.0,
002508,1,2007151N14072,2007,25,NI,GONU,2007-06-02 09:00:00,15.1,67.1,50.0,986.0,
002509,1,2007151N14072,2007,25,NI,GONU,2007-06-02 12:00:00,15.2,67.1,55.0,982.0,
002510,1,2007151N14072,2007,25,NI,GONU,2007-06-02 15:00:00,15.2,67.1,55.0,982.0,
002511,1,2007151N14072,2007,25,NI,GONU,2007-06-02 18:00:00,15.3,67.1,55.0,982.0,
002512,1,2007151N14072,2007,25,NI,GONU,2007-06-02 21:00:00,15.4,66.9,58.0,980.0,
002513,1,2007151N14072,2007,25,NI,GONU,2007-06-03 00:00:00,15.8,67.0,60.0,978.0,
002514,1,2007151N14072,2007,25,NI,GONU,2007-06-03 03:00:00,16.0,67.1,63.0,976.0,
002515,1,2007151N14072,2007,25,NI,GONU,2007-06-03 06:00:00,16.5,67.1,65.0,974.0,
002516,1,2007151N14072,2007,25,NI,GONU,2007-06-03 09:00:00,16.9,66.9,68.0,972.0,
002517,1,2007151N14072,2007,25,NI,GONU,2007-06-03 12:00:00,17.5,66.7,70.0,970.0,
002518,1,2007151N14072,2007,25,NI,GONU,2007-06-03 15:00:00,17.6,66.5,83.0,961.0,
002519,1,2007151N14072,2007,25,NI,GONU,2007-06-03 18:00:00,18.0,66.1,95.0,952.0,
002520,1,2007151N14072,2007,25,NI,GONU,2007-06-03 21:00:00,18.1,65.9,108.0,943.0,
002521,1,2007151N14072,2007,25,NI,GONU,2007-06-04 00:00:00,18.6,65.3,120.0,933.0,
002522,1,2007151N14072,2007,25,NI,GONU,2007-06-04 03:00:00,18.7,65.1,128.0,919.0,
002523,1,2007151N14072,2007,25,NI,GONU,2007-06-04 06:00:00,19.1,64.7,135.0,904.0,
002524,1,2007151N14072,2007,25,NI,GONU,2007-06-04 09:00:00,19.5,64.5,140.0,909.0,
002525,1,2007151N14072,2007,25,NI,GONU,2007-06-04 12:00:00,20.0,64.1,145.0,914.0,
002526,1,2007151N14072,2007,25,NI,GONU,2007-06-04 15:00:00,20.1,63.8,143.0,906.0,
002527,1,2007151N14072,2007,25,NI,GONU,2007-06-04 18:00:00,20.5,63.4,140.0,898.0,
002528,1,2007151N14072,2007,25,NI,GONU,2007-06-04 21:00:00,20.6,63.2,138.0,901.0,
002529,1,2007151N14072,2007,25,NI,GONU,2007-06-05 00:00:00,20.7,62.8,135.0,904.0,
002530,1,2007151N14072,2007,25,NI,GONU,2007-06-05 03:00:00,21.0,62.0,130.0,910.0,
002531,1,2007151N14072,2007,25,NI,GONU,2007-06-05 06:00:00,21.4,61.6,125.0,916.0,
002532,1,2007151N14072,2007,25,NI,GONU,2007-06-05 09:00:00,21.4,61.2,120.0,927.0,
002533,1,2007151N14072,2007,25,NI,GONU,2007-06-05 12:00:00,21.6,61.1,115.0,937.0,
002534,1,2007151N14072,2007,25,NI,GONU,2007-06-05 15:00:00,21.9,60.9,113.0,939.0,
002535,1,2007151N14072,2007,25,NI,GONU,2007-06-05 18:00:00,22.0,60.6,110.0,941.0,
002536,1,2007151N14072,2007,25,NI,GONU,2007-06-05 21:00:00,22.4,60.4,100.0,949.0,
002537,1,2007151N14072,2007,25,NI,GONU,2007-06-06 00:00:00,22.6,59.8,90.0,956.0,
002538,1,2007151N14072,2007,25,NI,GONU,2007-06-06 03:00:00,22.9,59.4,90.0,956.0,
002539,1,2007151N14072,2007,25,NI,GONU,2007-06-06 06:00:00,23.3,59.5,90.0,956.0,
002540,1,2007151N14072,2007,25,NI,GONU,2007-06-06 09:00:00,23.5,59.4,83.0,962.0,
002541,1,2007151N14072,2007,25,NI,GONU,2007-06-06 12:00:00,23.9,59.1,75.0,967.0,
002542,1,2007151N14072,2007,25,NI,GONU,2007-06-06 15:00:00,24.1,59.0,70.0,971.0,
002543,1,2007151N14072,2007,25,NI,GONU,2007-06-06 18:00:00,24.5,59.0,65.0,974.0,
002544,1,2007151N14072,2007,25,NI,GONU,2007-06-06 21:00:00,24.8,58.8,60.0,978.0,
002545,1,2007151N14072,2007,25,NI,GONU,2007-06-07 00:00:00,24.9,58.6,55.0,982.0,
002546,1,2007151N14072,2007,25,NI,GONU,2007-06-07 03:00:00,25.0,58.4,50.0,986.0,
002547,1,2007151N14072,2007,25,NI,GONU,2007-06-07 06:00:00,24.9,58.3,45.0,989.0,
002548,1,2007151N14072,2007,25,NI,GONU,2007-06-07 09:00:00,25.0,58.2,40.0,993.0,
002549,1,2007151N14072,2007,25,NI,GONU,2007-06-07 12:00:00,25.1,58.2,35.0,996.0,
002550,1,2007151N14072,2007,25,NI,GONU,2007-06-07 15:00:00,25.3,58.2,30.0,999.0,
002551,1,2007151N14072,2007,25,NI,GONU,2007-06-07 18:00:00,25.5,58.1,25.0,1002.0,
002552,1,2007151N14072,2007,25,NI,GONU,2007-06-07 21:00:00,25.7,58.0,20.0,1004.0,
002553,1,2007151N14072,2007,25,NI,GONU,2007-06-08 00:00:00,25.9,57.8,15.0,1006.0,
002554,1,2007314N10093,2007,80,NI,SIDR,2007-11-10 06:00:00,9.6,93.2,15.0,1010.0,
002555,1,2007314N10093,2007,80,NI,SIDR,2007-11-10 09:00:00,9.7,93.1,18.0,1008.0,
002556,1,2007314N10093,2007,80,NI,SIDR,2007-11-10 12:00:00,9.7,93.0,20.0,1005.0,
002557,1,2007314N10093,2007,80,NI,SIDR,2007-11-10 15:00:00,9.7,92.9,23.0,1005.0,
002558,1,2007314N10093,2007,80,NI,SIDR,2007-11-10 18:00:00,9.8,92.7,25.0,1004.0,
002559,1,2007314N10093,2007,80,NI,SIDR,2007-11-10 21:00:00,9.9,92.6,28.0,1002.0,
002560,1,2007314N10093,2007,80,NI,SIDR,2007-11-11 00:00:00,10.0,92.5,30.0,1000.0,
002561,1,2007314N10093,2007,80,NI,SIDR,2007-11-11 03:00:00,10.1,92.4,33.0,999.0,
002562,1,2007314N10093,2007,80,NI,SIDR,2007-11-11 06:00:00,10.1,92.2,35.0,998.0,
002563,1,2007314N10093,2007,80,NI,SIDR,2007-11-11 09:00:00,10.1,92.1,40.0,994.0,
002564,1,2007314N10093,2007,80,NI,SIDR,2007-11-11 12:00:00,10.1,91.9,45.0,989.0,
002565,1,2007314N10093,2007,80,NI,SIDR,2007-11-11 15:00:00,10.1,91.8,48.0,987.0,
002566,1,2007314N10093,2007,80,NI,SIDR,2007-11-11 18:00:00,10.4,91.5,50.0,985.0,
002567,1,2007314N10093,2007,80,NI,SIDR,2007-11-11 21:00:00,10.4,91.3,55.0,982.0,
002568,1,2007314N10093,2007,80,NI,SIDR,2007-11-12 00:00:00,10.5,91.2,60.0,978.0,
002569,1,2007314N10093,2007,80,NI,SIDR,2007-11-12 03:00:00,10.5,90.8,65.0,974.0,
002570,1,2007314N10093,2007,80,NI,SIDR,2007-11-12 06:00:00,10.9,90.5,70.0,970.0,
002571,1,2007314N10093,2007,80,NI,SIDR,2007-11-12 09:00:00,10.9,90.4,75.0,967.0,
002572,1,2007314N10093,2007,80,NI,SIDR,2007-11-12 12:00:00,11.3,90.1,80.0,963.0,
002573,1,2007314N10093,2007,80,NI,SIDR,2007-11-12 15:00:00,11.4,90.0,93.0,954.0,
002574,1,2007314N10093,2007,80,NI,SIDR,2007-11-12 18:00:00,11.6,90.0,105.0,944.0,
002575,1,2007314N10093,2007,80,NI,SIDR,2007-11-12 21:00:00,11.6,90.0,108.0,943.0,
002576,1,2007314N10093,2007,80,NI,SIDR,2007-11-13 00:00:00,12.0,89.7,110.0,941.0,
002577,1,2007314N10093,2007,80,NI,SIDR,2007-11-13 03:00:00,12.1,89.7,113.0,939.0,
002578,1,2007314N10093,2007,80,NI,SIDR,2007-11-13 06:00:00,12.3,89.7,115.0,937.0,
002579,1,2007314N10093,2007,80,NI,SIDR,2007-11-13 09:00:00,12.9,89.6,115.0,937.0,
002580,1,2007314N10093,2007,80,NI,SIDR,2007-11-13 12:00:00,13.0,89.6,115.0,937.0,
002581,1,2007314N10093,2007,80,NI,SIDR,2007-11-13 15:00:00,13.2,89.5,115.0,937.0,
002582,1,2007314N10093,2007,80,NI,SIDR,2007-11-13 18:00:00,13.6,89.5,115.0,937.0,
002583,1,2007314N10093,2007,80,NI,SIDR,2007-11-13 21:00:00,14.0,89.5,115.0,937.0,
002584,1,2007314N10093,2007,80,NI,SIDR,2007-11-14 00:00:00,14.4,89.5,115.0,937.0,
002585,1,2007314N10093,2007,80,NI,SIDR,2007-11-14 03:00:00,14.6,89.4,118.0,935.0,
002586,1,2007314N10093,2007,80,NI,SIDR,2007-11-14 06:00:00,15.0,89.4,120.0,933.0,
002587,1,2007314N10093,2007,80,NI,SIDR,2007-11-14 09:00:00,15.4,89.4,125.0,930.0,
002588,1,2007314N10093,2007,80,NI,SIDR,2007-11-14 12:00:00,15.9,89.1,130.0,926.0,
002589,1,2007314N10093,2007,80,NI,SIDR,2007-11-14 15:00:00,16.1,89.1,135.0,922.0,
002590,1,2007314N10093,2007,80,NI,SIDR,2007-11-14 18:00:00,16.6,89.1,140.0,918.0,
002591,1,2007314N10093,2007,80,NI,SIDR,2007-11-14 21:00:00,17.1,89.1,140.0,918.0,
002592,1,2007314N10093,2007,80,NI,SIDR,2007-11-15 00:00:00,17.7,89.1,140.0,918.0,
002593,1,2007314N10093,2007,80,NI,SIDR,2007-11-15 03:00:00,18.3,89.1,140.0,918.0,
002594,1,2007314N10093,2007,80,NI,SIDR,2007-11-15 06:00:00,19.4,89.1,140.0,918.0,
002595,1,2007314N10093,2007,80,NI,SIDR,2007-11-15 09:00:00,20.1,89.1,135.0,922.0,
002596,1,2007314N10093,2007,80,NI,SIDR,2007-11-15 12:00:00,21.0,89.2,130.0,926.0,
002597,1,2007314N10093,2007,80,NI,SIDR,2007-11-15 15:00:00,21.6,89.6,115.0,937.0,
002598,1,2007314N10093,2007,80,NI,SIDR,2007-11-15 18:00:00,22.5,90.4,100.0,948.0,
002599,1,2007314N10093,2007,80,NI,SIDR,2007-11-15 21:00:00,23.5,90.8,80.0,963.0,
002600,1,2007314N10093,2007,80,NI,SIDR,2007-11-16 00:00:00,23.8,91.0,60.0,978.0,
002601,1,2007314N10093,2007,80,NI,SIDR,2007-11-16 03:00:00,24.5,91.5,,,
002602,1,2008117N11090,2008,22,NI,NARGIS,2008-04-25 12:00:00,10.5,90.3,20.0,1007.0,
002603,1,2008117N11090,2008,22,NI,NARGIS,2008-04-25 15:00:00,10.7,89.9,20.0,1007.0,
002604,1,2008117N11090,2008,22,NI,NARGIS,2008-04-25 18:00:00,10.8,89.5,20.0,1007.0,
002605,1,2008117N11090,2008,22,NI,NARGIS,2008-04-25 21:00:00,10.7,89.1,20.0,1007.0,
002606,1,2008117N11090,2008,22,NI,NARGIS,2008-04-26 00:00:00,10.7,88.7,20.0,1007.0,
002607,1,2008117N11090,2008,22,NI,NARGIS,2008-04-26 03:00:00,10.9,88.6,20.0,1007.0,
002608,1,2008117N11090,2008,22,NI,NARGIS,2008-04-26 06:00:00,11.2,88.5,20.0,1007.0,
002609,1,2008117N11090,2008,22,NI,NARGIS,2008-04-26 09:00:00,11.4,88.2,20.0,1007.0,
002610,1,2008117N11090,2008,22,NI,NARGIS,2008-04-26 12:00:00,11.5,87.9,20.0,1007.0,
002611,1,2008117N11090,2008,22,NI,NARGIS,2008-04-26 15:00:00,11.5,87.5,23.0,1006.0,
002612,1,2008117N11090,2008,22,NI,NARGIS,2008-04-26 18:00:00,11.5,87.2,25.0,1004.0,
002613,1,2008117N11090,2008,22,NI,NARGIS,2008-04-26 21:00:00,11.5,86.9,25.0,1003.0,
002614,1,2008117N11090,2008,22,NI,NARGIS,2008-04-27 00:00:00,11.6,86.7,25.0,1002.0,
002615,1,2008117N11090,2008,22,NI,NARGIS,2008-04-27 03:00:00,11.7,86.6,28.0,1001.0,
002616,1,2008117N11090,2008,22,NI,NARGIS,2008-04-27 06:00:00,11.8,86.5,30.0,1000.0,
002617,1,2008117N11090,2008,22,NI,NARGIS,2008-04-27 09:00:00,12.0,86.3,33.0,998.0,
002618,1,2008117N11090,2008,22,NI,NARGIS,2008-04-27 12:00:00,12.1,86.2,35.0,996.0,
002619,1,2008117N11090,2008,22,NI,NARGIS,2008-04-27 15:00:00,12.2,86.1,40.0,993.0,
002620,1,2008117N11090,2008,22,NI,NARGIS,2008-04-27 18:00:00,12.5,85.9,45.0,989.0,
002621,1,2008117N11090,2008,22,NI,NARGIS,2008-04-27 21:00:00,12.8,85.6,50.0,986.0,
002622,1,2008117N11090,2008,22,NI,NARGIS,2008-04-28 00:00:00,12.9,85.6,55.0,982.0,
002623,1,2008117N11090,2008,22,NI,NARGIS,2008-04-28 03:00:00,13.0,85.6,60.0,978.0,
002624,1,2008117N11090,2008,22,NI,NARGIS,2008-04-28 06:00:00,13.1,85.6,65.0,974.0,
002625,1,2008117N11090,2008,22,NI,NARGIS,2008-04-28 09:00:00,13.0,85.5,68.0,972.0,
002626,1,2008117N11090,2008,22,NI,NARGIS,2008-04-28 12:00:00,13.0,85.4,70.0,970.0,
002627,1,2008117N11090,2008,22,NI,NARGIS,2008-04-28 15:00:00,13.0,85.4,73.0,969.0,
002628,1,2008117N11090,2008,22,NI,NARGIS,2008-04-28 18:00:00,13.1,85.4,75.0,967.0,
002629,1,2008117N11090,2008,22,NI,NARGIS,2008-04-28 21:00:00,13.1,85.5,75.0,967.0,
002630,1,2008117N11090,2008,22,NI,NARGIS,2008-04-29 00:00:00,13.2,85.6,75.0,967.0,
002631,1,2008117N11090,2008,22,NI,NARGIS,2008-04-29 03:00:00,13.3,85.6,75.0,967.0,
002632,1,2008117N11090,2008,22,NI,NARGIS,2008-04-29 06:00:00,13.3,85.7,75.0,967.0,
002633,1,2008117N11090,2008,22,NI,NARGIS,2008-04-29 09:00:00,13.4,85.7,73.0,969.0,
002634,1,2008117N11090,2008,22,NI,NARGIS,2008-04-29 12:00:00,13.8,85.9,70.0,970.0,
002635,1,2008117N11090,2008,22,NI,NARGIS,2008-04-29 15:00:00,13.9,86.0,70.0,970.0,
002636,1,2008117N11090,2008,22,NI,NARGIS,2008-04-29 18:00:00,14.0,86.1,70.0,970.0,
002637,1,2008117N11090,2008,22,NI,NARGIS,2008-04-29 21:00:00,14.1,86.3,70.0,970.0,
002638,1,2008117N11090,2008,22,NI,NARGIS,2008-04-30 00:00:00,14.2,86.4,70.0,970.0,
002639,1,2008117N11090,2008,22,NI,NARGIS,2008-04-30 03:00:00,14.5,86.7,65.0,974.0,
002640,1,2008117N11090,2008,22,NI,NARGIS,2008-04-30 06:00:00,14.6,86.8,60.0,978.0,
002641,1,2008117N11090,2008,22,NI,NARGIS,2008-04-30 09:00:00,14.7,87.1,63.0,976.0,
002642,1,2008117N11090,2008,22,NI,NARGIS,2008-04-30 12:00:00,14.8,87.3,65.0,974.0,
002643,1,2008117N11090,2008,22,NI,NARGIS,2008-04-30 15:00:00,15.1,87.7,65.0,974.0,
002644,1,2008117N11090,2008,22,NI,NARGIS,2008-04-30 18:00:00,15.2,87.9,65.0,974.0,
002645,1,2008117N11090,2008,22,NI,NARGIS,2008-04-30 21:00:00,15.2,88.0,65.0,974.0,
002646,1,2008117N11090,2008,22,NI,NARGIS,2008-05-01 00:00:00,15.6,88.5,65.0,974.0,
002647,1,2008117N11090,2008,22,NI,NARGIS,2008-05-01 03:00:00,15.6,89.2,68.0,972.0,
002648,1,2008117N11090,2008,22,NI,NARGIS,2008-05-01 06:00:00,16.0,89.7,70.0,970.0,
002649,1,2008117N11090,2008,22,NI,NARGIS,2008-05-01 09:00:00,16.0,90.1,85.0,959.0,
002650,1,2008117N11090,2008,22,NI,NARGIS,2008-05-01 12:00:00,16.0,90.6,100.0,948.0,
002651,1,2008117N11090,2008,22,NI,NARGIS,2008-05-01 15:00:00,15.9,91.1,100.0,948.0,
002652,1,2008117N11090,2008,22,NI,NARGIS,2008-05-01 18:00:00,15.9,91.6,100.0,948.0,
002653,1,2008117N11090,2008,22,NI,NARGIS,2008-05-01 21:00:00,15.9,92.1,105.0,945.0,
002654,1,2008117N11090,2008,22,NI,NARGIS,2008-05-02 00:00:00,15.9,92.6,110.0,941.0,
002655,1,2008117N11090,2008,22,NI,NARGIS,2008-05-02 03:00:00,15.9,93.1,113.0,939.0,
002656,1,2008117N11090,2008,22,NI,NARGIS,2008-05-02 06:00:00,16.0,93.6,115.0,937.0,
002657,1,2008117N11090,2008,22,NI,NARGIS,2008-05-02 09:00:00,16.0,94.1,115.0,937.0,
002658,1,2008117N11090,2008,22,NI,NARGIS,2008-05-02 12:00:00,16.0,94.5,115.0,937.0,
002659,1,2008117N11090,2008,22,NI,NARGIS,2008-05-02 15:00:00,16.1,95.1,100.0,950.0,
002660,1,2008117N11090,2008,22,NI,NARGIS,2008-05-02 18:00:00,16.5,95.6,85.0,963.0,
002661,1,2008117N11090,2008,22,NI,NARGIS,2008-05-02 21:00:00,16.5,95.8,78.0,967.0,
002662,1,2008117N11090,2008,22,NI,NARGIS,2008-05-03 00:00:00,16.7,96.0,70.0,970.0,
002663,1,2008117N11090,2008,22,NI,NARGIS,2008-05-03 03:00:00,17.0,96.4,60.0,978.0,
002664,1,2008117N11090,2008,22,NI,NARGIS,2008-05-03 06:00:00,17.4,96.9,50.0,985.0,
002665,1,2008117N11090,2008,22,NI,NARGIS,2008-05-03 09:00:00,17.8,97.3,45.0,989.0,
002666,1,2008117N11090,2008,22,NI,NARGIS,2008-05-03 12:00:00,18.3,97.6,40.0,993.0,
002667,1,2008117N11090,2008,22,NI,NARGIS,2008-05-03 15:00:00,18.8,97.7,35.0,997.0,
002668,1,2008117N11090,2008,22,NI,NARGIS,2008-05-03 18:00:00,19.4,97.8,30.0,1000.0,
002669,1,2008117N11090,2008,22,NI,NARGIS,2008-05-03 21:00:00,20.1,98.1,28.0,1002.0,
002670,1,2008117N11090,2008,22,NI,NARGIS,2008-05-04 00:00:00,20.8,98.5,25.0,1004.0,
002671,1,2008298N16085,2008,85,NI,RASHMI,2008-10-24 06:00:00,16.0,85.0,15.0,1010.0,
002672,1,2008298N16085,2008,85,NI,RASHMI,2008-10-24 09:00:00,16.0,85.2,18.0,1009.0,
002673,1,2008298N16085,2008,85,NI,RASHMI,2008-10-24 12:00:00,16.0,85.5,20.0,1007.0,
002674,1,2008298N16085,2008,85,NI,RASHMI,2008-10-24 15:00:00,16.0,85.8,23.0,1006.0,
002675,1,2008298N16085,2008,85,NI,RASHMI,2008-10-24 18:00:00,16.1,86.0,25.0,1004.0,
002676,1,2008298N16085,2008,85,NI,RASHMI,2008-10-24 21:00:00,16.2,86.2,25.0,1004.0,
002677,1,2008298N16085,2008,85,NI,RASHMI,2008-10-25 00:00:00,16.4,86.5,25.0,1004.0,
002678,1,2008298N16085,2008,85,NI,RASHMI,2008-10-25 03:00:00,16.5,86.7,28.0,1002.0,
002679,1,2008298N16085,2008,85,NI,RASHMI,2008-10-25 06:00:00,16.7,87.0,30.0,1000.0,
002680,1,2008298N16085,2008,85,NI,RASHMI,2008-10-25 09:00:00,17.0,87.2,30.0,1000.0,
002681,1,2008298N16085,2008,85,NI,RASHMI,2008-10-25 12:00:00,17.4,87.3,30.0,1000.0,
002682,1,2008298N16085,2008,85,NI,RASHMI,2008-10-25 15:00:00,17.6,87.3,30.0,1000.0,
002683,1,2008298N16085,2008,85,NI,RASHMI,2008-10-25 18:00:00,17.9,87.4,30.0,1000.0,
002684,1,2008298N16085,2008,85,NI,RASHMI,2008-10-25 21:00:00,17.9,87.4,33.0,998.0,
002685,1,2008298N16085,2008,85,NI,RASHMI,2008-10-26 00:00:00,18.1,87.6,35.0,996.0,
002686,1,2008298N16085,2008,85,NI,RASHMI,2008-10-26 03:00:00,18.5,87.9,35.0,996.0,
002687,1,2008298N16085,2008,85,NI,RASHMI,2008-10-26 06:00:00,18.6,88.0,35.0,996.0,
002688,1,2008298N16085,2008,85,NI,RASHMI,2008-10-26 09:00:00,18.8,88.0,35.0,996.0,
002689,1,2008298N16085,2008,85,NI,RASHMI,2008-10-26 12:00:00,19.7,88.4,35.0,996.0,
002690,1,2008298N16085,2008,85,NI,RASHMI,2008-10-26 15:00:00,20.4,88.8,40.0,993.0,
002691,1,2008298N16085,2008,85,NI,RASHMI,2008-10-26 18:00:00,21.0,89.3,45.0,989.0,
002692,1,2008298N16085,2008,85,NI,RASHMI,2008-10-26 21:00:00,21.9,89.8,40.0,993.0,
002693,1,2008298N16085,2008,85,NI,RASHMI,2008-10-27 00:00:00,23.0,90.2,35.0,996.0,
002694,1,2008298N16085,2008,85,NI,RASHMI,2008-10-27 03:00:00,23.9,90.7,30.0,1000.0,
002695,1,2008298N16085,2008,85,NI,RASHMI,2008-10-27 06:00:00,25.0,90.6,25.0,1004.0,
002696,1,2008317N11089,2008,89,NI,KHAI-MUK,2008-11-11 18:00:00,10.5,89.0,15.0,1010.0,
002697,1,2008317N11089,2008,89,NI,KHAI-MUK,2008-11-11 21:00:00,10.7,89.2,18.0,1009.0,
002698,1,2008317N11089,2008,89,NI,KHAI-MUK,2008-11-12 00:00:00,10.9,89.2,20.0,1007.0,
002699,1,2008317N11089,2008,89,NI,KHAI-MUK,2008-11-12 03:00:00,11.2,89.0,20.0,1007.0,
002700,1,2008317N11089,2008,89,NI,KHAI-MUK,2008-11-12 06:00:00,11.4,88.6,20.0,1007.0,
002701,1,2008317N11089,2008,89,NI,KHAI-MUK,2008-11-12 09:00:00,11.5,88.2,20.0,1007.0,
002702,1,2008317N11089,2008,89,NI,KHAI-MUK,2008-11-12 12:00:00,11.5,87.8,20.0,1007.0,
002703,1,2008317N11089,2008,89,NI,KHAI-MUK,2008-11-12 15:00:00,11.6,87.4,20.0,1007.0,
002704,1,2008317N11089,2008,89,NI,KHAI-MUK,2008-11-12 18:00:00,11.6,86.9,20.0,1007.0,
002705,1,2008317N11089,2008,89,NI,KHAI-MUK,2008-11-12 21:00:00,11.6,86.4,20.0,1006.0,
002706,1,2008317N11089,2008,89,NI,KHAI-MUK,2008-11-13 00:00:00,11.6,86.0,20.0,1004.0,
002707,1,2008317N11089,2008,89,NI,KHAI-MUK,2008-11-13 03:00:00,11.6,85.7,20.0,1006.0,
002708,1,2008317N11089,2008,89,NI,KHAI-MUK,2008-11-13 06:00:00,11.7,85.6,20.0,1007.0,
002709,1,2008317N11089,2008,89,NI,KHAI-MUK,2008-11-13 09:00:00,11.8,85.5,23.0,1006.0,
002710,1,2008317N11089,2008,89,NI,KHAI-MUK,2008-11-13 12:00:00,11.8,85.4,25.0,1004.0,
002711,1,2008317N11089,2008,89,NI,KHAI-MUK,2008-11-13 15:00:00,12.0,85.3,28.0,1002.0,
002712,1,2008317N11089,2008,89,NI,KHAI-MUK,2008-11-13 18:00:00,12.2,85.2,30.0,1000.0,
002713,1,2008317N11089,2008,89,NI,KHAI-MUK,2008-11-13 21:00:00,12.3,85.1,33.0,1000.0,
002714,1,2008317N11089,2008,89,NI,KHAI-MUK,2008-11-14 00:00:00,12.5,85.1,35.0,1000.0,
002715,1,2008317N11089,2008,89,NI,KHAI-MUK,2008-11-14 03:00:00,12.9,85.0,38.0,998.0,
002716,1,2008317N11089,2008,89,NI,KHAI-MUK,2008-11-14 06:00:00,13.3,84.9,40.0,996.0,
002717,1,2008317N11089,2008,89,NI,KHAI-MUK,2008-11-14 09:00:00,13.7,84.5,43.0,993.0,
002718,1,2008317N11089,2008,89,NI,KHAI-MUK,2008-11-14 12:00:00,14.0,84.1,45.0,989.0,
002719,1,2008317N11089,2008,89,NI,KHAI-MUK,2008-11-14 15:00:00,14.4,83.6,45.0,989.0,
002720,1,2008317N11089,2008,89,NI,KHAI-MUK,2008-11-14 18:00:00,14.4,83.5,45.0,989.0,
002721,1,2008317N11089,2008,89,NI,KHAI-MUK,2008-11-14 21:00:00,14.4,83.1,45.0,989.0,
002722,1,2008317N11089,2008,89,NI,KHAI-MUK,2008-11-15 00:00:00,14.4,83.0,45.0,989.0,
002723,1,2008317N11089,2008,89,NI,KHAI-MUK,2008-11-15 03:00:00,14.4,82.6,43.0,991.0,
002724,1,2008317N11089,2008,89,NI,KHAI-MUK,2008-11-15 06:00:00,14.4,82.5,40.0,993.0,
002725,1,2008317N11089,2008,89,NI,KHAI-MUK,2008-11-15 09:00:00,14.4,82.0,40.0,993.0,
002726,1,2008317N11089,2008,89,NI,KHAI-MUK,2008-11-15 12:00:00,14.5,81.6,40.0,993.0,
002727,1,2008317N11089,2008,89,NI,KHAI-MUK,2008-11-15 15:00:00,14.5,81.1,40.0,993.0,
002728,1,2008317N11089,2008,89,NI,KHAI-MUK,2008-11-15 18:00:00,14.8,80.6,40.0,993.0,
002729,1,2008317N11089,2008,89,NI,KHAI-MUK,2008-11-15 21:00:00,14.9,80.2,38.0,995.0,
002730,1,2008317N11089,2008,89,NI,KHAI-MUK,2008-11-16 00:00:00,15.1,79.7,35.0,996.0,
002731,1,2008317N11089,2008,89,NI,KHAI-MUK,2008-11-16 03:00:00,15.2,79.0,30.0,1000.0,
002732,1,2008317N11089,2008,89,NI,KHAI-MUK,2008-11-16 06:00:00,15.4,78.8,25.0,1004.0,
002733,1,2008329N09082,2008,94,NI,NISHA,2008-11-24 06:00:00,8.7,81.8,15.0,1010.0,
002734,1,2008329N09082,2008,94,NI,NISHA,2008-11-24 09:00:00,8.8,81.5,15.0,1010.0,
002735,1,2008329N09082,2008,94,NI,NISHA,2008-11-24 12:00:00,8.9,81.3,15.0,1010.0,
002736,1,2008329N09082,2008,94,NI,NISHA,2008-11-24 15:00:00,9.0,81.2,18.0,1009.0,
002737,1,2008329N09082,2008,94,NI,NISHA,2008-11-24 18:00:00,9.0,81.1,20.0,1007.0,
002738,1,2008329N09082,2008,94,NI,NISHA,2008-11-24 21:00:00,9.0,81.0,23.0,1006.0,
002739,1,2008329N09082,2008,94,NI,NISHA,2008-11-25 00:00:00,9.1,80.9,25.0,1004.0,
002740,1,2008329N09082,2008,94,NI,NISHA,2008-11-25 03:00:00,9.2,80.8,28.0,1002.0,
002741,1,2008329N09082,2008,94,NI,NISHA,2008-11-25 06:00:00,9.3,80.7,30.0,1000.0,
002742,1,2008329N09082,2008,94,NI,NISHA,2008-11-25 09:00:00,9.3,80.7,30.0,1000.0,
002743,1,2008329N09082,2008,94,NI,NISHA,2008-11-25 12:00:00,9.2,80.7,30.0,1000.0,
002744,1,2008329N09082,2008,94,NI,NISHA,2008-11-25 15:00:00,9.4,80.7,33.0,998.0,
002745,1,2008329N09082,2008,94,NI,NISHA,2008-11-25 18:00:00,9.7,80.5,35.0,996.0,
002746,1,2008329N09082,2008,94,NI,NISHA,2008-11-25 21:00:00,10.0,80.3,40.0,993.0,
002747,1,2008329N09082,2008,94,NI,NISHA,2008-11-26 00:00:00,10.1,80.4,45.0,989.0,
002748,1,2008329N09082,2008,94,NI,NISHA,2008-11-26 03:00:00,10.4,80.4,48.0,987.0,
002749,1,2008329N09082,2008,94,NI,NISHA,2008-11-26 06:00:00,10.6,80.4,50.0,985.0,
002750,1,2008329N09082,2008,94,NI,NISHA,2008-11-26 09:00:00,10.6,80.3,50.0,985.0,
002751,1,2008329N09082,2008,94,NI,NISHA,2008-11-26 12:00:00,10.9,80.3,50.0,985.0,
002752,1,2008329N09082,2008,94,NI,NISHA,2008-11-26 15:00:00,11.0,80.2,50.0,985.0,
002753,1,2008329N09082,2008,94,NI,NISHA,2008-11-26 18:00:00,11.1,80.2,50.0,985.0,
002754,1,2008329N09082,2008,94,NI,NISHA,2008-11-26 21:00:00,11.1,80.1,50.0,985.0,
002755,1,2008329N09082,2008,94,NI,NISHA,2008-11-27 00:00:00,11.3,80.0,50.0,985.0,
002756,1,2008329N09082,2008,94,NI,NISHA,2008-11-27 03:00:00,11.5,79.6,50.0,985.0,
002757,1,2008329N09082,2008,94,NI,NISHA,2008-11-27 06:00:00,11.7,79.4,50.0,985.0,
002758,1,2008329N09082,2008,94,NI,NISHA,2008-11-27 09:00:00,11.8,79.1,45.0,989.0,
002759,1,2008329N09082,2008,94,NI,NISHA,2008-11-27 12:00:00,11.8,78.6,40.0,993.0,
002760,1,2008329N09082,2008,94,NI,NISHA,2008-11-27 15:00:00,11.9,78.2,35.0,997.0,
002761,1,2008329N09082,2008,94,NI,NISHA,2008-11-27 18:00:00,12.1,77.7,30.0,1000.0,
002762,1,2008329N09082,2008,94,NI,NISHA,2008-11-27 21:00:00,12.3,77.1,25.0,1003.0,
002763,1,2008329N09082,2008,94,NI,NISHA,2008-11-28 00:00:00,12.5,76.4,20.0,1005.0,
002764,1,2009104N13088,2009,22,NI,BIJLI,2009-04-14 00:00:00,12.6,87.7,25.0,1004.0,
002765,1,2009104N13088,2009,22,NI,BIJLI,2009-04-14 03:00:00,12.7,87.9,28.0,1002.0,
002766,1,2009104N13088,2009,22,NI,BIJLI,2009-04-14 06:00:00,12.7,88.1,30.0,1000.0,
002767,1,2009104N13088,2009,22,NI,BIJLI,2009-04-14 09:00:00,12.5,88.1,30.0,1000.0,
002768,1,2009104N13088,2009,22,NI,BIJLI,2009-04-14 12:00:00,12.4,87.9,30.0,1000.0,
002769,1,2009104N13088,2009,22,NI,BIJLI,2009-04-14 15:00:00,12.4,87.8,30.0,1000.0,
002770,1,2009104N13088,2009,22,NI,BIJLI,2009-04-14 18:00:00,12.5,87.7,30.0,1000.0,
002771,1,2009104N13088,2009,22,NI,BIJLI,2009-04-14 21:00:00,12.8,87.7,30.0,1000.0,
002772,1,2009104N13088,2009,22,NI,BIJLI,2009-04-15 00:00:00,13.3,87.7,30.0,1000.0,
002773,1,2009104N13088,2009,22,NI,BIJLI,2009-04-15 03:00:00,13.9,87.3,33.0,998.0,
002774,1,2009104N13088,2009,22,NI,BIJLI,2009-04-15 06:00:00,14.5,87.1,35.0,996.0,
002775,1,2009104N13088,2009,22,NI,BIJLI,2009-04-15 09:00:00,15.0,86.7,38.0,995.0,
002776,1,2009104N13088,2009,22,NI,BIJLI,2009-04-15 12:00:00,15.4,86.3,40.0,993.0,
002777,1,2009104N13088,2009,22,NI,BIJLI,2009-04-15 15:00:00,15.8,86.2,40.0,993.0,
002778,1,2009104N13088,2009,22,NI,BIJLI,2009-04-15 18:00:00,16.2,86.2,40.0,993.0,
002779,1,2009104N13088,2009,22,NI,BIJLI,2009-04-15 21:00:00,16.3,86.2,43.0,991.0,
002780,1,2009104N13088,2009,22,NI,BIJLI,2009-04-16 00:00:00,16.7,86.0,45.0,989.0,
002781,1,2009104N13088,2009,22,NI,BIJLI,2009-04-16 03:00:00,17.1,86.0,45.0,989.0,
002782,1,2009104N13088,2009,22,NI,BIJLI,2009-04-16 06:00:00,17.6,86.1,45.0,989.0,
002783,1,2009104N13088,2009,22,NI,BIJLI,2009-04-16 09:00:00,18.0,86.2,48.0,987.0,
002784,1,2009104N13088,2009,22,NI,BIJLI,2009-04-16 12:00:00,18.5,86.6,50.0,985.0,
002785,1,2009104N13088,2009,22,NI,BIJLI,2009-04-16 15:00:00,18.6,86.7,50.0,985.0,
002786,1,2009104N13088,2009,22,NI,BIJLI,2009-04-16 18:00:00,19.3,87.1,50.0,985.0,
002787,1,2009104N13088,2009,22,NI,BIJLI,2009-04-16 21:00:00,19.8,87.6,50.0,985.0,
002788,1,2009104N13088,2009,22,NI,BIJLI,2009-04-17 00:00:00,20.3,88.1,50.0,985.0,
002789,1,2009104N13088,2009,22,NI,BIJLI,2009-04-17 03:00:00,20.5,88.6,50.0,985.0,
002790,1,2009104N13088,2009,22,NI,BIJLI,2009-04-17 06:00:00,20.9,89.2,50.0,985.0,
002791,1,2009104N13088,2009,22,NI,BIJLI,2009-04-17 09:00:00,21.3,89.8,48.0,987.0,
002792,1,2009104N13088,2009,22,NI,BIJLI,2009-04-17 12:00:00,21.4,90.4,45.0,989.0,
002793,1,2009104N13088,2009,22,NI,BIJLI,2009-04-17 15:00:00,21.7,91.3,45.0,989.0,
002794,1,2009104N13088,2009,22,NI,BIJLI,2009-04-17 18:00:00,21.9,91.8,45.0,989.0,
002795,1,2009104N13088,2009,22,NI,BIJLI,2009-04-17 21:00:00,22.1,92.4,43.0,991.0,
002796,1,2009104N13088,2009,22,NI,BIJLI,2009-04-18 00:00:00,22.4,93.1,40.0,993.0,
002797,1,2009143N17089,2009,26,NI,AILA,2009-05-22 18:00:00,16.9,88.8,25.0,1004.0,
002798,1,2009143N17089,2009,26,NI,AILA,2009-05-22 21:00:00,16.7,88.8,25.0,1004.0,
002799,1,2009143N17089,2009,26,NI,AILA,2009-05-23 00:00:00,16.7,88.8,25.0,1004.0,
002800,1,2009143N17089,2009,26,NI,AILA,2009-05-23 03:00:00,16.8,88.9,28.0,1001.0,
002801,1,2009143N17089,2009,26,NI,AILA,2009-05-23 06:00:00,16.9,88.8,30.0,998.0,
002802,1,2009143N17089,2009,26,NI,AILA,2009-05-23 09:00:00,16.9,88.6,30.0,998.0,
002803,1,2009143N17089,2009,26,NI,AILA,2009-05-23 12:00:00,16.9,88.5,30.0,998.0,
002804,1,2009143N17089,2009,26,NI,AILA,2009-05-23 15:00:00,17.1,88.5,30.0,997.0,
002805,1,2009143N17089,2009,26,NI,AILA,2009-05-23 18:00:00,17.3,88.6,30.0,996.0,
002806,1,2009143N17089,2009,26,NI,AILA,2009-05-23 21:00:00,17.2,88.6,33.0,995.0,
002807,1,2009143N17089,2009,26,NI,AILA,2009-05-24 00:00:00,17.4,88.5,35.0,994.0,
002808,1,2009143N17089,2009,26,NI,AILA,2009-05-24 03:00:00,17.9,88.4,35.0,993.0,
002809,1,2009143N17089,2009,26,NI,AILA,2009-05-24 06:00:00,18.0,88.4,35.0,992.0,
002810,1,2009143N17089,2009,26,NI,AILA,2009-05-24 09:00:00,18.1,88.3,40.0,991.0,
002811,1,2009143N17089,2009,26,NI,AILA,2009-05-24 12:00:00,18.5,88.3,45.0,989.0,
002812,1,2009143N17089,2009,26,NI,AILA,2009-05-24 15:00:00,18.9,88.3,48.0,987.0,
002813,1,2009143N17089,2009,26,NI,AILA,2009-05-24 18:00:00,19.1,88.3,50.0,985.0,
002814,1,2009143N17089,2009,26,NI,AILA,2009-05-24 21:00:00,19.7,88.0,53.0,984.0,
002815,1,2009143N17089,2009,26,NI,AILA,2009-05-25 00:00:00,20.0,88.1,55.0,982.0,
002816,1,2009143N17089,2009,26,NI,AILA,2009-05-25 03:00:00,20.6,88.1,60.0,978.0,
002817,1,2009143N17089,2009,26,NI,AILA,2009-05-25 06:00:00,21.6,88.2,65.0,974.0,
002818,1,2009143N17089,2009,26,NI,AILA,2009-05-25 09:00:00,22.1,88.2,60.0,978.0,
002819,1,2009143N17089,2009,26,NI,AILA,2009-05-25 12:00:00,22.7,88.2,55.0,982.0,
002820,1,2009143N17089,2009,26,NI,AILA,2009-05-25 15:00:00,23.3,88.2,48.0,988.0,
002821,1,2009143N17089,2009,26,NI,AILA,2009-05-25 18:00:00,23.9,88.3,40.0,993.0,
002822,1,2009143N17089,2009,26,NI,AILA,2009-05-25 21:00:00,24.5,88.3,35.0,997.0,
002823,1,2009143N17089,2009,26,NI,AILA,2009-05-26 00:00:00,25.4,88.4,30.0,1000.0,
002824,1,2009143N17089,2009,26,NI,AILA,2009-05-26 03:00:00,25.9,88.4,23.0,1005.0,
002825,1,2009143N17089,2009,26,NI,AILA,2009-05-26 06:00:00,26.9,88.8,15.0,1010.0,
002826,1,2009313N11072,2009,89,NI,PHYAN,2009-11-09 03:00:00,11.0,72.0,,,
002827,1,2009313N11072,2009,89,NI,PHYAN,2009-11-09 06:00:00,11.6,71.4,20.0,1007.0,
002828,1,2009313N11072,2009,89,NI,PHYAN,2009-11-09 09:00:00,11.9,71.2,25.0,1004.0,
002829,1,2009313N11072,2009,89,NI,PHYAN,2009-11-09 12:00:00,12.1,71.1,30.0,1000.0,
002830,1,2009313N11072,2009,89,NI,PHYAN,2009-11-09 15:00:00,12.4,70.9,33.0,998.0,
002831,1,2009313N11072,2009,89,NI,PHYAN,2009-11-09 18:00:00,12.7,70.8,35.0,996.0,
002832,1,2009313N11072,2009,89,NI,PHYAN,2009-11-09 21:00:00,13.0,70.8,35.0,996.0,
002833,1,2009313N11072,2009,89,NI,PHYAN,2009-11-10 00:00:00,13.4,70.8,35.0,996.0,
002834,1,2009313N11072,2009,89,NI,PHYAN,2009-11-10 03:00:00,13.9,71.0,35.0,996.0,
002835,1,2009313N11072,2009,89,NI,PHYAN,2009-11-10 06:00:00,14.4,71.2,35.0,996.0,
002836,1,2009313N11072,2009,89,NI,PHYAN,2009-11-10 09:00:00,14.6,71.2,40.0,993.0,
002837,1,2009313N11072,2009,89,NI,PHYAN,2009-11-10 12:00:00,15.0,71.3,45.0,989.0,
002838,1,2009313N11072,2009,89,NI,PHYAN,2009-11-10 15:00:00,15.4,71.6,48.0,987.0,
002839,1,2009313N11072,2009,89,NI,PHYAN,2009-11-10 18:00:00,15.8,71.8,50.0,985.0,
002840,1,2009313N11072,2009,89,NI,PHYAN,2009-11-10 21:00:00,16.5,72.2,50.0,985.0,
002841,1,2009313N11072,2009,89,NI,PHYAN,2009-11-11 00:00:00,17.0,72.6,50.0,985.0,
002842,1,2009313N11072,2009,89,NI,PHYAN,2009-11-11 03:00:00,17.9,72.7,48.0,987.0,
002843,1,2009313N11072,2009,89,NI,PHYAN,2009-11-11 06:00:00,18.8,73.3,45.0,989.0,
002844,1,2009313N11072,2009,89,NI,PHYAN,2009-11-11 09:00:00,19.4,73.7,40.0,993.0,
002845,1,2009313N11072,2009,89,NI,PHYAN,2009-11-11 12:00:00,19.7,73.9,35.0,996.0,
002846,1,2009344N06085,2009,98,NI,WARD,2009-12-10 09:00:00,6.5,85.0,,,
002847,1,2009344N06085,2009,98,NI,WARD,2009-12-10 12:00:00,6.5,85.0,,,
002848,1,2009344N06085,2009,98,NI,WARD,2009-12-10 15:00:00,6.5,85.0,,,
002849,1,2009344N06085,2009,98,NI,WARD,2009-12-10 18:00:00,6.7,85.0,20.0,1007.0,
002850,1,2009344N06085,2009,98,NI,WARD,2009-12-10 21:00:00,7.1,84.8,23.0,1006.0,
002851,1,2009344N06085,2009,98,NI,WARD,2009-12-11 00:00:00,7.4,84.6,25.0,1004.0,
002852,1,2009344N06085,2009,98,NI,WARD,2009-12-11 03:00:00,7.7,84.7,28.0,1002.0,
002853,1,2009344N06085,2009,98,NI,WARD,2009-12-11 06:00:00,8.4,84.7,30.0,1000.0,
002854,1,2009344N06085,2009,98,NI,WARD,2009-12-11 09:00:00,8.7,84.8,35.0,997.0,
002855,1,2009344N06085,2009,98,NI,WARD,2009-12-11 12:00:00,8.8,84.9,40.0,993.0,
002856,1,2009344N06085,2009,98,NI,WARD,2009-12-11 15:00:00,9.2,84.9,43.0,991.0,
002857,1,2009344N06085,2009,98,NI,WARD,2009-12-11 18:00:00,9.3,84.8,45.0,989.0,
002858,1,2009344N06085,2009,98,NI,WARD,2009-12-11 21:00:00,9.6,84.7,45.0,989.0,
002859,1,2009344N06085,2009,98,NI,WARD,2009-12-12 00:00:00,9.9,84.6,45.0,989.0,
002860,1,2009344N06085,2009,98,NI,WARD,2009-12-12 03:00:00,9.9,84.5,45.0,989.0,
002861,1,2009344N06085,2009,98,NI,WARD,2009-12-12 06:00:00,10.0,84.4,45.0,989.0,
002862,1,2009344N06085,2009,98,NI,WARD,2009-12-12 09:00:00,9.9,84.0,45.0,989.0,
002863,1,2009344N06085,2009,98,NI,WARD,2009-12-12 12:00:00,9.9,83.7,45.0,989.0,
002864,1,2009344N06085,2009,98,NI,WARD,2009-12-12 15:00:00,9.7,83.6,45.0,989.0,
002865,1,2009344N06085,2009,98,NI,WARD,2009-12-12 18:00:00,9.4,83.5,45.0,989.0,
002866,1,2009344N06085,2009,98,NI,WARD,2009-12-12 21:00:00,9.3,83.3,43.0,991.0,
002867,1,2009344N06085,2009,98,NI,WARD,2009-12-13 00:00:00,9.3,83.2,40.0,993.0,
002868,1,2009344N06085,2009,98,NI,WARD,2009-12-13 03:00:00,9.3,83.1,38.0,995.0,
002869,1,2009344N06085,2009,98,NI,WARD,2009-12-13 06:00:00,9.0,83.0,35.0,996.0,
002870,1,2009344N06085,2009,98,NI,WARD,2009-12-13 09:00:00,8.9,82.9,35.0,996.0,
002871,1,2009344N06085,2009,98,NI,WARD,2009-12-13 12:00:00,9.0,82.8,35.0,996.0,
002872,1,2009344N06085,2009,98,NI,WARD,2009-12-13 15:00:00,8.9,82.6,35.0,996.0,
002873,1,2009344N06085,2009,98,NI,WARD,2009-12-13 18:00:00,9.0,82.3,35.0,996.0,
002874,1,2009344N06085,2009,98,NI,WARD,2009-12-13 21:00:00,9.0,82.1,33.0,998.0,
002875,1,2009344N06085,2009,98,NI,WARD,2009-12-14 00:00:00,9.0,81.8,30.0,1000.0,
002876,1,2009344N06085,2009,98,NI,WARD,2009-12-14 03:00:00,8.6,81.5,30.0,1000.0,
002877,1,2009344N06085,2009,98,NI,WARD,2009-12-14 06:00:00,8.5,81.5,30.0,1000.0,
002878,1,2009344N06085,2009,98,NI,WARD,2009-12-14 09:00:00,8.5,81.2,28.0,1002.0,
002879,1,2009344N06085,2009,98,NI,WARD,2009-12-14 12:00:00,8.5,81.1,25.0,1004.0,
002880,1,2009344N06085,2009,98,NI,WARD,2009-12-14 15:00:00,8.5,81.1,20.0,1007.0,
002881,1,2009344N06085,2009,98,NI,WARD,2009-12-14 18:00:00,8.5,81.0,15.0,1010.0,
002882,1,2009344N06085,2009,98,NI,WARD,2009-12-14 21:00:00,8.5,80.8,,,
002883,1,2009344N06085,2009,98,NI,WARD,2009-12-15 00:00:00,8.5,80.5,,,
002884,1,2010136N09057,2010,23,NI,BANDU,2010-05-15 12:00:00,9.3,56.5,15.0,1010.0,
002885,1,2010136N09057,2010,23,NI,BANDU,2010-05-15 15:00:00,9.3,56.8,15.0,1010.0,
002886,1,2010136N09057,2010,23,NI,BANDU,2010-05-15 18:00:00,9.4,57.0,15.0,1010.0,
002887,1,2010136N09057,2010,23,NI,BANDU,2010-05-15 21:00:00,9.6,57.1,15.0,1010.0,
002888,1,2010136N09057,2010,23,NI,BANDU,2010-05-16 00:00:00,9.8,57.0,15.0,1010.0,
002889,1,2010136N09057,2010,23,NI,BANDU,2010-05-16 03:00:00,9.9,57.0,15.0,1010.0,
002890,1,2010136N09057,2010,23,NI,BANDU,2010-05-16 06:00:00,10.0,56.8,15.0,1010.0,
002891,1,2010136N09057,2010,23,NI,BANDU,2010-05-16 09:00:00,10.1,56.4,15.0,1010.0,
002892,1,2010136N09057,2010,23,NI,BANDU,2010-05-16 12:00:00,10.1,56.1,15.0,1010.0,
002893,1,2010136N09057,2010,23,NI,BANDU,2010-05-16 15:00:00,10.0,56.0,15.0,1010.0,
002894,1,2010136N09057,2010,23,NI,BANDU,2010-05-16 18:00:00,9.9,56.0,15.0,1010.0,
002895,1,2010136N09057,2010,23,NI,BANDU,2010-05-16 21:00:00,9.7,56.2,15.0,1010.0,
002896,1,2010136N09057,2010,23,NI,BANDU,2010-05-17 00:00:00,9.6,56.6,15.0,1010.0,
002897,1,2010136N09057,2010,23,NI,BANDU,2010-05-17 03:00:00,9.7,57.0,15.0,1010.0,
002898,1,2010136N09057,2010,23,NI,BANDU,2010-05-17 06:00:00,9.7,57.3,15.0,1010.0,
002899,1,2010136N09057,2010,23,NI,BANDU,2010-05-17 09:00:00,9.5,57.5,15.0,1010.0,
002900,1,2010136N09057,2010,23,NI,BANDU,2010-05-17 12:00:00,9.3,57.6,15.0,1010.0,
002901,1,2010136N09057,2010,23,NI,BANDU,2010-05-17 15:00:00,9.0,57.5,15.0,1010.0,
002902,1,2010136N09057,2010,23,NI,BANDU,2010-05-17 18:00:00,8.9,57.3,15.0,1010.0,
002903,1,2010136N09057,2010,23,NI,BANDU,2010-05-17 21:00:00,9.0,57.0,15.0,1010.0,
002904,1,2010136N09057,2010,23,NI,BANDU,2010-05-18 00:00:00,9.2,56.7,15.0,1010.0,
002905,1,2010136N09057,2010,23,NI,BANDU,2010-05-18 03:00:00,9.4,56.6,15.0,1010.0,
002906,1,2010136N09057,2010,23,NI,BANDU,2010-05-18 06:00:00,9.6,56.5,15.0,1010.0,
002907,1,2010136N09057,2010,23,NI,BANDU,2010-05-18 09:00:00,9.9,56.3,15.0,1010.0,
002908,1,2010136N09057,2010,23,NI,BANDU,2010-05-18 12:00:00,10.2,56.1,15.0,1010.0,
002909,1,2010136N09057,2010,23,NI,BANDU,2010-05-18 15:00:00,10.4,55.8,18.0,1009.0,
002910,1,2010136N09057,2010,23,NI,BANDU,2010-05-18 18:00:00,10.6,55.4,20.0,1007.0,
002911,1,2010136N09057,2010,23,NI,BANDU,2010-05-18 21:00:00,10.8,54.9,23.0,1006.0,
002912,1,2010136N09057,2010,23,NI,BANDU,2010-05-19 00:00:00,10.9,54.5,25.0,1004.0,
002913,1,2010136N09057,2010,23,NI,BANDU,2010-05-19 03:00:00,11.0,54.2,28.0,1002.0,
002914,1,2010136N09057,2010,23,NI,BANDU,2010-05-19 06:00:00,11.1,54.0,30.0,1000.0,
002915,1,2010136N09057,2010,23,NI,BANDU,2010-05-19 09:00:00,11.1,53.8,33.0,998.0,
002916,1,2010136N09057,2010,23,NI,BANDU,2010-05-19 12:00:00,11.2,53.7,35.0,996.0,
002917,1,2010136N09057,2010,23,NI,BANDU,2010-05-19 15:00:00,11.4,53.4,35.0,996.0,
002918,1,2010136N09057,2010,23,NI,BANDU,2010-05-19 18:00:00,11.5,53.3,35.0,996.0,
002919,1,2010136N09057,2010,23,NI,BANDU,2010-05-19 21:00:00,11.5,53.0,38.0,995.0,
002920,1,2010136N09057,2010,23,NI,BANDU,2010-05-20 00:00:00,11.6,53.0,40.0,993.0,
002921,1,2010136N09057,2010,23,NI,BANDU,2010-05-20 03:00:00,11.7,52.9,40.0,993.0,
002922,1,2010136N09057,2010,23,NI,BANDU,2010-05-20 06:00:00,11.8,52.9,40.0,993.0,
002923,1,2010136N09057,2010,23,NI,BANDU,2010-05-20 09:00:00,12.1,52.8,43.0,991.0,
002924,1,2010136N09057,2010,23,NI,BANDU,2010-05-20 12:00:00,12.4,52.5,45.0,989.0,
002925,1,2010136N09057,2010,23,NI,BANDU,2010-05-20 15:00:00,12.5,52.2,45.0,989.0,
002926,1,2010136N09057,2010,23,NI,BANDU,2010-05-20 18:00:00,12.5,51.9,45.0,989.0,
002927,1,2010136N09057,2010,23,NI,BANDU,2010-05-20 21:00:00,12.5,51.8,45.0,989.0,
002928,1,2010136N09057,2010,23,NI,BANDU,2010-05-21 00:00:00,12.5,51.8,45.0,989.0,
002929,1,2010136N09057,2010,23,NI,BANDU,2010-05-21 03:00:00,12.6,51.7,50.0,986.0,
002930,1,2010136N09057,2010,23,NI,BANDU,2010-05-21 06:00:00,12.6,51.7,55.0,982.0,
002931,1,2010136N09057,2010,23,NI,BANDU,2010-05-21 09:00:00,12.6,51.7,55.0,982.0,
002932,1,2010136N09057,2010,23,NI,BANDU,2010-05-21 12:00:00,12.7,51.7,55.0,982.0,
002933,1,2010136N09057,2010,23,NI,BANDU,2010-05-21 15:00:00,12.6,51.7,53.0,984.0,
002934,1,2010136N09057,2010,23,NI,BANDU,2010-05-21 18:00:00,12.6,51.7,50.0,985.0,
002935,1,2010136N09057,2010,23,NI,BANDU,2010-05-21 21:00:00,12.5,51.3,48.0,987.0,
002936,1,2010136N09057,2010,23,NI,BANDU,2010-05-22 00:00:00,12.6,51.0,45.0,989.0,
002937,1,2010136N09057,2010,23,NI,BANDU,2010-05-22 03:00:00,12.5,50.9,43.0,991.0,
002938,1,2010136N09057,2010,23,NI,BANDU,2010-05-22 06:00:00,12.6,50.9,40.0,993.0,
002939,1,2010136N09057,2010,23,NI,BANDU,2010-05-22 09:00:00,12.5,50.6,38.0,995.0,
002940,1,2010136N09057,2010,23,NI,BANDU,2010-05-22 12:00:00,12.6,50.6,35.0,996.0,
002941,1,2010136N09057,2010,23,NI,BANDU,2010-05-22 15:00:00,12.6,50.5,33.0,998.0,
002942,1,2010136N09057,2010,23,NI,BANDU,2010-05-22 18:00:00,12.6,50.4,30.0,1000.0,
002943,1,2010137N10090,2010,24,NI,LAILA,2010-05-16 18:00:00,9.8,90.4,15.0,1010.0,
002944,1,2010137N10090,2010,24,NI,LAILA,2010-05-16 21:00:00,10.2,90.1,18.0,1009.0,
002945,1,2010137N10090,2010,24,NI,LAILA,2010-05-17 00:00:00,10.5,89.7,20.0,1007.0,
002946,1,2010137N10090,2010,24,NI,LAILA,2010-05-17 03:00:00,10.7,89.3,23.0,1006.0,
002947,1,2010137N10090,2010,24,NI,LAILA,2010-05-17 06:00:00,10.8,88.7,25.0,1004.0,
002948,1,2010137N10090,2010,24,NI,LAILA,2010-05-17 09:00:00,11.0,88.3,28.0,1002.0,
002949,1,2010137N10090,2010,24,NI,LAILA,2010-05-17 12:00:00,11.2,87.9,30.0,1000.0,
002950,1,2010137N10090,2010,24,NI,LAILA,2010-05-17 15:00:00,11.4,87.6,33.0,998.0,
002951,1,2010137N10090,2010,24,NI,LAILA,2010-05-17 18:00:00,11.6,87.2,35.0,996.0,
002952,1,2010137N10090,2010,24,NI,LAILA,2010-05-17 21:00:00,11.7,86.8,38.0,995.0,
002953,1,2010137N10090,2010,24,NI,LAILA,2010-05-18 00:00:00,11.8,86.3,40.0,993.0,
002954,1,2010137N10090,2010,24,NI,LAILA,2010-05-18 03:00:00,12.1,85.4,43.0,991.0,
002955,1,2010137N10090,2010,24,NI,LAILA,2010-05-18 06:00:00,12.5,84.6,45.0,989.0,
002956,1,2010137N10090,2010,24,NI,LAILA,2010-05-18 09:00:00,12.9,84.0,50.0,986.0,
002957,1,2010137N10090,2010,24,NI,LAILA,2010-05-18 12:00:00,13.1,83.5,55.0,982.0,
002958,1,2010137N10090,2010,24,NI,LAILA,2010-05-18 15:00:00,13.1,83.0,58.0,980.0,
002959,1,2010137N10090,2010,24,NI,LAILA,2010-05-18 18:00:00,13.1,82.6,60.0,978.0,
002960,1,2010137N10090,2010,24,NI,LAILA,2010-05-18 21:00:00,13.1,82.1,63.0,976.0,
002961,1,2010137N10090,2010,24,NI,LAILA,2010-05-19 00:00:00,13.5,82.0,65.0,974.0,
002962,1,2010137N10090,2010,24,NI,LAILA,2010-05-19 03:00:00,13.5,81.8,65.0,974.0,
002963,1,2010137N10090,2010,24,NI,LAILA,2010-05-19 06:00:00,13.6,81.5,65.0,974.0,
002964,1,2010137N10090,2010,24,NI,LAILA,2010-05-19 09:00:00,13.9,81.5,63.0,976.0,
002965,1,2010137N10090,2010,24,NI,LAILA,2010-05-19 12:00:00,14.0,81.5,60.0,978.0,
002966,1,2010137N10090,2010,24,NI,LAILA,2010-05-19 15:00:00,14.1,81.4,58.0,980.0,
002967,1,2010137N10090,2010,24,NI,LAILA,2010-05-19 18:00:00,14.6,81.1,55.0,982.0,
002968,1,2010137N10090,2010,24,NI,LAILA,2010-05-19 21:00:00,14.7,81.0,55.0,982.0,
002969,1,2010137N10090,2010,24,NI,LAILA,2010-05-20 00:00:00,15.1,81.0,55.0,982.0,
002970,1,2010137N10090,2010,24,NI,LAILA,2010-05-20 03:00:00,15.4,80.6,55.0,982.0,
002971,1,2010137N10090,2010,24,NI,LAILA,2010-05-20 06:00:00,15.6,80.6,55.0,982.0,
002972,1,2010137N10090,2010,24,NI,LAILA,2010-05-20 09:00:00,15.7,80.5,55.0,982.0,
002973,1,2010137N10090,2010,24,NI,LAILA,2010-05-20 12:00:00,15.9,80.5,55.0,982.0,
002974,1,2010137N10090,2010,24,NI,LAILA,2010-05-20 15:00:00,15.9,80.5,55.0,982.0,
002975,1,2010137N10090,2010,24,NI,LAILA,2010-05-20 18:00:00,16.0,80.6,55.0,982.0,
002976,1,2010137N10090,2010,24,NI,LAILA,2010-05-20 21:00:00,16.1,80.7,53.0,984.0,
002977,1,2010137N10090,2010,24,NI,LAILA,2010-05-21 00:00:00,16.3,80.8,50.0,985.0,
002978,1,2010137N10090,2010,24,NI,LAILA,2010-05-21 03:00:00,16.5,81.0,45.0,989.0,
002979,1,2010137N10090,2010,24,NI,LAILA,2010-05-21 06:00:00,16.8,81.2,40.0,993.0,
002980,1,2010137N10090,2010,24,NI,LAILA,2010-05-21 09:00:00,16.8,81.3,35.0,997.0,
002981,1,2010137N10090,2010,24,NI,LAILA,2010-05-21 12:00:00,16.9,81.5,30.0,1000.0,
002982,1,2010137N10090,2010,24,NI,LAILA,2010-05-21 15:00:00,17.0,81.7,28.0,1002.0,
002983,1,2010137N10090,2010,24,NI,LAILA,2010-05-21 18:00:00,17.1,81.9,25.0,1004.0,
002984,1,2010151N14065,2010,27,NI,PHET,2010-05-30 12:00:00,14.4,65.0,15.0,1010.0,
002985,1,2010151N14065,2010,27,NI,PHET,2010-05-30 15:00:00,14.5,64.9,18.0,1008.0,
002986,1,2010151N14065,2010,27,NI,PHET,2010-05-30 18:00:00,14.5,64.7,20.0,1005.0,
002987,1,2010151N14065,2010,27,NI,PHET,2010-05-30 21:00:00,14.5,64.5,23.0,1005.0,
002988,1,2010151N14065,2010,27,NI,PHET,2010-05-31 00:00:00,14.5,64.4,25.0,1004.0,
002989,1,2010151N14065,2010,27,NI,PHET,2010-05-31 03:00:00,14.6,64.3,28.0,1003.0,
002990,1,2010151N14065,2010,27,NI,PHET,2010-05-31 06:00:00,14.8,64.2,30.0,1001.0,
002991,1,2010151N14065,2010,27,NI,PHET,2010-05-31 09:00:00,15.0,64.0,30.0,1001.0,
002992,1,2010151N14065,2010,27,NI,PHET,2010-05-31 12:00:00,15.2,63.8,30.0,1000.0,
002993,1,2010151N14065,2010,27,NI,PHET,2010-05-31 15:00:00,15.4,63.7,33.0,998.0,
002994,1,2010151N14065,2010,27,NI,PHET,2010-05-31 18:00:00,15.5,63.6,35.0,996.0,
002995,1,2010151N14065,2010,27,NI,PHET,2010-05-31 21:00:00,15.5,63.5,40.0,993.0,
002996,1,2010151N14065,2010,27,NI,PHET,2010-06-01 00:00:00,15.7,63.4,45.0,989.0,
002997,1,2010151N14065,2010,27,NI,PHET,2010-06-01 03:00:00,15.8,63.2,50.0,986.0,
002998,1,2010151N14065,2010,27,NI,PHET,2010-06-01 06:00:00,16.2,62.9,55.0,982.0,
002999,1,2010151N14065,2010,27,NI,PHET,2010-06-01 09:00:00,16.3,62.8,58.0,980.0,
003000,1,2010151N14065,2010,27,NI,PHET,2010-06-01 12:00:00,16.7,62.4,60.0,978.0,
003001,1,2010151N14065,2010,27,NI,PHET,2010-06-01 15:00:00,16.7,62.2,68.0,973.0,
003002,1,2010151N14065,2010,27,NI,PHET,2010-06-01 18:00:00,17.1,61.8,75.0,967.0,
003003,1,2010151N14065,2010,27,NI,PHET,2010-06-01 21:00:00,17.1,61.6,83.0,962.0,
003004,1,2010151N14065,2010,27,NI,PHET,2010-06-02 00:00:00,17.5,61.3,90.0,956.0,
003005,1,2010151N14065,2010,27,NI,PHET,2010-06-02 03:00:00,17.5,60.9,103.0,947.0,
003006,1,2010151N14065,2010,27,NI,PHET,2010-06-02 06:00:00,17.7,60.8,115.0,937.0,
003007,1,2010151N14065,2010,27,NI,PHET,2010-06-02 09:00:00,18.0,60.4,120.0,933.0,
003008,1,2010151N14065,2010,27,NI,PHET,2010-06-02 12:00:00,18.1,60.3,125.0,929.0,
003009,1,2010151N14065,2010,27,NI,PHET,2010-06-02 15:00:00,18.4,59.9,123.0,931.0,
003010,1,2010151N14065,2010,27,NI,PHET,2010-06-02 18:00:00,18.5,59.9,120.0,933.0,
003011,1,2010151N14065,2010,27,NI,PHET,2010-06-02 21:00:00,18.5,59.8,120.0,933.0,
003012,1,2010151N14065,2010,27,NI,PHET,2010-06-03 00:00:00,18.5,59.6,120.0,933.0,
003013,1,2010151N14065,2010,27,NI,PHET,2010-06-03 03:00:00,18.6,59.5,118.0,935.0,
003014,1,2010151N14065,2010,27,NI,PHET,2010-06-03 06:00:00,19.1,59.6,115.0,937.0,
003015,1,2010151N14065,2010,27,NI,PHET,2010-06-03 09:00:00,19.5,59.5,113.0,939.0,
003016,1,2010151N14065,2010,27,NI,PHET,2010-06-03 12:00:00,20.0,59.5,110.0,941.0,
003017,1,2010151N14065,2010,27,NI,PHET,2010-06-03 15:00:00,20.2,59.4,108.0,943.0,
003018,1,2010151N14065,2010,27,NI,PHET,2010-06-03 18:00:00,20.7,59.4,105.0,944.0,
003019,1,2010151N14065,2010,27,NI,PHET,2010-06-03 21:00:00,21.1,59.3,98.0,950.0,
003020,1,2010151N14065,2010,27,NI,PHET,2010-06-04 00:00:00,21.5,59.3,90.0,956.0,
003021,1,2010151N14065,2010,27,NI,PHET,2010-06-04 03:00:00,21.9,59.3,83.0,962.0,
003022,1,2010151N14065,2010,27,NI,PHET,2010-06-04 06:00:00,22.2,59.4,75.0,967.0,
003023,1,2010151N14065,2010,27,NI,PHET,2010-06-04 09:00:00,22.6,59.4,70.0,971.0,
003024,1,2010151N14065,2010,27,NI,PHET,2010-06-04 12:00:00,23.0,59.5,65.0,974.0,
003025,1,2010151N14065,2010,27,NI,PHET,2010-06-04 15:00:00,23.2,59.5,60.0,978.0,
003026,1,2010151N14065,2010,27,NI,PHET,2010-06-04 18:00:00,23.3,59.6,55.0,982.0,
003027,1,2010151N14065,2010,27,NI,PHET,2010-06-04 21:00:00,23.7,60.0,50.0,986.0,
003028,1,2010151N14065,2010,27,NI,PHET,2010-06-05 00:00:00,24.0,60.4,45.0,989.0,
003029,1,2010151N14065,2010,27,NI,PHET,2010-06-05 03:00:00,24.2,60.8,43.0,991.0,
003030,1,2010151N14065,2010,27,NI,PHET,2010-06-05 06:00:00,24.2,61.0,40.0,993.0,
003031,1,2010151N14065,2010,27,NI,PHET,2010-06-05 09:00:00,24.1,61.1,40.0,993.0,
003032,1,2010151N14065,2010,27,NI,PHET,2010-06-05 12:00:00,24.0,61.6,40.0,993.0,
003033,1,2010151N14065,2010,27,NI,PHET,2010-06-05 15:00:00,23.9,62.0,38.0,995.0,
003034,1,2010151N14065,2010,27,NI,PHET,2010-06-05 18:00:00,23.9,62.5,35.0,996.0,
003035,1,2010151N14065,2010,27,NI,PHET,2010-06-05 21:00:00,23.7,63.1,35.0,996.0,
003036,1,2010151N14065,2010,27,NI,PHET,2010-06-06 00:00:00,23.7,64.1,35.0,996.0,
003037,1,2010151N14065,2010,27,NI,PHET,2010-06-06 03:00:00,23.8,65.0,35.0,996.0,
003038,1,2010151N14065,2010,27,NI,PHET,2010-06-06 06:00:00,24.0,65.9,35.0,996.0,
003039,1,2010151N14065,2010,27,NI,PHET,2010-06-06 09:00:00,24.2,66.6,33.0,998.0,
003040,1,2010151N14065,2010,27,NI,PHET,2010-06-06 12:00:00,24.6,67.2,30.0,1000.0,
003041,1,2010151N14065,2010,27,NI,PHET,2010-06-06 15:00:00,25.0,67.9,30.0,1000.0,
003042,1,2010151N14065,2010,27,NI,PHET,2010-06-06 18:00:00,25.1,68.7,30.0,1000.0,
003043,1,2010151N14065,2010,27,NI,PHET,2010-06-06 21:00:00,25.7,69.6,28.0,1002.0,
003044,1,2010151N14065,2010,27,NI,PHET,2010-06-07 00:00:00,26.4,70.5,25.0,1004.0,
003045,1,2010151N14065,2010,27,NI,PHET,2010-06-07 03:00:00,26.7,71.5,28.0,1002.0,
003046,1,2010151N14065,2010,27,NI,PHET,2010-06-07 06:00:00,27.1,72.9,30.0,1000.0,
003047,1,2010293N17093,2010,74,NI,GIRI,2010-10-19 12:00:00,16.7,92.6,15.0,1010.0,
003048,1,2010293N17093,2010,74,NI,GIRI,2010-10-19 15:00:00,16.8,92.4,18.0,1009.0,
003049,1,2010293N17093,2010,74,NI,GIRI,2010-10-19 18:00:00,16.9,92.3,20.0,1007.0,
003050,1,2010293N17093,2010,74,NI,GIRI,2010-10-19 21:00:00,17.0,92.2,23.0,1006.0,
003051,1,2010293N17093,2010,74,NI,GIRI,2010-10-20 00:00:00,17.0,92.1,25.0,1004.0,
003052,1,2010293N17093,2010,74,NI,GIRI,2010-10-20 03:00:00,17.0,92.0,28.0,1002.0,
003053,1,2010293N17093,2010,74,NI,GIRI,2010-10-20 06:00:00,17.0,91.8,30.0,1000.0,
003054,1,2010293N17093,2010,74,NI,GIRI,2010-10-20 09:00:00,16.9,91.6,30.0,1000.0,
003055,1,2010293N17093,2010,74,NI,GIRI,2010-10-20 12:00:00,16.9,91.5,30.0,1000.0,
003056,1,2010293N17093,2010,74,NI,GIRI,2010-10-20 15:00:00,17.1,91.5,33.0,998.0,
003057,1,2010293N17093,2010,74,NI,GIRI,2010-10-20 18:00:00,17.3,91.6,35.0,996.0,
003058,1,2010293N17093,2010,74,NI,GIRI,2010-10-20 21:00:00,17.4,91.5,43.0,991.0,
003059,1,2010293N17093,2010,74,NI,GIRI,2010-10-21 00:00:00,17.4,91.5,50.0,985.0,
003060,1,2010293N17093,2010,74,NI,GIRI,2010-10-21 03:00:00,17.4,91.6,53.0,984.0,
003061,1,2010293N17093,2010,74,NI,GIRI,2010-10-21 06:00:00,17.5,91.7,55.0,982.0,
003062,1,2010293N17093,2010,74,NI,GIRI,2010-10-21 09:00:00,17.6,91.8,60.0,978.0,
003063,1,2010293N17093,2010,74,NI,GIRI,2010-10-21 12:00:00,17.9,92.1,65.0,974.0,
003064,1,2010293N17093,2010,74,NI,GIRI,2010-10-21 15:00:00,18.0,92.2,68.0,972.0,
003065,1,2010293N17093,2010,74,NI,GIRI,2010-10-21 18:00:00,18.1,92.2,70.0,970.0,
003066,1,2010293N17093,2010,74,NI,GIRI,2010-10-21 21:00:00,18.4,92.5,80.0,963.0,
003067,1,2010293N17093,2010,74,NI,GIRI,2010-10-22 00:00:00,18.5,92.6,90.0,956.0,
003068,1,2010293N17093,2010,74,NI,GIRI,2010-10-22 03:00:00,18.9,92.9,108.0,943.0,
003069,1,2010293N17093,2010,74,NI,GIRI,2010-10-22 06:00:00,19.0,93.0,125.0,929.0,
003070,1,2010293N17093,2010,74,NI,GIRI,2010-10-22 09:00:00,19.4,93.3,130.0,926.0,
003071,1,2010293N17093,2010,74,NI,GIRI,2010-10-22 12:00:00,19.8,93.4,135.0,922.0,
003072,1,2010293N17093,2010,74,NI,GIRI,2010-10-22 15:00:00,20.1,93.5,108.0,943.0,
003073,1,2010293N17093,2010,74,NI,GIRI,2010-10-22 18:00:00,20.5,93.9,80.0,963.0,
003074,1,2010293N17093,2010,74,NI,GIRI,2010-10-22 21:00:00,20.7,94.2,68.0,973.0,
003075,1,2010293N17093,2010,74,NI,GIRI,2010-10-23 00:00:00,21.2,94.8,55.0,982.0,
003076,1,2010293N17093,2010,74,NI,GIRI,2010-10-23 03:00:00,21.6,95.2,48.0,988.0,
003077,1,2010293N17093,2010,74,NI,GIRI,2010-10-23 06:00:00,22.1,95.5,40.0,993.0,
003078,1,2010293N17093,2010,74,NI,GIRI,2010-10-23 09:00:00,22.4,95.8,38.0,995.0,
003079,1,2010293N17093,2010,74,NI,GIRI,2010-10-23 12:00:00,22.7,96.2,35.0,996.0,
003080,1,2010293N17093,2010,74,NI,GIRI,2010-10-23 15:00:00,22.8,96.7,35.0,996.0,
003081,1,2010293N17093,2010,74,NI,GIRI,2010-10-23 18:00:00,23.0,97.4,35.0,996.0,
003082,1,2010293N17093,2010,74,NI,GIRI,2010-10-23 21:00:00,23.3,98.5,33.0,998.0,
003083,1,2010293N17093,2010,74,NI,GIRI,2010-10-24 00:00:00,23.7,99.8,30.0,1000.0,
003084,1,2010305N06105,2010,80,WP,JAL,2010-10-31 18:00:00,6.3,104.5,15.0,1005.0,
003085,1,2010305N06105,2010,80,WP,JAL,2010-10-31 21:00:00,6.1,104.0,18.0,1005.0,
003086,1,2010305N06105,2010,80,WP,JAL,2010-11-01 00:00:00,6.0,103.5,20.0,1004.0,
003087,1,2010305N06105,2010,80,WP,JAL,2010-11-01 03:00:00,6.2,103.0,20.0,1006.0,
003088,1,2010305N06105,2010,80,WP,JAL,2010-11-01 06:00:00,6.5,102.6,20.0,1007.0,
003089,1,2010305N06105,2010,80,WP,JAL,2010-11-01 09:00:00,6.8,102.2,20.0,1007.0,
003090,1,2010305N06105,2010,80,WP,JAL,2010-11-01 12:00:00,7.1,101.7,20.0,1007.0,
003091,1,2010305N06105,2010,80,WP,JAL,2010-11-01 15:00:00,7.4,101.3,20.0,1007.0,
003092,1,2010305N06105,2010,80,WP,JAL,2010-11-01 18:00:00,7.6,100.7,20.0,1007.0,
003093,1,2010305N06105,2010,80,NI,JAL,2010-11-01 21:00:00,7.6,99.8,20.0,1007.0,
003094,1,2010305N06105,2010,80,NI,JAL,2010-11-02 00:00:00,7.7,98.9,20.0,1007.0,
003095,1,2010305N06105,2010,80,NI,JAL,2010-11-02 03:00:00,8.1,98.3,20.0,1007.0,
003096,1,2010305N06105,2010,80,NI,JAL,2010-11-02 06:00:00,8.4,97.9,20.0,1007.0,
003097,1,2010305N06105,2010,80,NI,JAL,2010-11-02 09:00:00,8.4,97.4,20.0,1007.0,
003098,1,2010305N06105,2010,80,NI,JAL,2010-11-02 12:00:00,8.3,96.9,20.0,1007.0,
003099,1,2010305N06105,2010,80,NI,JAL,2010-11-02 15:00:00,8.3,96.4,23.0,1006.0,
003100,1,2010305N06105,2010,80,NI,JAL,2010-11-02 18:00:00,8.3,95.9,25.0,1004.0,
003101,1,2010305N06105,2010,80,NI,JAL,2010-11-02 21:00:00,8.3,95.4,25.0,1004.0,
003102,1,2010305N06105,2010,80,NI,JAL,2010-11-03 00:00:00,8.3,94.9,25.0,1004.0,
003103,1,2010305N06105,2010,80,NI,JAL,2010-11-03 03:00:00,8.3,94.4,25.0,1004.0,
003104,1,2010305N06105,2010,80,NI,JAL,2010-11-03 06:00:00,8.3,94.0,25.0,1004.0,
003105,1,2010305N06105,2010,80,NI,JAL,2010-11-03 09:00:00,8.3,93.6,25.0,1004.0,
003106,1,2010305N06105,2010,80,NI,JAL,2010-11-03 12:00:00,8.3,93.2,25.0,1004.0,
003107,1,2010305N06105,2010,80,NI,JAL,2010-11-03 15:00:00,8.3,92.8,28.0,1002.0,
003108,1,2010305N06105,2010,80,NI,JAL,2010-11-03 18:00:00,8.4,92.3,30.0,1000.0,
003109,1,2010305N06105,2010,80,NI,JAL,2010-11-03 21:00:00,8.4,91.9,30.0,1000.0,
003110,1,2010305N06105,2010,80,NI,JAL,2010-11-04 00:00:00,8.4,91.6,30.0,1000.0,
003111,1,2010305N06105,2010,80,NI,JAL,2010-11-04 03:00:00,8.6,91.1,30.0,1000.0,
003112,1,2010305N06105,2010,80,NI,JAL,2010-11-04 06:00:00,8.6,90.7,30.0,1000.0,
003113,1,2010305N06105,2010,80,NI,JAL,2010-11-04 09:00:00,8.6,90.3,33.0,998.0,
003114,1,2010305N06105,2010,80,NI,JAL,2010-11-04 12:00:00,8.7,90.0,35.0,996.0,
003115,1,2010305N06105,2010,80,NI,JAL,2010-11-04 15:00:00,8.7,89.7,35.0,996.0,
003116,1,2010305N06105,2010,80,NI,JAL,2010-11-04 18:00:00,8.8,89.4,35.0,996.0,
003117,1,2010305N06105,2010,80,NI,JAL,2010-11-04 21:00:00,8.9,89.0,40.0,993.0,
003118,1,2010305N06105,2010,80,NI,JAL,2010-11-05 00:00:00,9.1,88.6,45.0,989.0,
003119,1,2010305N06105,2010,80,NI,JAL,2010-11-05 03:00:00,9.1,88.1,45.0,989.0,
003120,1,2010305N06105,2010,80,NI,JAL,2010-11-05 06:00:00,9.2,87.7,45.0,989.0,
003121,1,2010305N06105,2010,80,NI,JAL,2010-11-05 09:00:00,9.3,87.5,45.0,989.0,
003122,1,2010305N06105,2010,80,NI,JAL,2010-11-05 12:00:00,9.6,87.1,45.0,989.0,
003123,1,2010305N06105,2010,80,NI,JAL,2010-11-05 15:00:00,9.7,86.9,50.0,986.0,
003124,1,2010305N06105,2010,80,NI,JAL,2010-11-05 18:00:00,10.1,86.5,55.0,982.0,
003125,1,2010305N06105,2010,80,NI,JAL,2010-11-05 21:00:00,10.1,86.1,55.0,982.0,
003126,1,2010305N06105,2010,80,NI,JAL,2010-11-06 00:00:00,10.2,85.8,55.0,982.0,
003127,1,2010305N06105,2010,80,NI,JAL,2010-11-06 03:00:00,10.3,85.6,55.0,982.0,
003128,1,2010305N06105,2010,80,NI,JAL,2010-11-06 06:00:00,10.4,85.3,55.0,982.0,
003129,1,2010305N06105,2010,80,NI,JAL,2010-11-06 09:00:00,10.5,85.1,55.0,982.0,
003130,1,2010305N06105,2010,80,NI,JAL,2010-11-06 12:00:00,11.1,84.6,55.0,982.0,
003131,1,2010305N06105,2010,80,NI,JAL,2010-11-06 15:00:00,11.2,84.4,55.0,982.0,
003132,1,2010305N06105,2010,80,NI,JAL,2010-11-06 18:00:00,11.3,84.0,55.0,982.0,
003133,1,2010305N06105,2010,80,NI,JAL,2010-11-06 21:00:00,11.4,83.7,50.0,986.0,
003134,1,2010305N06105,2010,80,NI,JAL,2010-11-07 00:00:00,11.6,83.2,45.0,989.0,
003135,1,2010305N06105,2010,80,NI,JAL,2010-11-07 03:00:00,12.2,82.7,45.0,989.0,
003136,1,2010305N06105,2010,80,NI,JAL,2010-11-07 06:00:00,12.3,82.2,45.0,989.0,
003137,1,2010305N06105,2010,80,NI,JAL,2010-11-07 09:00:00,12.3,81.5,43.0,991.0,
003138,1,2010305N06105,2010,80,NI,JAL,2010-11-07 12:00:00,13.0,81.1,40.0,993.0,
003139,1,2010305N06105,2010,80,NI,JAL,2010-11-07 15:00:00,13.0,80.6,38.0,995.0,
003140,1,2010305N06105,2010,80,NI,JAL,2010-11-07 18:00:00,13.1,80.0,35.0,996.0,
003141,1,2010305N06105,2010,80,NI,JAL,2010-11-07 21:00:00,13.5,79.5,33.0,998.0,
003142,1,2010305N06105,2010,80,NI,JAL,2010-11-08 00:00:00,14.2,78.9,30.0,1000.0,
003143,1,2010305N06105,2010,80,NI,JAL,2010-11-08 03:00:00,15.0,78.0,,,
003144,1,2011302N13062,2011,81,NI,KEILA,2011-10-29 06:00:00,13.0,62.0,,,
003145,1,2011302N13062,2011,81,NI,KEILA,2011-10-29 09:00:00,13.0,61.4,,,
003146,1,2011302N13062,2011,81,NI,KEILA,2011-10-29 12:00:00,13.0,61.0,,,
003147,1,2011302N13062,2011,81,NI,KEILA,2011-10-29 15:00:00,13.0,61.0,,,
003148,1,2011302N13062,2011,81,NI,KEILA,2011-10-29 18:00:00,13.0,61.0,,,
003149,1,2011302N13062,2011,81,NI,KEILA,2011-10-29 21:00:00,13.0,60.8,,,
003150,1,2011302N13062,2011,81,NI,KEILA,2011-10-30 00:00:00,13.0,60.5,,,
003151,1,2011302N13062,2011,81,NI,KEILA,2011-10-30 03:00:00,13.0,60.0,,,
003152,1,2011302N13062,2011,81,NI,KEILA,2011-10-30 06:00:00,13.0,60.0,,,
003153,1,2011302N13062,2011,81,NI,KEILA,2011-10-30 09:00:00,13.2,59.8,,,
003154,1,2011302N13062,2011,81,NI,KEILA,2011-10-30 12:00:00,13.5,59.5,,,
003155,1,2011302N13062,2011,81,NI,KEILA,2011-10-30 15:00:00,13.8,59.2,,,
003156,1,2011302N13062,2011,81,NI,KEILA,2011-10-30 18:00:00,14.0,59.0,,,
003157,1,2011302N13062,2011,81,NI,KEILA,2011-10-30 21:00:00,14.2,59.1,,,
003158,1,2011302N13062,2011,81,NI,KEILA,2011-10-31 00:00:00,14.5,59.0,,,
003159,1,2011302N13062,2011,81,NI,KEILA,2011-10-31 03:00:00,15.0,58.5,,,
003160,1,2011302N13062,2011,81,NI,KEILA,2011-10-31 06:00:00,16.0,57.0,,,
003161,1,2011302N13062,2011,81,NI,KEILA,2011-10-31 09:00:00,16.2,57.0,,,
003162,1,2011302N13062,2011,81,NI,KEILA,2011-10-31 12:00:00,16.0,57.5,,,
003163,1,2011302N13062,2011,81,NI,KEILA,2011-10-31 15:00:00,16.0,57.3,,,
003164,1,2011302N13062,2011,81,NI,KEILA,2011-10-31 18:00:00,16.0,57.0,,,
003165,1,2011302N13062,2011,81,NI,KEILA,2011-10-31 21:00:00,16.0,56.8,,,
003166,1,2011302N13062,2011,81,NI,KEILA,2011-11-01 00:00:00,15.9,56.6,15.0,1010.0,
003167,1,2011302N13062,2011,81,NI,KEILA,2011-11-01 03:00:00,15.9,56.2,18.0,1009.0,
003168,1,2011302N13062,2011,81,NI,KEILA,2011-11-01 06:00:00,15.9,56.1,20.0,1007.0,
003169,1,2011302N13062,2011,81,NI,KEILA,2011-11-01 09:00:00,15.9,55.9,25.0,1004.0,
003170,1,2011302N13062,2011,81,NI,KEILA,2011-11-01 12:00:00,16.0,55.7,30.0,1000.0,
003171,1,2011302N13062,2011,81,NI,KEILA,2011-11-01 15:00:00,16.0,55.5,30.0,999.0,
003172,1,2011302N13062,2011,81,NI,KEILA,2011-11-01 18:00:00,16.0,55.5,30.0,998.0,
003173,1,2011302N13062,2011,81,NI,KEILA,2011-11-01 21:00:00,16.0,55.4,33.0,997.0,
003174,1,2011302N13062,2011,81,NI,KEILA,2011-11-02 00:00:00,16.1,55.3,35.0,996.0,
003175,1,2011302N13062,2011,81,NI,KEILA,2011-11-02 03:00:00,16.2,55.0,38.0,995.0,
003176,1,2011302N13062,2011,81,NI,KEILA,2011-11-02 06:00:00,16.3,54.8,40.0,993.0,
003177,1,2011302N13062,2011,81,NI,KEILA,2011-11-02 09:00:00,16.4,54.7,40.0,993.0,
003178,1,2011302N13062,2011,81,NI,KEILA,2011-11-02 12:00:00,16.7,54.8,40.0,993.0,
003179,1,2011302N13062,2011,81,NI,KEILA,2011-11-02 15:00:00,16.9,54.6,43.0,991.0,
003180,1,2011302N13062,2011,81,NI,KEILA,2011-11-02 18:00:00,17.0,54.5,45.0,989.0,
003181,1,2011302N13062,2011,81,NI,KEILA,2011-11-02 21:00:00,17.0,54.5,48.0,987.0,
003182,1,2011302N13062,2011,81,NI,KEILA,2011-11-03 00:00:00,17.0,54.6,50.0,985.0,
003183,1,2011302N13062,2011,81,NI,KEILA,2011-11-03 03:00:00,17.0,54.6,53.0,984.0,
003184,1,2011302N13062,2011,81,NI,KEILA,2011-11-03 06:00:00,17.1,54.6,55.0,982.0,
003185,1,2011302N13062,2011,81,NI,KEILA,2011-11-03 09:00:00,17.1,54.7,53.0,984.0,
003186,1,2011302N13062,2011,81,NI,KEILA,2011-11-03 12:00:00,17.1,54.9,50.0,985.0,
003187,1,2011302N13062,2011,81,NI,KEILA,2011-11-03 15:00:00,17.1,55.1,48.0,987.0,
003188,1,2011302N13062,2011,81,NI,KEILA,2011-11-03 18:00:00,17.1,55.2,45.0,989.0,
003189,1,2011302N13062,2011,81,NI,KEILA,2011-11-03 21:00:00,17.0,55.1,43.0,991.0,
003190,1,2011302N13062,2011,81,NI,KEILA,2011-11-04 00:00:00,16.7,54.9,40.0,993.0,
003191,1,2011302N13062,2011,81,NI,KEILA,2011-11-04 03:00:00,16.4,54.7,35.0,997.0,
003192,1,2011302N13062,2011,81,NI,KEILA,2011-11-04 06:00:00,16.3,54.3,30.0,1000.0,
003193,1,2011302N13062,2011,81,NI,KEILA,2011-11-04 09:00:00,16.1,54.1,30.0,1000.0,
003194,1,2011302N13062,2011,81,NI,KEILA,2011-11-04 12:00:00,16.0,53.9,30.0,1000.0,
003195,1,2011302N13062,2011,81,NI,KEILA,2011-11-04 15:00:00,15.9,53.7,30.0,1000.0,
003196,1,2011302N13062,2011,81,NI,KEILA,2011-11-04 18:00:00,15.9,53.5,30.0,1000.0,
003197,1,2011302N13062,2011,81,NI,KEILA,2011-11-04 21:00:00,15.9,53.2,28.0,1002.0,
003198,1,2011302N13062,2011,81,NI,KEILA,2011-11-05 00:00:00,16.0,53.0,25.0,1004.0,
003199,1,2011302N13062,2011,81,NI,KEILA,2011-11-05 03:00:00,16.3,52.8,25.0,1004.0,
003200,1,2011302N13062,2011,81,NI,KEILA,2011-11-05 06:00:00,16.6,52.6,25.0,1004.0,
003201,1,2011360N09088,2011,94,NI,THANE,2011-12-25 12:00:00,8.9,88.4,30.0,1001.0,
003202,1,2011360N09088,2011,94,NI,THANE,2011-12-25 15:00:00,9.1,88.3,30.0,1001.0,
003203,1,2011360N09088,2011,94,NI,THANE,2011-12-25 18:00:00,9.3,88.3,30.0,1000.0,
003204,1,2011360N09088,2011,94,NI,THANE,2011-12-25 21:00:00,9.6,88.1,30.0,1000.0,
003205,1,2011360N09088,2011,94,NI,THANE,2011-12-26 00:00:00,9.8,88.0,30.0,1000.0,
003206,1,2011360N09088,2011,94,NI,THANE,2011-12-26 03:00:00,9.9,88.0,35.0,997.0,
003207,1,2011360N09088,2011,94,NI,THANE,2011-12-26 06:00:00,10.3,88.0,40.0,993.0,
003208,1,2011360N09088,2011,94,NI,THANE,2011-12-26 09:00:00,10.6,87.9,45.0,989.0,
003209,1,2011360N09088,2011,94,NI,THANE,2011-12-26 12:00:00,10.8,87.9,50.0,985.0,
003210,1,2011360N09088,2011,94,NI,THANE,2011-12-26 15:00:00,11.1,87.8,50.0,985.0,
003211,1,2011360N09088,2011,94,NI,THANE,2011-12-26 18:00:00,11.3,87.7,50.0,985.0,
003212,1,2011360N09088,2011,94,NI,THANE,2011-12-26 21:00:00,11.4,87.6,50.0,985.0,
003213,1,2011360N09088,2011,94,NI,THANE,2011-12-27 00:00:00,11.7,87.5,50.0,985.0,
003214,1,2011360N09088,2011,94,NI,THANE,2011-12-27 03:00:00,12.0,87.2,50.0,985.0,
003215,1,2011360N09088,2011,94,NI,THANE,2011-12-27 06:00:00,12.1,87.1,50.0,985.0,
003216,1,2011360N09088,2011,94,NI,THANE,2011-12-27 09:00:00,12.2,86.8,53.0,984.0,
003217,1,2011360N09088,2011,94,NI,THANE,2011-12-27 12:00:00,12.4,86.6,55.0,982.0,
003218,1,2011360N09088,2011,94,NI,THANE,2011-12-27 15:00:00,12.4,86.4,58.0,980.0,
003219,1,2011360N09088,2011,94,NI,THANE,2011-12-27 18:00:00,12.3,86.0,60.0,978.0,
003220,1,2011360N09088,2011,94,NI,THANE,2011-12-27 21:00:00,12.2,85.8,63.0,976.0,
003221,1,2011360N09088,2011,94,NI,THANE,2011-12-28 00:00:00,12.2,85.4,65.0,974.0,
003222,1,2011360N09088,2011,94,NI,THANE,2011-12-28 03:00:00,12.2,85.2,68.0,972.0,
003223,1,2011360N09088,2011,94,NI,THANE,2011-12-28 06:00:00,12.3,84.9,70.0,970.0,
003224,1,2011360N09088,2011,94,NI,THANE,2011-12-28 09:00:00,12.3,84.7,73.0,969.0,
003225,1,2011360N09088,2011,94,NI,THANE,2011-12-28 12:00:00,12.4,84.4,75.0,967.0,
003226,1,2011360N09088,2011,94,NI,THANE,2011-12-28 15:00:00,12.3,83.9,75.0,967.0,
003227,1,2011360N09088,2011,94,NI,THANE,2011-12-28 18:00:00,12.3,83.8,75.0,967.0,
003228,1,2011360N09088,2011,94,NI,THANE,2011-12-28 21:00:00,12.2,83.3,80.0,963.0,
003229,1,2011360N09088,2011,94,NI,THANE,2011-12-29 00:00:00,12.1,82.9,85.0,959.0,
003230,1,2011360N09088,2011,94,NI,THANE,2011-12-29 03:00:00,11.9,82.5,88.0,958.0,
003231,1,2011360N09088,2011,94,NI,THANE,2011-12-29 06:00:00,12.0,82.1,90.0,956.0,
003232,1,2011360N09088,2011,94,NI,THANE,2011-12-29 09:00:00,12.0,81.7,85.0,960.0,
003233,1,2011360N09088,2011,94,NI,THANE,2011-12-29 12:00:00,12.0,81.3,80.0,963.0,
003234,1,2011360N09088,2011,94,NI,THANE,2011-12-29 15:00:00,11.9,81.0,78.0,965.0,
003235,1,2011360N09088,2011,94,NI,THANE,2011-12-29 18:00:00,11.8,80.6,75.0,967.0,
003236,1,2011360N09088,2011,94,NI,THANE,2011-12-29 21:00:00,11.8,80.3,70.0,971.0,
003237,1,2011360N09088,2011,94,NI,THANE,2011-12-30 00:00:00,11.7,79.9,65.0,974.0,
003238,1,2011360N09088,2011,94,NI,THANE,2011-12-30 03:00:00,11.6,79.5,58.0,980.0,
003239,1,2011360N09088,2011,94,NI,THANE,2011-12-30 06:00:00,11.6,79.1,50.0,985.0,
003240,1,2011360N09088,2011,94,NI,THANE,2011-12-30 09:00:00,11.8,78.6,45.0,989.0,
003241,1,2011360N09088,2011,94,NI,THANE,2011-12-30 12:00:00,12.2,78.2,40.0,993.0,
003242,1,2012297N11067,2012,81,NI,MURJAN,2012-10-22 15:00:00,11.0,66.5,,,
003243,1,2012297N11067,2012,81,NI,MURJAN,2012-10-22 18:00:00,11.1,66.0,15.0,1008.0,
003244,1,2012297N11067,2012,81,NI,MURJAN,2012-10-22 21:00:00,11.2,65.6,18.0,1008.0,
003245,1,2012297N11067,2012,81,NI,MURJAN,2012-10-23 00:00:00,11.3,65.1,20.0,1007.0,
003246,1,2012297N11067,2012,81,NI,MURJAN,2012-10-23 03:00:00,11.4,64.4,20.0,1007.0,
003247,1,2012297N11067,2012,81,NI,MURJAN,2012-10-23 06:00:00,11.5,63.8,20.0,1007.0,
003248,1,2012297N11067,2012,81,NI,MURJAN,2012-10-23 09:00:00,11.5,63.2,23.0,1006.0,
003249,1,2012297N11067,2012,81,NI,MURJAN,2012-10-23 12:00:00,11.4,62.4,25.0,1004.0,
003250,1,2012297N11067,2012,81,NI,MURJAN,2012-10-23 15:00:00,11.2,61.4,28.0,1002.0,
003251,1,2012297N11067,2012,81,NI,MURJAN,2012-10-23 18:00:00,11.0,60.4,30.0,1000.0,
003252,1,2012297N11067,2012,81,NI,MURJAN,2012-10-23 21:00:00,10.9,59.4,30.0,1000.0,
003253,1,2012297N11067,2012,81,NI,MURJAN,2012-10-24 00:00:00,10.7,58.6,30.0,1000.0,
003254,1,2012297N11067,2012,81,NI,MURJAN,2012-10-24 03:00:00,10.6,57.8,30.0,1000.0,
003255,1,2012297N11067,2012,81,NI,MURJAN,2012-10-24 06:00:00,10.5,57.1,30.0,1000.0,
003256,1,2012297N11067,2012,81,NI,MURJAN,2012-10-24 09:00:00,10.5,56.5,33.0,998.0,
003257,1,2012297N11067,2012,81,NI,MURJAN,2012-10-24 12:00:00,10.5,55.9,35.0,996.0,
003258,1,2012297N11067,2012,81,NI,MURJAN,2012-10-24 15:00:00,10.5,55.2,35.0,996.0,
003259,1,2012297N11067,2012,81,NI,MURJAN,2012-10-24 18:00:00,10.5,54.5,35.0,996.0,
003260,1,2012297N11067,2012,81,NI,MURJAN,2012-10-24 21:00:00,10.4,53.9,35.0,996.0,
003261,1,2012297N11067,2012,81,NI,MURJAN,2012-10-25 00:00:00,10.1,53.4,35.0,996.0,
003262,1,2012297N11067,2012,81,NI,MURJAN,2012-10-25 03:00:00,9.9,52.7,35.0,996.0,
003263,1,2012297N11067,2012,81,NI,MURJAN,2012-10-25 06:00:00,9.7,52.0,35.0,996.0,
003264,1,2012297N11067,2012,81,NI,MURJAN,2012-10-25 09:00:00,9.6,51.4,35.0,996.0,
003265,1,2012297N11067,2012,81,NI,MURJAN,2012-10-25 12:00:00,9.6,50.9,35.0,996.0,
003266,1,2012297N11067,2012,81,NI,MURJAN,2012-10-25 15:00:00,9.5,50.5,33.0,998.0,
003267,1,2012297N11067,2012,81,NI,MURJAN,2012-10-25 18:00:00,9.5,49.9,30.0,1000.0,
003268,1,2012297N11067,2012,81,NI,MURJAN,2012-10-25 21:00:00,9.4,48.8,28.0,1002.0,
003269,1,2012297N11067,2012,81,NI,MURJAN,2012-10-26 00:00:00,9.2,47.7,25.0,1004.0,
003270,1,2012301N11087,2012,82,NI,NILAM,2012-10-27 06:00:00,11.1,87.1,15.0,1010.0,
003271,1,2012301N11087,2012,82,NI,NILAM,2012-10-27 09:00:00,10.9,87.0,18.0,1009.0,
003272,1,2012301N11087,2012,82,NI,NILAM,2012-10-27 12:00:00,10.7,86.8,20.0,1007.0,
003273,1,2012301N11087,2012,82,NI,NILAM,2012-10-27 15:00:00,10.4,86.6,20.0,1007.0,
003274,1,2012301N11087,2012,82,NI,NILAM,2012-10-27 18:00:00,10.2,86.4,20.0,1007.0,
003275,1,2012301N11087,2012,82,NI,NILAM,2012-10-27 21:00:00,10.1,86.2,23.0,1006.0,
003276,1,2012301N11087,2012,82,NI,NILAM,2012-10-28 00:00:00,10.0,85.9,25.0,1004.0,
003277,1,2012301N11087,2012,82,NI,NILAM,2012-10-28 03:00:00,9.9,85.7,25.0,1004.0,
003278,1,2012301N11087,2012,82,NI,NILAM,2012-10-28 06:00:00,9.7,85.5,25.0,1004.0,
003279,1,2012301N11087,2012,82,NI,NILAM,2012-10-28 09:00:00,9.6,85.3,25.0,1004.0,
003280,1,2012301N11087,2012,82,NI,NILAM,2012-10-28 12:00:00,9.6,84.9,25.0,1004.0,
003281,1,2012301N11087,2012,82,NI,NILAM,2012-10-28 15:00:00,9.5,84.6,28.0,1002.0,
003282,1,2012301N11087,2012,82,NI,NILAM,2012-10-28 18:00:00,9.5,84.4,30.0,1000.0,
003283,1,2012301N11087,2012,82,NI,NILAM,2012-10-28 21:00:00,9.6,84.0,30.0,1000.0,
003284,1,2012301N11087,2012,82,NI,NILAM,2012-10-29 00:00:00,9.6,83.7,30.0,1000.0,
003285,1,2012301N11087,2012,82,NI,NILAM,2012-10-29 03:00:00,9.5,83.3,30.0,1000.0,
003286,1,2012301N11087,2012,82,NI,NILAM,2012-10-29 06:00:00,9.1,82.9,30.0,1000.0,
003287,1,2012301N11087,2012,82,NI,NILAM,2012-10-29 09:00:00,8.9,82.6,33.0,998.0,
003288,1,2012301N11087,2012,82,NI,NILAM,2012-10-29 12:00:00,8.8,82.5,35.0,996.0,
003289,1,2012301N11087,2012,82,NI,NILAM,2012-10-29 15:00:00,8.7,82.4,38.0,995.0,
003290,1,2012301N11087,2012,82,NI,NILAM,2012-10-29 18:00:00,8.7,82.5,40.0,993.0,
003291,1,2012301N11087,2012,82,NI,NILAM,2012-10-29 21:00:00,8.7,82.6,40.0,993.0,
003292,1,2012301N11087,2012,82,NI,NILAM,2012-10-30 00:00:00,8.8,82.8,40.0,993.0,
003293,1,2012301N11087,2012,82,NI,NILAM,2012-10-30 03:00:00,8.9,82.7,43.0,991.0,
003294,1,2012301N11087,2012,82,NI,NILAM,2012-10-30 06:00:00,9.1,82.7,45.0,989.0,
003295,1,2012301N11087,2012,82,NI,NILAM,2012-10-30 09:00:00,9.5,82.6,45.0,989.0,
003296,1,2012301N11087,2012,82,NI,NILAM,2012-10-30 12:00:00,9.7,82.6,45.0,989.0,
003297,1,2012301N11087,2012,82,NI,NILAM,2012-10-30 15:00:00,9.9,82.6,48.0,987.0,
003298,1,2012301N11087,2012,82,NI,NILAM,2012-10-30 18:00:00,10.4,82.5,50.0,985.0,
003299,1,2012301N11087,2012,82,NI,NILAM,2012-10-30 21:00:00,10.5,82.3,50.0,985.0,
003300,1,2012301N11087,2012,82,NI,NILAM,2012-10-31 00:00:00,10.9,81.8,50.0,985.0,
003301,1,2012301N11087,2012,82,NI,NILAM,2012-10-31 03:00:00,11.3,81.3,50.0,985.0,
003302,1,2012301N11087,2012,82,NI,NILAM,2012-10-31 06:00:00,11.7,81.0,50.0,985.0,
003303,1,2012301N11087,2012,82,NI,NILAM,2012-10-31 09:00:00,12.3,80.5,50.0,985.0,
003304,1,2012301N11087,2012,82,NI,NILAM,2012-10-31 12:00:00,12.7,79.8,50.0,985.0,
003305,1,2012301N11087,2012,82,NI,NILAM,2012-10-31 15:00:00,13.0,79.2,48.0,987.0,
003306,1,2012301N11087,2012,82,NI,NILAM,2012-10-31 18:00:00,13.2,78.3,45.0,989.0,
003307,1,2012301N11087,2012,82,NI,NILAM,2012-10-31 21:00:00,13.3,77.7,40.0,993.0,
003308,1,2012301N11087,2012,82,NI,NILAM,2012-11-01 00:00:00,13.3,77.3,35.0,996.0,
003309,1,2012301N11087,2012,82,NI,NILAM,2012-11-01 03:00:00,13.5,77.0,,,
003310,1,2012301N11087,2012,82,NI,NILAM,2012-11-01 06:00:00,13.5,77.0,,,
003311,1,2012301N11087,2012,82,NI,NILAM,2012-11-01 09:00:00,13.7,77.0,,,
003312,1,2012301N11087,2012,82,NI,NILAM,2012-11-01 12:00:00,14.0,77.0,,,
003313,1,2012301N11087,2012,82,NI,NILAM,2012-11-01 15:00:00,14.3,77.0,,,
003314,1,2012301N11087,2012,82,NI,NILAM,2012-11-01 18:00:00,14.5,77.0,,,
003315,1,2013130N04093,2013,20,NI,MAHASEN:VIYARU,2013-05-09 18:00:00,4.4,93.0,20.0,1007.0,
003316,1,2013130N04093,2013,20,NI,MAHASEN:VIYARU,2013-05-09 21:00:00,4.4,93.3,23.0,1006.0,
003317,1,2013130N04093,2013,20,NI,MAHASEN:VIYARU,2013-05-10 00:00:00,4.5,93.5,25.0,1004.0,
003318,1,2013130N04093,2013,20,NI,MAHASEN:VIYARU,2013-05-10 03:00:00,4.7,93.3,30.0,1000.0,
003319,1,2013130N04093,2013,20,NI,MAHASEN:VIYARU,2013-05-10 06:00:00,4.9,93.0,35.0,996.0,
003320,1,2013130N04093,2013,20,NI,MAHASEN:VIYARU,2013-05-10 09:00:00,5.1,92.6,35.0,996.0,
003321,1,2013130N04093,2013,20,NI,MAHASEN:VIYARU,2013-05-10 12:00:00,5.4,92.3,35.0,996.0,
003322,1,2013130N04093,2013,20,NI,MAHASEN:VIYARU,2013-05-10 15:00:00,5.8,92.0,35.0,996.0,
003323,1,2013130N04093,2013,20,NI,MAHASEN:VIYARU,2013-05-10 18:00:00,6.1,91.7,35.0,996.0,
003324,1,2013130N04093,2013,20,NI,MAHASEN:VIYARU,2013-05-10 21:00:00,6.4,91.3,38.0,995.0,
003325,1,2013130N04093,2013,20,NI,MAHASEN:VIYARU,2013-05-11 00:00:00,6.8,91.0,40.0,993.0,
003326,1,2013130N04093,2013,20,NI,MAHASEN:VIYARU,2013-05-11 03:00:00,7.3,90.4,43.0,991.0,
003327,1,2013130N04093,2013,20,NI,MAHASEN:VIYARU,2013-05-11 06:00:00,7.8,90.2,45.0,989.0,
003328,1,2013130N04093,2013,20,NI,MAHASEN:VIYARU,2013-05-11 09:00:00,7.9,89.7,45.0,989.0,
003329,1,2013130N04093,2013,20,NI,MAHASEN:VIYARU,2013-05-11 12:00:00,8.3,89.2,45.0,989.0,
003330,1,2013130N04093,2013,20,NI,MAHASEN:VIYARU,2013-05-11 15:00:00,8.7,88.8,45.0,989.0,
003331,1,2013130N04093,2013,20,NI,MAHASEN:VIYARU,2013-05-11 18:00:00,9.1,88.7,45.0,989.0,
003332,1,2013130N04093,2013,20,NI,MAHASEN:VIYARU,2013-05-11 21:00:00,9.4,88.3,45.0,989.0,
003333,1,2013130N04093,2013,20,NI,MAHASEN:VIYARU,2013-05-12 00:00:00,9.8,87.9,45.0,989.0,
003334,1,2013130N04093,2013,20,NI,MAHASEN:VIYARU,2013-05-12 03:00:00,9.8,87.5,45.0,989.0,
003335,1,2013130N04093,2013,20,NI,MAHASEN:VIYARU,2013-05-12 06:00:00,10.0,87.5,45.0,989.0,
003336,1,2013130N04093,2013,20,NI,MAHASEN:VIYARU,2013-05-12 09:00:00,10.3,87.1,45.0,989.0,
003337,1,2013130N04093,2013,20,NI,MAHASEN:VIYARU,2013-05-12 12:00:00,10.4,87.0,45.0,989.0,
003338,1,2013130N04093,2013,20,NI,MAHASEN:VIYARU,2013-05-12 15:00:00,10.5,86.7,45.0,989.0,
003339,1,2013130N04093,2013,20,NI,MAHASEN:VIYARU,2013-05-12 18:00:00,10.9,86.6,45.0,989.0,
003340,1,2013130N04093,2013,20,NI,MAHASEN:VIYARU,2013-05-12 21:00:00,11.0,86.5,45.0,989.0,
003341,1,2013130N04093,2013,20,NI,MAHASEN:VIYARU,2013-05-13 00:00:00,11.5,86.5,45.0,989.0,
003342,1,2013130N04093,2013,20,NI,MAHASEN:VIYARU,2013-05-13 03:00:00,11.8,86.4,45.0,989.0,
003343,1,2013130N04093,2013,20,NI,MAHASEN:VIYARU,2013-05-13 06:00:00,12.0,86.4,45.0,989.0,
003344,1,2013130N04093,2013,20,NI,MAHASEN:VIYARU,2013-05-13 09:00:00,12.0,85.9,45.0,989.0,
003345,1,2013130N04093,2013,20,NI,MAHASEN:VIYARU,2013-05-13 12:00:00,12.2,85.8,45.0,989.0,
003346,1,2013130N04093,2013,20,NI,MAHASEN:VIYARU,2013-05-13 15:00:00,12.6,85.7,45.0,989.0,
003347,1,2013130N04093,2013,20,NI,MAHASEN:VIYARU,2013-05-13 18:00:00,12.8,85.5,45.0,989.0,
003348,1,2013130N04093,2013,20,NI,MAHASEN:VIYARU,2013-05-13 21:00:00,13.2,85.4,45.0,989.0,
003349,1,2013130N04093,2013,20,NI,MAHASEN:VIYARU,2013-05-14 00:00:00,13.6,85.5,45.0,989.0,
003350,1,2013130N04093,2013,20,NI,MAHASEN:VIYARU,2013-05-14 03:00:00,13.7,85.5,45.0,989.0,
003351,1,2013130N04093,2013,20,NI,MAHASEN:VIYARU,2013-05-14 06:00:00,14.1,85.7,45.0,989.0,
003352,1,2013130N04093,2013,20,NI,MAHASEN:VIYARU,2013-05-14 09:00:00,14.2,85.7,45.0,989.0,
003353,1,2013130N04093,2013,20,NI,MAHASEN:VIYARU,2013-05-14 12:00:00,14.6,86.1,45.0,989.0,
003354,1,2013130N04093,2013,20,NI,MAHASEN:VIYARU,2013-05-14 15:00:00,14.8,86.2,45.0,989.0,
003355,1,2013130N04093,2013,20,NI,MAHASEN:VIYARU,2013-05-14 18:00:00,15.3,86.6,45.0,989.0,
003356,1,2013130N04093,2013,20,NI,MAHASEN:VIYARU,2013-05-14 21:00:00,15.8,86.7,45.0,989.0,
003357,1,2013130N04093,2013,20,NI,MAHASEN:VIYARU,2013-05-15 00:00:00,16.3,87.1,45.0,989.0,
003358,1,2013130N04093,2013,20,NI,MAHASEN:VIYARU,2013-05-15 03:00:00,16.7,87.2,45.0,989.0,
003359,1,2013130N04093,2013,20,NI,MAHASEN:VIYARU,2013-05-15 06:00:00,17.3,87.6,45.0,989.0,
003360,1,2013130N04093,2013,20,NI,MAHASEN:VIYARU,2013-05-15 09:00:00,17.7,87.7,45.0,989.0,
003361,1,2013130N04093,2013,20,NI,MAHASEN:VIYARU,2013-05-15 12:00:00,18.3,88.2,45.0,989.0,
003362,1,2013130N04093,2013,20,NI,MAHASEN:VIYARU,2013-05-15 15:00:00,18.8,88.6,45.0,989.0,
003363,1,2013130N04093,2013,20,NI,MAHASEN:VIYARU,2013-05-15 18:00:00,19.3,88.8,45.0,989.0,
003364,1,2013130N04093,2013,20,NI,MAHASEN:VIYARU,2013-05-15 21:00:00,19.8,89.2,45.0,989.0,
003365,1,2013130N04093,2013,20,NI,MAHASEN:VIYARU,2013-05-16 00:00:00,20.4,89.7,45.0,989.0,
003366,1,2013130N04093,2013,20,NI,MAHASEN:VIYARU,2013-05-16 03:00:00,21.2,90.2,43.0,991.0,
003367,1,2013130N04093,2013,20,NI,MAHASEN:VIYARU,2013-05-16 06:00:00,22.5,91.0,40.0,993.0,
003368,1,2013130N04093,2013,20,NI,MAHASEN:VIYARU,2013-05-16 09:00:00,23.4,91.9,38.0,995.0,
003369,1,2013130N04093,2013,20,NI,MAHASEN:VIYARU,2013-05-16 12:00:00,24.1,92.5,35.0,996.0,
003370,1,2013130N04093,2013,20,NI,MAHASEN:VIYARU,2013-05-16 15:00:00,24.5,93.0,,,
003371,1,2013130N04093,2013,20,NI,MAHASEN:VIYARU,2013-05-16 18:00:00,25.0,93.5,,,
003372,1,2013281N12098,2013,75,NI,PHAILIN,2013-10-07 12:00:00,11.8,97.6,20.0,1007.0,
003373,1,2013281N12098,2013,75,NI,PHAILIN,2013-10-07 15:00:00,12.0,97.0,23.0,1006.0,
003374,1,2013281N12098,2013,75,NI,PHAILIN,2013-10-07 18:00:00,12.1,96.4,25.0,1004.0,
003375,1,2013281N12098,2013,75,NI,PHAILIN,2013-10-07 21:00:00,12.2,95.9,25.0,1004.0,
003376,1,2013281N12098,2013,75,NI,PHAILIN,2013-10-08 00:00:00,12.3,95.6,25.0,1004.0,
003377,1,2013281N12098,2013,75,NI,PHAILIN,2013-10-08 03:00:00,12.4,95.5,25.0,1004.0,
003378,1,2013281N12098,2013,75,NI,PHAILIN,2013-10-08 06:00:00,12.4,95.2,25.0,1004.0,
003379,1,2013281N12098,2013,75,NI,PHAILIN,2013-10-08 09:00:00,12.4,94.9,28.0,1002.0,
003380,1,2013281N12098,2013,75,NI,PHAILIN,2013-10-08 12:00:00,12.4,94.5,30.0,1000.0,
003381,1,2013281N12098,2013,75,NI,PHAILIN,2013-10-08 15:00:00,12.5,94.2,30.0,1000.0,
003382,1,2013281N12098,2013,75,NI,PHAILIN,2013-10-08 18:00:00,12.7,94.0,30.0,1000.0,
003383,1,2013281N12098,2013,75,NI,PHAILIN,2013-10-08 21:00:00,12.9,93.7,33.0,998.0,
003384,1,2013281N12098,2013,75,NI,PHAILIN,2013-10-09 00:00:00,13.1,93.5,35.0,996.0,
003385,1,2013281N12098,2013,75,NI,PHAILIN,2013-10-09 03:00:00,13.2,93.3,38.0,995.0,
003386,1,2013281N12098,2013,75,NI,PHAILIN,2013-10-09 06:00:00,13.2,92.9,40.0,993.0,
003387,1,2013281N12098,2013,75,NI,PHAILIN,2013-10-09 09:00:00,13.5,92.5,43.0,991.0,
003388,1,2013281N12098,2013,75,NI,PHAILIN,2013-10-09 12:00:00,13.6,92.4,45.0,989.0,
003389,1,2013281N12098,2013,75,NI,PHAILIN,2013-10-09 15:00:00,13.7,92.3,50.0,986.0,
003390,1,2013281N12098,2013,75,NI,PHAILIN,2013-10-09 18:00:00,14.0,91.9,55.0,982.0,
003391,1,2013281N12098,2013,75,NI,PHAILIN,2013-10-09 21:00:00,14.1,91.8,60.0,978.0,
003392,1,2013281N12098,2013,75,NI,PHAILIN,2013-10-10 00:00:00,14.5,91.4,65.0,974.0,
003393,1,2013281N12098,2013,75,NI,PHAILIN,2013-10-10 03:00:00,14.6,91.0,78.0,965.0,
003394,1,2013281N12098,2013,75,NI,PHAILIN,2013-10-10 06:00:00,15.0,90.7,90.0,956.0,
003395,1,2013281N12098,2013,75,NI,PHAILIN,2013-10-10 09:00:00,15.1,90.5,100.0,949.0,
003396,1,2013281N12098,2013,75,NI,PHAILIN,2013-10-10 12:00:00,15.4,90.1,110.0,941.0,
003397,1,2013281N12098,2013,75,NI,PHAILIN,2013-10-10 15:00:00,15.5,89.9,120.0,934.0,
003398,1,2013281N12098,2013,75,NI,PHAILIN,2013-10-10 18:00:00,15.6,89.5,130.0,926.0,
003399,1,2013281N12098,2013,75,NI,PHAILIN,2013-10-10 21:00:00,15.6,89.0,133.0,924.0,
003400,1,2013281N12098,2013,75,NI,PHAILIN,2013-10-11 00:00:00,15.9,88.6,135.0,922.0,
003401,1,2013281N12098,2013,75,NI,PHAILIN,2013-10-11 03:00:00,15.9,88.5,135.0,922.0,
003402,1,2013281N12098,2013,75,NI,PHAILIN,2013-10-11 06:00:00,16.2,88.3,135.0,922.0,
003403,1,2013281N12098,2013,75,NI,PHAILIN,2013-10-11 09:00:00,16.5,88.0,138.0,920.0,
003404,1,2013281N12098,2013,75,NI,PHAILIN,2013-10-11 12:00:00,16.8,87.7,140.0,918.0,
003405,1,2013281N12098,2013,75,NI,PHAILIN,2013-10-11 15:00:00,16.8,87.3,140.0,918.0,
003406,1,2013281N12098,2013,75,NI,PHAILIN,2013-10-11 18:00:00,16.9,87.0,140.0,918.0,
003407,1,2013281N12098,2013,75,NI,PHAILIN,2013-10-11 21:00:00,17.1,86.7,140.0,918.0,
003408,1,2013281N12098,2013,75,NI,PHAILIN,2013-10-12 00:00:00,17.5,86.5,140.0,918.0,
003409,1,2013281N12098,2013,75,NI,PHAILIN,2013-10-12 03:00:00,17.7,86.0,138.0,920.0,
003410,1,2013281N12098,2013,75,NI,PHAILIN,2013-10-12 06:00:00,18.1,85.8,135.0,922.0,
003411,1,2013281N12098,2013,75,NI,PHAILIN,2013-10-12 09:00:00,18.5,85.4,130.0,926.0,
003412,1,2013281N12098,2013,75,NI,PHAILIN,2013-10-12 12:00:00,18.7,85.2,125.0,929.0,
003413,1,2013281N12098,2013,75,NI,PHAILIN,2013-10-12 15:00:00,19.1,85.1,113.0,939.0,
003414,1,2013281N12098,2013,75,NI,PHAILIN,2013-10-12 18:00:00,19.5,84.9,100.0,948.0,
003415,1,2013281N12098,2013,75,NI,PHAILIN,2013-10-12 21:00:00,19.9,84.6,88.0,958.0,
003416,1,2013281N12098,2013,75,NI,PHAILIN,2013-10-13 00:00:00,20.4,84.5,75.0,967.0,
003417,1,2013281N12098,2013,75,NI,PHAILIN,2013-10-13 03:00:00,20.9,84.1,63.0,976.0,
003418,1,2013281N12098,2013,75,NI,PHAILIN,2013-10-13 06:00:00,21.5,84.0,50.0,985.0,
003419,1,2013281N12098,2013,75,NI,PHAILIN,2013-10-13 09:00:00,22.0,83.9,45.0,989.0,
003420,1,2013281N12098,2013,75,NI,PHAILIN,2013-10-13 12:00:00,22.6,83.9,40.0,993.0,
003421,1,2013281N12098,2013,75,NI,PHAILIN,2013-10-13 15:00:00,22.8,83.6,,,
003422,1,2013281N12098,2013,75,NI,PHAILIN,2013-10-13 18:00:00,23.0,83.5,,,
003423,1,2013281N12098,2013,75,NI,PHAILIN,2013-10-13 21:00:00,23.2,83.7,,,
003424,1,2013281N12098,2013,75,NI,PHAILIN,2013-10-14 00:00:00,23.5,84.0,,,
003425,1,2013281N12098,2013,75,NI,PHAILIN,2013-10-14 03:00:00,23.9,84.2,,,
003426,1,2013281N12098,2013,75,NI,PHAILIN,2013-10-14 06:00:00,24.5,84.2,,,
003427,1,2013322N13090,2013,93,NI,HELEN,2013-11-18 00:00:00,13.3,90.0,20.0,1007.0,
003428,1,2013322N13090,2013,93,NI,HELEN,2013-11-18 03:00:00,13.6,89.5,23.0,1006.0,
003429,1,2013322N13090,2013,93,NI,HELEN,2013-11-18 06:00:00,14.0,88.9,25.0,1004.0,
003430,1,2013322N13090,2013,93,NI,HELEN,2013-11-18 09:00:00,14.4,88.3,25.0,1004.0,
003431,1,2013322N13090,2013,93,NI,HELEN,2013-11-18 12:00:00,14.7,87.8,25.0,1004.0,
003432,1,2013322N13090,2013,93,NI,HELEN,2013-11-18 15:00:00,14.8,87.3,25.0,1004.0,
003433,1,2013322N13090,2013,93,NI,HELEN,2013-11-18 18:00:00,14.8,86.9,25.0,1004.0,
003434,1,2013322N13090,2013,93,NI,HELEN,2013-11-18 21:00:00,14.8,86.5,30.0,1000.0,
003435,1,2013322N13090,2013,93,NI,HELEN,2013-11-19 00:00:00,14.7,86.2,35.0,996.0,
003436,1,2013322N13090,2013,93,NI,HELEN,2013-11-19 03:00:00,14.8,85.9,35.0,996.0,
003437,1,2013322N13090,2013,93,NI,HELEN,2013-11-19 06:00:00,14.8,85.6,35.0,996.0,
003438,1,2013322N13090,2013,93,NI,HELEN,2013-11-19 09:00:00,14.9,85.3,38.0,995.0,
003439,1,2013322N13090,2013,93,NI,HELEN,2013-11-19 12:00:00,15.0,85.1,40.0,993.0,
003440,1,2013322N13090,2013,93,NI,HELEN,2013-11-19 15:00:00,15.0,84.9,40.0,993.0,
003441,1,2013322N13090,2013,93,NI,HELEN,2013-11-19 18:00:00,15.0,84.5,40.0,993.0,
003442,1,2013322N13090,2013,93,NI,HELEN,2013-11-19 21:00:00,15.0,84.2,45.0,989.0,
003443,1,2013322N13090,2013,93,NI,HELEN,2013-11-20 00:00:00,15.1,84.1,50.0,985.0,
003444,1,2013322N13090,2013,93,NI,HELEN,2013-11-20 03:00:00,15.1,84.1,50.0,985.0,
003445,1,2013322N13090,2013,93,NI,HELEN,2013-11-20 06:00:00,15.3,84.1,50.0,985.0,
003446,1,2013322N13090,2013,93,NI,HELEN,2013-11-20 09:00:00,15.3,84.0,53.0,984.0,
003447,1,2013322N13090,2013,93,NI,HELEN,2013-11-20 12:00:00,15.4,84.0,55.0,982.0,
003448,1,2013322N13090,2013,93,NI,HELEN,2013-11-20 15:00:00,15.4,83.9,58.0,980.0,
003449,1,2013322N13090,2013,93,NI,HELEN,2013-11-20 18:00:00,15.5,83.8,60.0,978.0,
003450,1,2013322N13090,2013,93,NI,HELEN,2013-11-20 21:00:00,15.6,83.7,63.0,976.0,
003451,1,2013322N13090,2013,93,NI,HELEN,2013-11-21 00:00:00,15.7,83.6,65.0,974.0,
003452,1,2013322N13090,2013,93,NI,HELEN,2013-11-21 03:00:00,15.8,83.4,68.0,972.0,
003453,1,2013322N13090,2013,93,NI,HELEN,2013-11-21 06:00:00,15.9,83.3,70.0,970.0,
003454,1,2013322N13090,2013,93,NI,HELEN,2013-11-21 09:00:00,16.0,83.1,68.0,972.0,
003455,1,2013322N13090,2013,93,NI,HELEN,2013-11-21 12:00:00,16.1,83.0,65.0,974.0,
003456,1,2013322N13090,2013,93,NI,HELEN,2013-11-21 15:00:00,16.1,82.7,65.0,974.0,
003457,1,2013322N13090,2013,93,NI,HELEN,2013-11-21 18:00:00,16.2,82.6,65.0,974.0,
003458,1,2013322N13090,2013,93,NI,HELEN,2013-11-21 21:00:00,16.1,82.3,63.0,976.0,
003459,1,2013322N13090,2013,93,NI,HELEN,2013-11-22 00:00:00,16.2,82.0,60.0,978.0,
003460,1,2013322N13090,2013,93,NI,HELEN,2013-11-22 03:00:00,16.2,81.7,58.0,980.0,
003461,1,2013322N13090,2013,93,NI,HELEN,2013-11-22 06:00:00,16.2,81.4,55.0,982.0,
003462,1,2013322N13090,2013,93,NI,HELEN,2013-11-22 09:00:00,16.0,81.2,43.0,991.0,
003463,1,2013322N13090,2013,93,NI,HELEN,2013-11-22 12:00:00,15.8,80.8,30.0,1000.0,
003464,1,2013322N13090,2013,93,NI,HELEN,2013-11-22 15:00:00,15.9,80.5,28.0,1002.0,
003465,1,2013322N13090,2013,93,NI,HELEN,2013-11-22 18:00:00,16.1,80.2,25.0,1004.0,
003466,1,2013322N13090,2013,93,NI,HELEN,2013-11-22 21:00:00,16.3,79.7,23.0,1006.0,
003467,1,2013322N13090,2013,93,NI,HELEN,2013-11-23 00:00:00,16.5,79.4,20.0,1007.0,
003468,1,2013322N13090,2013,93,NI,HELEN,2013-11-23 03:00:00,16.8,79.1,20.0,1007.0,
003469,1,2013322N13090,2013,93,NI,HELEN,2013-11-23 06:00:00,17.2,78.8,20.0,1007.0,
003470,1,2013324N07103,2013,94,WP,LEHAR,2013-11-19 18:00:00,7.3,103.3,15.0,1010.0,
003471,1,2013324N07103,2013,94,WP,LEHAR,2013-11-19 21:00:00,7.0,103.2,15.0,1010.0,
003472,1,2013324N07103,2013,94,WP,LEHAR,2013-11-20 00:00:00,6.8,103.1,15.0,1010.0,
003473,1,2013324N07103,2013,94,WP,LEHAR,2013-11-20 03:00:00,6.8,102.9,18.0,1009.0,
003474,1,2013324N07103,2013,94,WP,LEHAR,2013-11-20 06:00:00,6.9,102.6,20.0,1007.0,
003475,1,2013324N07103,2013,94,WP,LEHAR,2013-11-20 09:00:00,6.7,102.4,20.0,1007.0,
003476,1,2013324N07103,2013,94,WP,LEHAR,2013-11-20 12:00:00,6.5,102.3,20.0,1007.0,
003477,1,2013324N07103,2013,94,WP,LEHAR,2013-11-20 15:00:00,6.4,102.2,18.0,1009.0,
003478,1,2013324N07103,2013,94,WP,LEHAR,2013-11-20 18:00:00,6.3,102.0,15.0,1010.0,
003479,1,2013324N07103,2013,94,WP,LEHAR,2013-11-20 21:00:00,6.3,101.9,15.0,1010.0,
003480,1,2013324N07103,2013,94,WP,LEHAR,2013-11-21 00:00:00,6.3,101.7,15.0,1010.0,
003481,1,2013324N07103,2013,94,WP,LEHAR,2013-11-21 03:00:00,6.3,101.5,15.0,1010.0,
003482,1,2013324N07103,2013,94,WP,LEHAR,2013-11-21 06:00:00,6.4,101.2,15.0,1010.0,
003483,1,2013324N07103,2013,94,WP,LEHAR,2013-11-21 09:00:00,6.6,100.9,15.0,1010.0,
003484,1,2013324N07103,2013,94,WP,LEHAR,2013-11-21 12:00:00,6.7,100.6,15.0,1010.0,
003485,1,2013324N07103,2013,94,WP,LEHAR,2013-11-21 15:00:00,6.7,100.2,15.0,1010.0,
003486,1,2013324N07103,2013,94,NI,LEHAR,2013-11-21 18:00:00,6.7,99.9,15.0,1010.0,
003487,1,2013324N07103,2013,94,NI,LEHAR,2013-11-21 21:00:00,6.7,99.6,18.0,1007.0,
003488,1,2013324N07103,2013,94,NI,LEHAR,2013-11-22 00:00:00,6.6,99.4,20.0,1004.0,
003489,1,2013324N07103,2013,94,NI,LEHAR,2013-11-22 03:00:00,6.4,99.2,20.0,1006.0,
003490,1,2013324N07103,2013,94,NI,LEHAR,2013-11-22 06:00:00,6.3,99.0,20.0,1007.0,
003491,1,2013324N07103,2013,94,NI,LEHAR,2013-11-22 09:00:00,6.2,98.7,20.0,1007.0,
003492,1,2013324N07103,2013,94,NI,LEHAR,2013-11-22 12:00:00,6.3,98.5,20.0,1007.0,
003493,1,2013324N07103,2013,94,NI,LEHAR,2013-11-22 15:00:00,6.5,98.4,23.0,1006.0,
003494,1,2013324N07103,2013,94,NI,LEHAR,2013-11-22 18:00:00,6.8,98.3,25.0,1004.0,
003495,1,2013324N07103,2013,94,NI,LEHAR,2013-11-22 21:00:00,7.0,98.1,25.0,1004.0,
003496,1,2013324N07103,2013,94,NI,LEHAR,2013-11-23 00:00:00,7.3,97.8,25.0,1004.0,
003497,1,2013324N07103,2013,94,NI,LEHAR,2013-11-23 03:00:00,7.6,97.5,25.0,1004.0,
003498,1,2013324N07103,2013,94,NI,LEHAR,2013-11-23 06:00:00,8.0,97.2,25.0,1004.0,
003499,1,2013324N07103,2013,94,NI,LEHAR,2013-11-23 09:00:00,8.3,96.9,30.0,1000.0,
003500,1,2013324N07103,2013,94,NI,LEHAR,2013-11-23 12:00:00,8.7,96.6,35.0,996.0,
003501,1,2013324N07103,2013,94,NI,LEHAR,2013-11-23 15:00:00,8.9,96.3,35.0,996.0,
003502,1,2013324N07103,2013,94,NI,LEHAR,2013-11-23 18:00:00,9.2,96.1,35.0,996.0,
003503,1,2013324N07103,2013,94,NI,LEHAR,2013-11-23 21:00:00,9.6,95.6,38.0,995.0,
003504,1,2013324N07103,2013,94,NI,LEHAR,2013-11-24 00:00:00,10.0,95.2,40.0,993.0,
003505,1,2013324N07103,2013,94,NI,LEHAR,2013-11-24 03:00:00,10.2,95.0,43.0,991.0,
003506,1,2013324N07103,2013,94,NI,LEHAR,2013-11-24 06:00:00,10.6,94.6,45.0,989.0,
003507,1,2013324N07103,2013,94,NI,LEHAR,2013-11-24 09:00:00,10.8,94.1,48.0,987.0,
003508,1,2013324N07103,2013,94,NI,LEHAR,2013-11-24 12:00:00,11.0,93.7,50.0,985.0,
003509,1,2013324N07103,2013,94,NI,LEHAR,2013-11-24 15:00:00,11.1,93.5,53.0,984.0,
003510,1,2013324N07103,2013,94,NI,LEHAR,2013-11-24 18:00:00,11.5,93.2,55.0,982.0,
003511,1,2013324N07103,2013,94,NI,LEHAR,2013-11-24 21:00:00,11.5,92.7,58.0,980.0,
003512,1,2013324N07103,2013,94,NI,LEHAR,2013-11-25 00:00:00,11.8,92.6,60.0,978.0,
003513,1,2013324N07103,2013,94,NI,LEHAR,2013-11-25 03:00:00,11.9,92.2,63.0,976.0,
003514,1,2013324N07103,2013,94,NI,LEHAR,2013-11-25 06:00:00,12.0,91.9,65.0,974.0,
003515,1,2013324N07103,2013,94,NI,LEHAR,2013-11-25 09:00:00,12.0,91.7,68.0,972.0,
003516,1,2013324N07103,2013,94,NI,LEHAR,2013-11-25 12:00:00,12.3,91.6,70.0,970.0,
003517,1,2013324N07103,2013,94,NI,LEHAR,2013-11-25 15:00:00,12.3,91.2,73.0,969.0,
003518,1,2013324N07103,2013,94,NI,LEHAR,2013-11-25 18:00:00,12.4,91.1,75.0,967.0,
003519,1,2013324N07103,2013,94,NI,LEHAR,2013-11-25 21:00:00,12.4,90.9,75.0,967.0,
003520,1,2013324N07103,2013,94,NI,LEHAR,2013-11-26 00:00:00,12.5,90.5,75.0,967.0,
003521,1,2013324N07103,2013,94,NI,LEHAR,2013-11-26 03:00:00,12.5,90.1,75.0,967.0,
003522,1,2013324N07103,2013,94,NI,LEHAR,2013-11-26 06:00:00,12.6,89.6,75.0,967.0,
003523,1,2013324N07103,2013,94,NI,LEHAR,2013-11-26 09:00:00,12.9,89.1,75.0,967.0,
003524,1,2013324N07103,2013,94,NI,LEHAR,2013-11-26 12:00:00,13.0,88.7,75.0,967.0,
003525,1,2013324N07103,2013,94,NI,LEHAR,2013-11-26 15:00:00,13.0,88.5,73.0,971.0,
003526,1,2013324N07103,2013,94,NI,LEHAR,2013-11-26 18:00:00,13.2,88.1,70.0,975.0,
003527,1,2013324N07103,2013,94,NI,LEHAR,2013-11-26 21:00:00,13.3,87.5,70.0,973.0,
003528,1,2013324N07103,2013,94,NI,LEHAR,2013-11-27 00:00:00,13.6,87.0,70.0,970.0,
003529,1,2013324N07103,2013,94,NI,LEHAR,2013-11-27 03:00:00,13.6,86.5,68.0,972.0,
003530,1,2013324N07103,2013,94,NI,LEHAR,2013-11-27 06:00:00,13.9,86.0,65.0,974.0,
003531,1,2013324N07103,2013,94,NI,LEHAR,2013-11-27 09:00:00,14.0,85.5,65.0,974.0,
003532,1,2013324N07103,2013,94,NI,LEHAR,2013-11-27 12:00:00,14.2,85.1,65.0,974.0,
003533,1,2013324N07103,2013,94,NI,LEHAR,2013-11-27 15:00:00,14.2,84.6,58.0,980.0,
003534,1,2013324N07103,2013,94,NI,LEHAR,2013-11-27 18:00:00,14.6,84.1,50.0,985.0,
003535,1,2013324N07103,2013,94,NI,LEHAR,2013-11-27 21:00:00,14.7,83.6,45.0,989.0,
003536,1,2013324N07103,2013,94,NI,LEHAR,2013-11-28 00:00:00,15.1,82.5,40.0,993.0,
003537,1,2013324N07103,2013,94,NI,LEHAR,2013-11-28 03:00:00,15.3,82.1,38.0,995.0,
003538,1,2013324N07103,2013,94,NI,LEHAR,2013-11-28 06:00:00,15.3,81.7,35.0,996.0,
003539,1,2013324N07103,2013,94,NI,LEHAR,2013-11-28 09:00:00,15.5,81.4,35.0,996.0,
003540,1,2013324N07103,2013,94,NI,LEHAR,2013-11-28 12:00:00,15.5,81.0,35.0,996.0,
003541,1,2013324N07103,2013,94,NI,LEHAR,2013-11-28 15:00:00,15.4,80.6,30.0,1000.0,
003542,1,2013324N07103,2013,94,NI,LEHAR,2013-11-28 18:00:00,15.4,80.0,25.0,1004.0,
003543,1,2013324N07103,2013,94,NI,LEHAR,2013-11-28 21:00:00,15.7,79.4,23.0,1006.0,
003544,1,2013324N07103,2013,94,NI,LEHAR,2013-11-29 00:00:00,16.1,78.8,20.0,1007.0,
003545,1,2013339N09084,2013,98,NI,MADI,2013-12-05 00:00:00,9.0,84.3,15.0,1010.0,
003546,1,2013339N09084,2013,98,NI,MADI,2013-12-05 03:00:00,9.1,84.2,18.0,1009.0,
003547,1,2013339N09084,2013,98,NI,MADI,2013-12-05 06:00:00,9.1,84.1,20.0,1007.0,
003548,1,2013339N09084,2013,98,NI,MADI,2013-12-05 09:00:00,9.1,84.0,23.0,1006.0,
003549,1,2013339N09084,2013,98,NI,MADI,2013-12-05 12:00:00,9.2,83.9,25.0,1004.0,
003550,1,2013339N09084,2013,98,NI,MADI,2013-12-05 15:00:00,9.3,83.8,25.0,1004.0,
003551,1,2013339N09084,2013,98,NI,MADI,2013-12-05 18:00:00,9.4,83.8,25.0,1004.0,
003552,1,2013339N09084,2013,98,NI,MADI,2013-12-05 21:00:00,9.5,83.7,28.0,1002.0,
003553,1,2013339N09084,2013,98,NI,MADI,2013-12-06 00:00:00,9.6,83.7,30.0,1000.0,
003554,1,2013339N09084,2013,98,NI,MADI,2013-12-06 03:00:00,9.7,83.7,33.0,998.0,
003555,1,2013339N09084,2013,98,NI,MADI,2013-12-06 06:00:00,9.8,83.8,35.0,996.0,
003556,1,2013339N09084,2013,98,NI,MADI,2013-12-06 09:00:00,9.9,83.9,38.0,995.0,
003557,1,2013339N09084,2013,98,NI,MADI,2013-12-06 12:00:00,10.0,83.9,40.0,993.0,
003558,1,2013339N09084,2013,98,NI,MADI,2013-12-06 15:00:00,10.1,83.9,43.0,991.0,
003559,1,2013339N09084,2013,98,NI,MADI,2013-12-06 18:00:00,10.2,84.0,45.0,989.0,
003560,1,2013339N09084,2013,98,NI,MADI,2013-12-06 21:00:00,10.3,84.0,48.0,987.0,
003561,1,2013339N09084,2013,98,NI,MADI,2013-12-07 00:00:00,10.4,84.1,50.0,985.0,
003562,1,2013339N09084,2013,98,NI,MADI,2013-12-07 03:00:00,10.4,84.2,53.0,984.0,
003563,1,2013339N09084,2013,98,NI,MADI,2013-12-07 06:00:00,10.5,84.3,55.0,982.0,
003564,1,2013339N09084,2013,98,NI,MADI,2013-12-07 09:00:00,10.7,84.3,55.0,982.0,
003565,1,2013339N09084,2013,98,NI,MADI,2013-12-07 12:00:00,10.9,84.4,55.0,982.0,
003566,1,2013339N09084,2013,98,NI,MADI,2013-12-07 15:00:00,11.0,84.5,58.0,980.0,
003567,1,2013339N09084,2013,98,NI,MADI,2013-12-07 18:00:00,11.3,84.5,60.0,978.0,
003568,1,2013339N09084,2013,98,NI,MADI,2013-12-07 21:00:00,11.5,84.5,63.0,976.0,
003569,1,2013339N09084,2013,98,NI,MADI,2013-12-08 00:00:00,11.9,84.6,65.0,974.0,
003570,1,2013339N09084,2013,98,NI,MADI,2013-12-08 03:00:00,12.1,84.6,65.0,974.0,
003571,1,2013339N09084,2013,98,NI,MADI,2013-12-08 06:00:00,12.4,84.7,65.0,974.0,
003572,1,2013339N09084,2013,98,NI,MADI,2013-12-08 09:00:00,12.6,84.7,65.0,974.0,
003573,1,2013339N09084,2013,98,NI,MADI,2013-12-08 12:00:00,13.0,84.7,65.0,974.0,
003574,1,2013339N09084,2013,98,NI,MADI,2013-12-08 15:00:00,13.2,84.7,65.0,974.0,
003575,1,2013339N09084,2013,98,NI,MADI,2013-12-08 18:00:00,13.4,84.6,65.0,974.0,
003576,1,2013339N09084,2013,98,NI,MADI,2013-12-08 21:00:00,13.6,84.6,63.0,976.0,
003577,1,2013339N09084,2013,98,NI,MADI,2013-12-09 00:00:00,13.9,84.6,60.0,978.0,
003578,1,2013339N09084,2013,98,NI,MADI,2013-12-09 03:00:00,14.1,84.7,60.0,978.0,
003579,1,2013339N09084,2013,98,NI,MADI,2013-12-09 06:00:00,14.3,84.7,60.0,978.0,
003580,1,2013339N09084,2013,98,NI,MADI,2013-12-09 09:00:00,14.4,84.7,63.0,976.0,
003581,1,2013339N09084,2013,98,NI,MADI,2013-12-09 12:00:00,14.6,84.8,65.0,974.0,
003582,1,2013339N09084,2013,98,NI,MADI,2013-12-09 15:00:00,14.7,84.8,65.0,974.0,
003583,1,2013339N09084,2013,98,NI,MADI,2013-12-09 18:00:00,14.8,84.9,65.0,974.0,
003584,1,2013339N09084,2013,98,NI,MADI,2013-12-09 21:00:00,14.8,84.9,68.0,972.0,
003585,1,2013339N09084,2013,98,NI,MADI,2013-12-10 00:00:00,15.0,85.1,70.0,970.0,
003586,1,2013339N09084,2013,98,NI,MADI,2013-12-10 03:00:00,15.3,85.3,78.0,965.0,
003587,1,2013339N09084,2013,98,NI,MADI,2013-12-10 06:00:00,15.4,85.3,85.0,959.0,
003588,1,2013339N09084,2013,98,NI,MADI,2013-12-10 09:00:00,15.5,85.2,83.0,961.0,
003589,1,2013339N09084,2013,98,NI,MADI,2013-12-10 12:00:00,15.3,85.0,80.0,963.0,
003590,1,2013339N09084,2013,98,NI,MADI,2013-12-10 15:00:00,15.1,84.7,73.0,969.0,
003591,1,2013339N09084,2013,98,NI,MADI,2013-12-10 18:00:00,14.9,84.6,65.0,974.0,
003592,1,2013339N09084,2013,98,NI,MADI,2013-12-10 21:00:00,14.7,84.4,58.0,980.0,
003593,1,2013339N09084,2013,98,NI,MADI,2013-12-11 00:00:00,14.4,84.1,50.0,985.0,
003594,1,2013339N09084,2013,98,NI,MADI,2013-12-11 03:00:00,14.1,83.8,48.0,987.0,
003595,1,2013339N09084,2013,98,NI,MADI,2013-12-11 06:00:00,13.8,83.6,45.0,989.0,
003596,1,2013339N09084,2013,98,NI,MADI,2013-12-11 09:00:00,13.6,83.4,45.0,989.0,
003597,1,2013339N09084,2013,98,NI,MADI,2013-12-11 12:00:00,13.4,83.3,45.0,989.0,
003598,1,2013339N09084,2013,98,NI,MADI,2013-12-11 15:00:00,13.1,83.0,38.0,995.0,
003599,1,2013339N09084,2013,98,NI,MADI,2013-12-11 18:00:00,12.9,82.7,30.0,1000.0,
003600,1,2013339N09084,2013,98,NI,MADI,2013-12-11 21:00:00,12.6,82.4,30.0,1000.0,
003601,1,2013339N09084,2013,98,NI,MADI,2013-12-12 00:00:00,12.3,82.0,30.0,1000.0,
003602,1,2013339N09084,2013,98,NI,MADI,2013-12-12 03:00:00,11.9,81.5,30.0,1000.0,
003603,1,2013339N09084,2013,98,NI,MADI,2013-12-12 06:00:00,11.4,81.2,30.0,1000.0,
003604,1,2013339N09084,2013,98,NI,MADI,2013-12-12 09:00:00,10.9,80.8,28.0,1002.0,
003605,1,2013339N09084,2013,98,NI,MADI,2013-12-12 12:00:00,10.4,80.3,25.0,1004.0,
003606,1,2013339N09084,2013,98,NI,MADI,2013-12-12 15:00:00,10.2,79.6,25.0,1004.0,
003607,1,2013339N09084,2013,98,NI,MADI,2013-12-12 18:00:00,10.0,78.8,25.0,1004.0,
003608,1,2014159N12068,2014,31,NI,NANAUK,2014-06-08 06:00:00,12.4,68.3,20.0,1007.0,
003609,1,2014159N12068,2014,31,NI,NANAUK,2014-06-08 09:00:00,12.6,68.1,20.0,1007.0,
003610,1,2014159N12068,2014,31,NI,NANAUK,2014-06-08 12:00:00,12.8,68.0,20.0,1007.0,
003611,1,2014159N12068,2014,31,NI,NANAUK,2014-06-08 15:00:00,12.9,67.9,23.0,1006.0,
003612,1,2014159N12068,2014,31,NI,NANAUK,2014-06-08 18:00:00,13.0,67.8,25.0,1004.0,
003613,1,2014159N12068,2014,31,NI,NANAUK,2014-06-08 21:00:00,13.1,67.7,25.0,1003.0,
003614,1,2014159N12068,2014,31,NI,NANAUK,2014-06-09 00:00:00,13.2,67.6,25.0,1002.0,
003615,1,2014159N12068,2014,31,NI,NANAUK,2014-06-09 03:00:00,13.3,67.6,28.0,1001.0,
003616,1,2014159N12068,2014,31,NI,NANAUK,2014-06-09 06:00:00,13.4,67.7,30.0,1000.0,
003617,1,2014159N12068,2014,31,NI,NANAUK,2014-06-09 09:00:00,13.6,68.1,30.0,1000.0,
003618,1,2014159N12068,2014,31,NI,NANAUK,2014-06-09 12:00:00,13.8,68.5,30.0,1000.0,
003619,1,2014159N12068,2014,31,NI,NANAUK,2014-06-09 15:00:00,14.1,68.9,30.0,1000.0,
003620,1,2014159N12068,2014,31,NI,NANAUK,2014-06-09 18:00:00,14.5,69.2,30.0,1000.0,
003621,1,2014159N12068,2014,31,NI,NANAUK,2014-06-09 21:00:00,14.8,69.2,33.0,998.0,
003622,1,2014159N12068,2014,31,NI,NANAUK,2014-06-10 00:00:00,15.1,69.0,35.0,996.0,
003623,1,2014159N12068,2014,31,NI,NANAUK,2014-06-10 03:00:00,15.4,68.8,38.0,995.0,
003624,1,2014159N12068,2014,31,NI,NANAUK,2014-06-10 06:00:00,15.7,68.6,40.0,993.0,
003625,1,2014159N12068,2014,31,NI,NANAUK,2014-06-10 09:00:00,15.8,68.4,43.0,991.0,
003626,1,2014159N12068,2014,31,NI,NANAUK,2014-06-10 12:00:00,16.1,68.1,45.0,989.0,
003627,1,2014159N12068,2014,31,NI,NANAUK,2014-06-10 15:00:00,16.3,67.8,48.0,987.0,
003628,1,2014159N12068,2014,31,NI,NANAUK,2014-06-10 18:00:00,16.5,67.6,50.0,985.0,
003629,1,2014159N12068,2014,31,NI,NANAUK,2014-06-10 21:00:00,16.5,67.4,53.0,984.0,
003630,1,2014159N12068,2014,31,NI,NANAUK,2014-06-11 00:00:00,16.6,67.2,55.0,982.0,
003631,1,2014159N12068,2014,31,NI,NANAUK,2014-06-11 03:00:00,16.7,67.0,55.0,982.0,
003632,1,2014159N12068,2014,31,NI,NANAUK,2014-06-11 06:00:00,17.0,66.7,55.0,982.0,
003633,1,2014159N12068,2014,31,NI,NANAUK,2014-06-11 09:00:00,17.1,66.5,55.0,982.0,
003634,1,2014159N12068,2014,31,NI,NANAUK,2014-06-11 12:00:00,17.4,66.2,55.0,982.0,
003635,1,2014159N12068,2014,31,NI,NANAUK,2014-06-11 15:00:00,17.6,66.0,55.0,982.0,
003636,1,2014159N12068,2014,31,NI,NANAUK,2014-06-11 18:00:00,17.6,65.8,55.0,982.0,
003637,1,2014159N12068,2014,31,NI,NANAUK,2014-06-11 21:00:00,17.7,65.6,55.0,982.0,
003638,1,2014159N12068,2014,31,NI,NANAUK,2014-06-12 00:00:00,17.9,65.3,55.0,982.0,
003639,1,2014159N12068,2014,31,NI,NANAUK,2014-06-12 03:00:00,18.0,64.9,50.0,986.0,
003640,1,2014159N12068,2014,31,NI,NANAUK,2014-06-12 06:00:00,18.2,64.6,45.0,989.0,
003641,1,2014159N12068,2014,31,NI,NANAUK,2014-06-12 09:00:00,18.3,64.3,43.0,991.0,
003642,1,2014159N12068,2014,31,NI,NANAUK,2014-06-12 12:00:00,18.5,64.1,40.0,993.0,
003643,1,2014159N12068,2014,31,NI,NANAUK,2014-06-12 15:00:00,18.8,64.0,38.0,995.0,
003644,1,2014159N12068,2014,31,NI,NANAUK,2014-06-12 18:00:00,19.3,64.1,35.0,996.0,
003645,1,2014159N12068,2014,31,NI,NANAUK,2014-06-12 21:00:00,19.9,64.4,30.0,1000.0,
003646,1,2014159N12068,2014,31,NI,NANAUK,2014-06-13 00:00:00,20.4,64.6,25.0,1004.0,
003647,1,2014159N12068,2014,31,NI,NANAUK,2014-06-13 03:00:00,20.7,64.4,25.0,1004.0,
003648,1,2014159N12068,2014,31,NI,NANAUK,2014-06-13 06:00:00,21.2,64.0,20.0,1007.0,
003649,1,2014159N12068,2014,31,NI,NANAUK,2014-06-13 09:00:00,21.4,63.9,20.0,1007.0,
003650,1,2014159N12068,2014,31,NI,NANAUK,2014-06-13 12:00:00,21.4,64.0,20.0,1007.0,
003651,1,2014159N12068,2014,31,NI,NANAUK,2014-06-13 15:00:00,21.5,64.1,20.0,1007.0,
003652,1,2014159N12068,2014,31,NI,NANAUK,2014-06-13 18:00:00,21.5,64.2,20.0,1007.0,
003653,1,2014159N12068,2014,31,NI,NANAUK,2014-06-13 21:00:00,21.6,64.3,20.0,1007.0,
003654,1,2014159N12068,2014,31,NI,NANAUK,2014-06-14 00:00:00,21.6,64.5,20.0,1007.0,
003655,1,2014159N12068,2014,31,NI,NANAUK,2014-06-14 03:00:00,21.7,64.6,18.0,1009.0,
003656,1,2014159N12068,2014,31,NI,NANAUK,2014-06-14 06:00:00,21.7,64.8,15.0,1010.0,
003657,1,2014159N12068,2014,31,NI,NANAUK,2014-06-14 09:00:00,21.7,65.0,15.0,1010.0,
003658,1,2014159N12068,2014,31,NI,NANAUK,2014-06-14 12:00:00,21.7,65.2,15.0,1010.0,
003659,1,2014279N11096,2014,73,NI,HUDHUD,2014-10-06 06:00:00,10.7,96.1,15.0,1010.0,
003660,1,2014279N11096,2014,73,NI,HUDHUD,2014-10-06 09:00:00,10.7,96.0,18.0,1009.0,
003661,1,2014279N11096,2014,73,NI,HUDHUD,2014-10-06 12:00:00,10.7,95.9,20.0,1007.0,
003662,1,2014279N11096,2014,73,NI,HUDHUD,2014-10-06 15:00:00,10.7,95.8,23.0,1006.0,
003663,1,2014279N11096,2014,73,NI,HUDHUD,2014-10-06 18:00:00,10.8,95.6,25.0,1004.0,
003664,1,2014279N11096,2014,73,NI,HUDHUD,2014-10-06 21:00:00,10.9,95.4,25.0,1004.0,
003665,1,2014279N11096,2014,73,NI,HUDHUD,2014-10-07 00:00:00,11.0,95.2,25.0,1004.0,
003666,1,2014279N11096,2014,73,NI,HUDHUD,2014-10-07 03:00:00,11.2,95.0,25.0,1004.0,
003667,1,2014279N11096,2014,73,NI,HUDHUD,2014-10-07 06:00:00,11.4,94.7,25.0,1004.0,
003668,1,2014279N11096,2014,73,NI,HUDHUD,2014-10-07 09:00:00,11.5,94.4,28.0,1002.0,
003669,1,2014279N11096,2014,73,NI,HUDHUD,2014-10-07 12:00:00,11.7,94.1,30.0,1000.0,
003670,1,2014279N11096,2014,73,NI,HUDHUD,2014-10-07 15:00:00,11.8,93.8,30.0,1000.0,
003671,1,2014279N11096,2014,73,NI,HUDHUD,2014-10-07 18:00:00,11.9,93.5,30.0,1000.0,
003672,1,2014279N11096,2014,73,NI,HUDHUD,2014-10-07 21:00:00,12.0,93.2,33.0,998.0,
003673,1,2014279N11096,2014,73,NI,HUDHUD,2014-10-08 00:00:00,12.2,92.9,35.0,996.0,
003674,1,2014279N11096,2014,73,NI,HUDHUD,2014-10-08 03:00:00,12.3,92.6,38.0,995.0,
003675,1,2014279N11096,2014,73,NI,HUDHUD,2014-10-08 06:00:00,12.6,92.1,40.0,993.0,
003676,1,2014279N11096,2014,73,NI,HUDHUD,2014-10-08 09:00:00,12.8,91.4,43.0,991.0,
003677,1,2014279N11096,2014,73,NI,HUDHUD,2014-10-08 12:00:00,12.9,90.9,45.0,989.0,
003678,1,2014279N11096,2014,73,NI,HUDHUD,2014-10-08 15:00:00,13.1,90.4,48.0,987.0,
003679,1,2014279N11096,2014,73,NI,HUDHUD,2014-10-08 18:00:00,13.3,90.1,50.0,985.0,
003680,1,2014279N11096,2014,73,NI,HUDHUD,2014-10-08 21:00:00,13.5,89.6,53.0,984.0,
003681,1,2014279N11096,2014,73,NI,HUDHUD,2014-10-09 00:00:00,13.6,89.3,55.0,982.0,
003682,1,2014279N11096,2014,73,NI,HUDHUD,2014-10-09 03:00:00,13.7,89.1,58.0,980.0,
003683,1,2014279N11096,2014,73,NI,HUDHUD,2014-10-09 06:00:00,13.8,88.9,60.0,978.0,
003684,1,2014279N11096,2014,73,NI,HUDHUD,2014-10-09 09:00:00,13.9,88.6,60.0,978.0,
003685,1,2014279N11096,2014,73,NI,HUDHUD,2014-10-09 12:00:00,14.1,88.5,60.0,978.0,
003686,1,2014279N11096,2014,73,NI,HUDHUD,2014-10-09 15:00:00,14.1,88.2,60.0,978.0,
003687,1,2014279N11096,2014,73,NI,HUDHUD,2014-10-09 18:00:00,14.2,88.0,60.0,978.0,
003688,1,2014279N11096,2014,73,NI,HUDHUD,2014-10-09 21:00:00,14.4,87.8,63.0,976.0,
003689,1,2014279N11096,2014,73,NI,HUDHUD,2014-10-10 00:00:00,14.6,87.6,65.0,974.0,
003690,1,2014279N11096,2014,73,NI,HUDHUD,2014-10-10 03:00:00,14.8,87.3,65.0,974.0,
003691,1,2014279N11096,2014,73,NI,HUDHUD,2014-10-10 06:00:00,14.9,87.2,65.0,974.0,
003692,1,2014279N11096,2014,73,NI,HUDHUD,2014-10-10 09:00:00,15.1,87.0,70.0,971.0,
003693,1,2014279N11096,2014,73,NI,HUDHUD,2014-10-10 12:00:00,15.3,86.8,75.0,967.0,
003694,1,2014279N11096,2014,73,NI,HUDHUD,2014-10-10 15:00:00,15.5,86.5,80.0,963.0,
003695,1,2014279N11096,2014,73,NI,HUDHUD,2014-10-10 18:00:00,15.6,86.3,85.0,959.0,
003696,1,2014279N11096,2014,73,NI,HUDHUD,2014-10-10 21:00:00,15.7,86.0,90.0,956.0,
003697,1,2014279N11096,2014,73,NI,HUDHUD,2014-10-11 00:00:00,15.9,85.7,95.0,952.0,
003698,1,2014279N11096,2014,73,NI,HUDHUD,2014-10-11 03:00:00,16.0,85.4,100.0,948.0,
003699,1,2014279N11096,2014,73,NI,HUDHUD,2014-10-11 06:00:00,16.1,85.1,105.0,944.0,
003700,1,2014279N11096,2014,73,NI,HUDHUD,2014-10-11 09:00:00,16.1,85.0,110.0,941.0,
003701,1,2014279N11096,2014,73,NI,HUDHUD,2014-10-11 12:00:00,16.2,84.9,115.0,937.0,
003702,1,2014279N11096,2014,73,NI,HUDHUD,2014-10-11 15:00:00,16.3,84.8,115.0,937.0,
003703,1,2014279N11096,2014,73,NI,HUDHUD,2014-10-11 18:00:00,16.6,84.6,115.0,937.0,
003704,1,2014279N11096,2014,73,NI,HUDHUD,2014-10-11 21:00:00,16.8,84.4,115.0,937.0,
003705,1,2014279N11096,2014,73,NI,HUDHUD,2014-10-12 00:00:00,17.2,84.1,115.0,937.0,
003706,1,2014279N11096,2014,73,NI,HUDHUD,2014-10-12 03:00:00,17.4,83.8,115.0,937.0,
003707,1,2014279N11096,2014,73,NI,HUDHUD,2014-10-12 06:00:00,17.6,83.4,115.0,937.0,
003708,1,2014279N11096,2014,73,NI,HUDHUD,2014-10-12 09:00:00,17.8,83.1,110.0,941.0,
003709,1,2014279N11096,2014,73,NI,HUDHUD,2014-10-12 12:00:00,18.0,82.8,105.0,944.0,
003710,1,2014279N11096,2014,73,NI,HUDHUD,2014-10-12 15:00:00,18.3,82.5,93.0,954.0,
003711,1,2014279N11096,2014,73,NI,HUDHUD,2014-10-12 18:00:00,18.8,82.3,80.0,963.0,
003712,1,2014279N11096,2014,73,NI,HUDHUD,2014-10-12 21:00:00,19.0,82.1,68.0,973.0,
003713,1,2014279N11096,2014,73,NI,HUDHUD,2014-10-13 00:00:00,19.7,81.6,55.0,982.0,
003714,1,2014279N11096,2014,73,NI,HUDHUD,2014-10-13 03:00:00,20.5,81.5,48.0,988.0,
003715,1,2014279N11096,2014,73,NI,HUDHUD,2014-10-13 06:00:00,20.8,81.4,40.0,993.0,
003716,1,2014279N11096,2014,73,NI,HUDHUD,2014-10-13 09:00:00,21.1,81.4,35.0,997.0,
003717,1,2014279N11096,2014,73,NI,HUDHUD,2014-10-13 12:00:00,21.4,81.4,30.0,1000.0,
003718,1,2014279N11096,2014,73,NI,HUDHUD,2014-10-13 15:00:00,21.7,81.5,,,
003719,1,2014279N11096,2014,73,NI,HUDHUD,2014-10-13 18:00:00,22.3,81.5,,,
003720,1,2014279N11096,2014,73,NI,HUDHUD,2014-10-13 21:00:00,23.6,81.5,,,
003721,1,2014279N11096,2014,73,NI,HUDHUD,2014-10-14 00:00:00,24.8,81.5,,,
003722,1,2014279N11096,2014,73,NI,HUDHUD,2014-10-14 03:00:00,25.1,81.6,,,
003723,1,2014279N11096,2014,73,NI,HUDHUD,2014-10-14 06:00:00,25.6,81.7,,,
003724,1,2014279N11096,2014,73,NI,HUDHUD,2014-10-14 09:00:00,26.3,81.8,,,
003725,1,2014297N11062,2014,79,NI,NILOFAR,2014-10-23 12:00:00,10.8,62.1,15.0,1010.0,
003726,1,2014297N11062,2014,79,NI,NILOFAR,2014-10-23 15:00:00,11.0,61.9,15.0,1010.0,
003727,1,2014297N11062,2014,79,NI,NILOFAR,2014-10-23 18:00:00,11.1,61.8,15.0,1010.0,
003728,1,2014297N11062,2014,79,NI,NILOFAR,2014-10-23 21:00:00,11.2,61.7,18.0,1009.0,
003729,1,2014297N11062,2014,79,NI,NILOFAR,2014-10-24 00:00:00,11.3,61.6,20.0,1007.0,
003730,1,2014297N11062,2014,79,NI,NILOFAR,2014-10-24 03:00:00,11.4,61.5,20.0,1007.0,
003731,1,2014297N11062,2014,79,NI,NILOFAR,2014-10-24 06:00:00,11.6,61.5,20.0,1007.0,
003732,1,2014297N11062,2014,79,NI,NILOFAR,2014-10-24 09:00:00,11.7,61.6,20.0,1007.0,
003733,1,2014297N11062,2014,79,NI,NILOFAR,2014-10-24 12:00:00,11.8,61.7,20.0,1007.0,
003734,1,2014297N11062,2014,79,NI,NILOFAR,2014-10-24 15:00:00,11.9,61.8,23.0,1006.0,
003735,1,2014297N11062,2014,79,NI,NILOFAR,2014-10-24 18:00:00,12.0,62.0,25.0,1004.0,
003736,1,2014297N11062,2014,79,NI,NILOFAR,2014-10-24 21:00:00,12.1,62.2,28.0,1002.0,
003737,1,2014297N11062,2014,79,NI,NILOFAR,2014-10-25 00:00:00,12.3,62.1,30.0,1000.0,
003738,1,2014297N11062,2014,79,NI,NILOFAR,2014-10-25 03:00:00,12.6,62.1,30.0,1000.0,
003739,1,2014297N11062,2014,79,NI,NILOFAR,2014-10-25 06:00:00,12.7,62.0,30.0,1000.0,
003740,1,2014297N11062,2014,79,NI,NILOFAR,2014-10-25 09:00:00,13.0,61.9,33.0,998.0,
003741,1,2014297N11062,2014,79,NI,NILOFAR,2014-10-25 12:00:00,13.3,61.9,35.0,996.0,
003742,1,2014297N11062,2014,79,NI,NILOFAR,2014-10-25 15:00:00,13.3,61.9,35.0,996.0,
003743,1,2014297N11062,2014,79,NI,NILOFAR,2014-10-25 18:00:00,13.5,62.0,35.0,996.0,
003744,1,2014297N11062,2014,79,NI,NILOFAR,2014-10-25 21:00:00,13.8,62.3,38.0,995.0,
003745,1,2014297N11062,2014,79,NI,NILOFAR,2014-10-26 00:00:00,14.1,62.5,40.0,993.0,
003746,1,2014297N11062,2014,79,NI,NILOFAR,2014-10-26 03:00:00,14.1,62.5,43.0,991.0,
003747,1,2014297N11062,2014,79,NI,NILOFAR,2014-10-26 06:00:00,14.2,62.5,45.0,989.0,
003748,1,2014297N11062,2014,79,NI,NILOFAR,2014-10-26 09:00:00,14.2,62.5,50.0,986.0,
003749,1,2014297N11062,2014,79,NI,NILOFAR,2014-10-26 12:00:00,14.3,62.5,55.0,982.0,
003750,1,2014297N11062,2014,79,NI,NILOFAR,2014-10-26 15:00:00,14.3,62.5,55.0,982.0,
003751,1,2014297N11062,2014,79,NI,NILOFAR,2014-10-26 18:00:00,14.5,62.5,55.0,982.0,
003752,1,2014297N11062,2014,79,NI,NILOFAR,2014-10-26 21:00:00,14.6,62.4,60.0,978.0,
003753,1,2014297N11062,2014,79,NI,NILOFAR,2014-10-27 00:00:00,14.8,62.4,65.0,974.0,
003754,1,2014297N11062,2014,79,NI,NILOFAR,2014-10-27 03:00:00,14.8,62.3,68.0,972.0,
003755,1,2014297N11062,2014,79,NI,NILOFAR,2014-10-27 06:00:00,14.9,62.3,70.0,970.0,
003756,1,2014297N11062,2014,79,NI,NILOFAR,2014-10-27 09:00:00,14.9,62.2,75.0,967.0,
003757,1,2014297N11062,2014,79,NI,NILOFAR,2014-10-27 12:00:00,15.0,62.2,80.0,963.0,
003758,1,2014297N11062,2014,79,NI,NILOFAR,2014-10-27 15:00:00,15.1,62.1,85.0,960.0,
003759,1,2014297N11062,2014,79,NI,NILOFAR,2014-10-27 18:00:00,15.2,62.1,90.0,956.0,
003760,1,2014297N11062,2014,79,NI,NILOFAR,2014-10-27 21:00:00,15.4,61.8,93.0,954.0,
003761,1,2014297N11062,2014,79,NI,NILOFAR,2014-10-28 00:00:00,15.6,61.8,95.0,952.0,
003762,1,2014297N11062,2014,79,NI,NILOFAR,2014-10-28 03:00:00,15.8,61.7,98.0,950.0,
003763,1,2014297N11062,2014,79,NI,NILOFAR,2014-10-28 06:00:00,16.0,61.7,100.0,948.0,
003764,1,2014297N11062,2014,79,NI,NILOFAR,2014-10-28 09:00:00,16.3,61.7,108.0,943.0,
003765,1,2014297N11062,2014,79,NI,NILOFAR,2014-10-28 12:00:00,16.8,61.8,115.0,937.0,
003766,1,2014297N11062,2014,79,NI,NILOFAR,2014-10-28 15:00:00,17.2,61.8,115.0,937.0,
003767,1,2014297N11062,2014,79,NI,NILOFAR,2014-10-28 18:00:00,17.7,61.7,115.0,937.0,
003768,1,2014297N11062,2014,79,NI,NILOFAR,2014-10-28 21:00:00,17.9,61.7,110.0,941.0,
003769,1,2014297N11062,2014,79,NI,NILOFAR,2014-10-29 00:00:00,18.1,61.8,105.0,944.0,
003770,1,2014297N11062,2014,79,NI,NILOFAR,2014-10-29 03:00:00,18.5,61.8,100.0,948.0,
003771,1,2014297N11062,2014,79,NI,NILOFAR,2014-10-29 06:00:00,18.7,61.9,95.0,952.0,
003772,1,2014297N11062,2014,79,NI,NILOFAR,2014-10-29 09:00:00,18.8,62.0,88.0,958.0,
003773,1,2014297N11062,2014,79,NI,NILOFAR,2014-10-29 12:00:00,19.0,62.2,80.0,963.0,
003774,1,2014297N11062,2014,79,NI,NILOFAR,2014-10-29 15:00:00,19.2,62.5,75.0,967.0,
003775,1,2014297N11062,2014,79,NI,NILOFAR,2014-10-29 18:00:00,19.3,62.9,70.0,970.0,
003776,1,2014297N11062,2014,79,NI,NILOFAR,2014-10-29 21:00:00,19.4,63.2,65.0,974.0,
003777,1,2014297N11062,2014,79,NI,NILOFAR,2014-10-30 00:00:00,19.6,63.6,60.0,978.0,
003778,1,2014297N11062,2014,79,NI,NILOFAR,2014-10-30 03:00:00,19.8,63.9,55.0,982.0,
003779,1,2014297N11062,2014,79,NI,NILOFAR,2014-10-30 06:00:00,20.1,64.2,50.0,985.0,
003780,1,2014297N11062,2014,79,NI,NILOFAR,2014-10-30 09:00:00,20.1,64.4,48.0,987.0,
003781,1,2014297N11062,2014,79,NI,NILOFAR,2014-10-30 12:00:00,20.3,64.6,45.0,989.0,
003782,1,2014297N11062,2014,79,NI,NILOFAR,2014-10-30 15:00:00,20.4,64.6,40.0,993.0,
003783,1,2014297N11062,2014,79,NI,NILOFAR,2014-10-30 18:00:00,20.5,64.8,35.0,996.0,
003784,1,2014297N11062,2014,79,NI,NILOFAR,2014-10-30 21:00:00,20.6,64.9,33.0,998.0,
003785,1,2014297N11062,2014,79,NI,NILOFAR,2014-10-31 00:00:00,20.7,65.0,30.0,1000.0,
003786,1,2014297N11062,2014,79,NI,NILOFAR,2014-10-31 03:00:00,20.8,65.1,28.0,1002.0,
003787,1,2014297N11062,2014,79,NI,NILOFAR,2014-10-31 06:00:00,21.0,65.1,25.0,1004.0,
003788,1,2014297N11062,2014,79,NI,NILOFAR,2014-10-31 09:00:00,21.2,65.1,25.0,1004.0,
003789,1,2014297N11062,2014,79,NI,NILOFAR,2014-10-31 12:00:00,21.4,65.0,25.0,1004.0,
003790,1,2014297N11062,2014,79,NI,NILOFAR,2014-10-31 15:00:00,21.6,64.9,23.0,1006.0,
003791,1,2014297N11062,2014,79,NI,NILOFAR,2014-10-31 18:00:00,21.7,64.7,20.0,1007.0,
003792,1,2014297N11062,2014,79,NI,NILOFAR,2014-10-31 21:00:00,21.7,64.5,20.0,1007.0,
003793,1,2014297N11062,2014,79,NI,NILOFAR,2014-11-01 00:00:00,21.7,64.2,20.0,1007.0,
003794,1,2014297N11062,2014,79,NI,NILOFAR,2014-11-01 03:00:00,21.7,64.0,20.0,1007.0,
003795,1,2014297N11062,2014,79,NI,NILOFAR,2014-11-01 06:00:00,21.7,63.8,20.0,1007.0,
003796,1,2014297N11062,2014,79,NI,NILOFAR,2014-11-01 09:00:00,21.7,63.6,18.0,1009.0,
003797,1,2014297N11062,2014,79,NI,NILOFAR,2014-11-01 12:00:00,21.7,63.3,15.0,1010.0,
003798,1,2015157N13069,2015,31,NI,ASHOBAA,2015-06-06 06:00:00,13.1,68.5,25.0,1004.0,
003799,1,2015157N13069,2015,31,NI,ASHOBAA,2015-06-06 09:00:00,13.5,68.6,25.0,1004.0,
003800,1,2015157N13069,2015,31,NI,ASHOBAA,2015-06-06 12:00:00,13.8,68.6,25.0,1004.0,
003801,1,2015157N13069,2015,31,NI,ASHOBAA,2015-06-06 15:00:00,14.1,68.6,25.0,1004.0,
003802,1,2015157N13069,2015,31,NI,ASHOBAA,2015-06-06 18:00:00,14.5,68.6,25.0,1004.0,
003803,1,2015157N13069,2015,31,NI,ASHOBAA,2015-06-06 21:00:00,14.9,68.6,28.0,1002.0,
003804,1,2015157N13069,2015,31,NI,ASHOBAA,2015-06-07 00:00:00,15.2,68.6,30.0,1000.0,
003805,1,2015157N13069,2015,31,NI,ASHOBAA,2015-06-07 03:00:00,15.3,68.5,35.0,997.0,
003806,1,2015157N13069,2015,31,NI,ASHOBAA,2015-06-07 06:00:00,15.5,68.4,40.0,993.0,
003807,1,2015157N13069,2015,31,NI,ASHOBAA,2015-06-07 09:00:00,15.8,68.3,40.0,993.0,
003808,1,2015157N13069,2015,31,NI,ASHOBAA,2015-06-07 12:00:00,16.2,68.3,40.0,993.0,
003809,1,2015157N13069,2015,31,NI,ASHOBAA,2015-06-07 15:00:00,16.5,68.3,40.0,993.0,
003810,1,2015157N13069,2015,31,NI,ASHOBAA,2015-06-07 18:00:00,16.9,68.3,40.0,993.0,
003811,1,2015157N13069,2015,31,NI,ASHOBAA,2015-06-07 21:00:00,17.2,68.0,40.0,993.0,
003812,1,2015157N13069,2015,31,NI,ASHOBAA,2015-06-08 00:00:00,17.7,67.6,40.0,993.0,
003813,1,2015157N13069,2015,31,NI,ASHOBAA,2015-06-08 03:00:00,18.0,67.2,43.0,991.0,
003814,1,2015157N13069,2015,31,NI,ASHOBAA,2015-06-08 06:00:00,18.0,67.0,45.0,989.0,
003815,1,2015157N13069,2015,31,NI,ASHOBAA,2015-06-08 09:00:00,18.5,66.6,45.0,989.0,
003816,1,2015157N13069,2015,31,NI,ASHOBAA,2015-06-08 12:00:00,18.7,66.4,45.0,989.0,
003817,1,2015157N13069,2015,31,NI,ASHOBAA,2015-06-08 15:00:00,18.9,66.1,48.0,987.0,
003818,1,2015157N13069,2015,31,NI,ASHOBAA,2015-06-08 18:00:00,19.3,65.7,50.0,985.0,
003819,1,2015157N13069,2015,31,NI,ASHOBAA,2015-06-08 21:00:00,19.7,65.4,50.0,985.0,
003820,1,2015157N13069,2015,31,NI,ASHOBAA,2015-06-09 00:00:00,20.1,65.1,50.0,985.0,
003821,1,2015157N13069,2015,31,NI,ASHOBAA,2015-06-09 03:00:00,20.2,64.8,50.0,985.0,
003822,1,2015157N13069,2015,31,NI,ASHOBAA,2015-06-09 06:00:00,20.5,64.4,50.0,985.0,
003823,1,2015157N13069,2015,31,NI,ASHOBAA,2015-06-09 09:00:00,20.6,63.8,50.0,985.0,
003824,1,2015157N13069,2015,31,NI,ASHOBAA,2015-06-09 12:00:00,21.0,63.3,50.0,985.0,
003825,1,2015157N13069,2015,31,NI,ASHOBAA,2015-06-09 15:00:00,21.1,62.8,53.0,984.0,
003826,1,2015157N13069,2015,31,NI,ASHOBAA,2015-06-09 18:00:00,21.1,62.6,55.0,982.0,
003827,1,2015157N13069,2015,31,NI,ASHOBAA,2015-06-09 21:00:00,21.2,62.3,55.0,982.0,
003828,1,2015157N13069,2015,31,NI,ASHOBAA,2015-06-10 00:00:00,21.2,62.0,55.0,982.0,
003829,1,2015157N13069,2015,31,NI,ASHOBAA,2015-06-10 03:00:00,21.1,61.8,55.0,982.0,
003830,1,2015157N13069,2015,31,NI,ASHOBAA,2015-06-10 06:00:00,21.1,61.6,55.0,982.0,
003831,1,2015157N13069,2015,31,NI,ASHOBAA,2015-06-10 09:00:00,21.0,61.3,53.0,984.0,
003832,1,2015157N13069,2015,31,NI,ASHOBAA,2015-06-10 12:00:00,21.0,61.3,50.0,985.0,
003833,1,2015157N13069,2015,31,NI,ASHOBAA,2015-06-10 15:00:00,20.8,61.1,48.0,987.0,
003834,1,2015157N13069,2015,31,NI,ASHOBAA,2015-06-10 18:00:00,20.8,61.1,45.0,989.0,
003835,1,2015157N13069,2015,31,NI,ASHOBAA,2015-06-10 21:00:00,20.8,61.2,45.0,989.0,
003836,1,2015157N13069,2015,31,NI,ASHOBAA,2015-06-11 00:00:00,20.8,60.9,45.0,989.0,
003837,1,2015157N13069,2015,31,NI,ASHOBAA,2015-06-11 03:00:00,20.8,60.8,45.0,989.0,
003838,1,2015157N13069,2015,31,NI,ASHOBAA,2015-06-11 06:00:00,20.8,60.6,45.0,989.0,
003839,1,2015157N13069,2015,31,NI,ASHOBAA,2015-06-11 09:00:00,20.8,60.4,43.0,991.0,
003840,1,2015157N13069,2015,31,NI,ASHOBAA,2015-06-11 12:00:00,20.8,60.2,40.0,993.0,
003841,1,2015157N13069,2015,31,NI,ASHOBAA,2015-06-11 15:00:00,20.8,59.9,38.0,995.0,
003842,1,2015157N13069,2015,31,NI,ASHOBAA,2015-06-11 18:00:00,20.8,59.9,35.0,996.0,
003843,1,2015157N13069,2015,31,NI,ASHOBAA,2015-06-11 21:00:00,20.8,59.8,35.0,996.0,
003844,1,2015157N13069,2015,31,NI,ASHOBAA,2015-06-12 00:00:00,20.8,59.8,35.0,996.0,
003845,1,2015157N13069,2015,31,NI,ASHOBAA,2015-06-12 03:00:00,20.8,59.7,33.0,998.0,
003846,1,2015157N13069,2015,31,NI,ASHOBAA,2015-06-12 06:00:00,20.8,59.7,30.0,1000.0,
003847,1,2015207N22091,2015,50,NI,KOMEN,2015-07-26 00:00:00,22.0,90.8,,,
003848,1,2015207N22091,2015,50,NI,KOMEN,2015-07-26 03:00:00,22.0,90.8,,,
003849,1,2015207N22091,2015,50,NI,KOMEN,2015-07-26 06:00:00,22.0,90.5,,,
003850,1,2015207N22091,2015,50,NI,KOMEN,2015-07-26 09:00:00,22.0,90.4,,,
003851,1,2015207N22091,2015,50,NI,KOMEN,2015-07-26 12:00:00,22.0,90.5,,,
003852,1,2015207N22091,2015,50,NI,KOMEN,2015-07-26 15:00:00,22.0,90.5,,,
003853,1,2015207N22091,2015,50,NI,KOMEN,2015-07-26 18:00:00,22.0,90.5,,,
003854,1,2015207N22091,2015,50,NI,KOMEN,2015-07-26 21:00:00,22.0,90.5,,,
003855,1,2015207N22091,2015,50,NI,KOMEN,2015-07-27 00:00:00,22.0,90.5,,,
003856,1,2015207N22091,2015,50,NI,KOMEN,2015-07-27 03:00:00,22.0,90.5,,,
003857,1,2015207N22091,2015,50,NI,KOMEN,2015-07-27 06:00:00,22.0,90.5,,,
003858,1,2015207N22091,2015,50,NI,KOMEN,2015-07-27 09:00:00,22.0,90.5,,,
003859,1,2015207N22091,2015,50,NI,KOMEN,2015-07-27 12:00:00,22.0,90.5,,,
003860,1,2015207N22091,2015,50,NI,KOMEN,2015-07-27 15:00:00,22.0,90.5,,,
003861,1,2015207N22091,2015,50,NI,KOMEN,2015-07-27 18:00:00,22.0,90.5,,,
003862,1,2015207N22091,2015,50,NI,KOMEN,2015-07-27 21:00:00,22.0,90.5,,,
003863,1,2015207N22091,2015,50,NI,KOMEN,2015-07-28 00:00:00,22.0,90.5,,,
003864,1,2015207N22091,2015,50,NI,KOMEN,2015-07-28 03:00:00,22.0,90.5,,,
003865,1,2015207N22091,2015,50,NI,KOMEN,2015-07-28 06:00:00,21.6,90.4,25.0,996.0,
003866,1,2015207N22091,2015,50,NI,KOMEN,2015-07-28 09:00:00,21.4,90.4,28.0,998.0,
003867,1,2015207N22091,2015,50,NI,KOMEN,2015-07-28 12:00:00,21.3,90.5,30.0,1000.0,
003868,1,2015207N22091,2015,50,NI,KOMEN,2015-07-28 15:00:00,21.3,90.7,30.0,1000.0,
003869,1,2015207N22091,2015,50,NI,KOMEN,2015-07-28 18:00:00,21.2,90.9,30.0,995.0,
003870,1,2015207N22091,2015,50,NI,KOMEN,2015-07-28 21:00:00,21.0,91.0,33.0,996.0,
003871,1,2015207N22091,2015,50,NI,KOMEN,2015-07-29 00:00:00,21.0,91.1,35.0,996.0,
003872,1,2015207N22091,2015,50,NI,KOMEN,2015-07-29 03:00:00,21.0,91.1,35.0,996.0,
003873,1,2015207N22091,2015,50,NI,KOMEN,2015-07-29 06:00:00,21.1,91.2,35.0,996.0,
003874,1,2015207N22091,2015,50,NI,KOMEN,2015-07-29 09:00:00,21.2,91.2,38.0,995.0,
003875,1,2015207N22091,2015,50,NI,KOMEN,2015-07-29 12:00:00,21.3,91.3,40.0,993.0,
003876,1,2015207N22091,2015,50,NI,KOMEN,2015-07-29 15:00:00,21.4,91.3,40.0,993.0,
003877,1,2015207N22091,2015,50,NI,KOMEN,2015-07-29 18:00:00,21.5,91.4,40.0,993.0,
003878,1,2015207N22091,2015,50,NI,KOMEN,2015-07-29 21:00:00,21.5,91.4,43.0,991.0,
003879,1,2015207N22091,2015,50,NI,KOMEN,2015-07-30 00:00:00,21.7,91.5,45.0,989.0,
003880,1,2015207N22091,2015,50,NI,KOMEN,2015-07-30 03:00:00,21.9,91.5,45.0,989.0,
003881,1,2015207N22091,2015,50,NI,KOMEN,2015-07-30 06:00:00,22.1,91.5,45.0,989.0,
003882,1,2015207N22091,2015,50,NI,KOMEN,2015-07-30 09:00:00,22.1,91.5,43.0,991.0,
003883,1,2015207N22091,2015,50,NI,KOMEN,2015-07-30 12:00:00,22.3,91.5,40.0,993.0,
003884,1,2015207N22091,2015,50,NI,KOMEN,2015-07-30 15:00:00,22.5,91.4,38.0,995.0,
003885,1,2015207N22091,2015,50,NI,KOMEN,2015-07-30 18:00:00,22.7,91.2,35.0,996.0,
003886,1,2015207N22091,2015,50,NI,KOMEN,2015-07-30 21:00:00,22.9,91.1,33.0,998.0,
003887,1,2015207N22091,2015,50,NI,KOMEN,2015-07-31 00:00:00,23.1,90.2,30.0,1000.0,
003888,1,2015207N22091,2015,50,NI,KOMEN,2015-07-31 03:00:00,23.1,90.0,,,
003889,1,2015207N22091,2015,50,NI,KOMEN,2015-07-31 06:00:00,23.1,89.8,,,
003890,1,2015207N22091,2015,50,NI,KOMEN,2015-07-31 09:00:00,23.1,89.6,,,
003891,1,2015207N22091,2015,50,NI,KOMEN,2015-07-31 12:00:00,23.1,89.5,,,
003892,1,2015207N22091,2015,50,NI,KOMEN,2015-07-31 15:00:00,23.1,89.4,,,
003893,1,2015207N22091,2015,50,NI,KOMEN,2015-07-31 18:00:00,23.1,89.4,,,
003894,1,2015207N22091,2015,50,NI,KOMEN,2015-07-31 21:00:00,23.2,89.3,,,
003895,1,2015207N22091,2015,50,NI,KOMEN,2015-08-01 00:00:00,23.2,89.2,,,
003896,1,2015207N22091,2015,50,NI,KOMEN,2015-08-01 03:00:00,23.2,89.2,,,
003897,1,2015207N22091,2015,50,NI,KOMEN,2015-08-01 06:00:00,23.5,88.8,,,
003898,1,2015207N22091,2015,50,NI,KOMEN,2015-08-01 09:00:00,23.7,88.6,,,
003899,1,2015207N22091,2015,50,NI,KOMEN,2015-08-01 12:00:00,23.8,88.4,,,
003900,1,2015207N22091,2015,50,NI,KOMEN,2015-08-01 15:00:00,23.8,88.0,,,
003901,1,2015207N22091,2015,50,NI,KOMEN,2015-08-01 18:00:00,23.8,87.5,,,
003902,1,2015207N22091,2015,50,NI,KOMEN,2015-08-01 21:00:00,23.9,87.2,,,
003903,1,2015207N22091,2015,50,NI,KOMEN,2015-08-02 00:00:00,23.8,86.7,,,
003904,1,2015207N22091,2015,50,NI,KOMEN,2015-08-02 03:00:00,23.5,86.0,,,
003905,1,2015207N22091,2015,50,NI,KOMEN,2015-08-02 06:00:00,23.3,85.7,,,
003906,1,2015207N22091,2015,50,NI,KOMEN,2015-08-02 09:00:00,23.1,85.5,,,
003907,1,2015301N11065,2015,98,NI,CHAPALA,2015-10-27 12:00:00,10.7,65.1,25.0,1004.0,
003908,1,2015301N11065,2015,98,NI,CHAPALA,2015-10-27 15:00:00,10.9,65.0,25.0,1004.0,
003909,1,2015301N11065,2015,98,NI,CHAPALA,2015-10-27 18:00:00,11.1,64.9,25.0,1004.0,
003910,1,2015301N11065,2015,98,NI,CHAPALA,2015-10-27 21:00:00,11.3,64.8,28.0,1002.0,
003911,1,2015301N11065,2015,98,NI,CHAPALA,2015-10-28 00:00:00,11.6,64.7,30.0,1000.0,
003912,1,2015301N11065,2015,98,NI,CHAPALA,2015-10-28 03:00:00,11.8,64.7,33.0,998.0,
003913,1,2015301N11065,2015,98,NI,CHAPALA,2015-10-28 06:00:00,12.0,64.8,35.0,996.0,
003914,1,2015301N11065,2015,98,NI,CHAPALA,2015-10-28 09:00:00,12.4,64.8,35.0,996.0,
003915,1,2015301N11065,2015,98,NI,CHAPALA,2015-10-28 12:00:00,12.7,64.8,45.0,989.0,
003916,1,2015301N11065,2015,98,NI,CHAPALA,2015-10-28 15:00:00,12.9,64.8,45.0,989.0,
003917,1,2015301N11065,2015,98,NI,CHAPALA,2015-10-28 18:00:00,13.1,64.6,45.0,989.0,
003918,1,2015301N11065,2015,98,NI,CHAPALA,2015-10-28 21:00:00,13.3,64.4,45.0,989.0,
003919,1,2015301N11065,2015,98,NI,CHAPALA,2015-10-29 00:00:00,13.6,64.3,50.0,985.0,
003920,1,2015301N11065,2015,98,NI,CHAPALA,2015-10-29 03:00:00,13.7,64.1,53.0,984.0,
003921,1,2015301N11065,2015,98,NI,CHAPALA,2015-10-29 06:00:00,13.9,63.8,55.0,982.0,
003922,1,2015301N11065,2015,98,NI,CHAPALA,2015-10-29 09:00:00,14.0,63.5,60.0,978.0,
003923,1,2015301N11065,2015,98,NI,CHAPALA,2015-10-29 12:00:00,14.2,63.2,65.0,974.0,
003924,1,2015301N11065,2015,98,NI,CHAPALA,2015-10-29 15:00:00,14.3,62.8,73.0,969.0,
003925,1,2015301N11065,2015,98,NI,CHAPALA,2015-10-29 18:00:00,14.3,62.5,80.0,963.0,
003926,1,2015301N11065,2015,98,NI,CHAPALA,2015-10-29 21:00:00,14.3,62.2,90.0,956.0,
003927,1,2015301N11065,2015,98,NI,CHAPALA,2015-10-30 00:00:00,14.3,61.8,100.0,948.0,
003928,1,2015301N11065,2015,98,NI,CHAPALA,2015-10-30 03:00:00,14.2,61.5,115.0,937.0,
003929,1,2015301N11065,2015,98,NI,CHAPALA,2015-10-30 06:00:00,14.2,61.1,130.0,926.0,
003930,1,2015301N11065,2015,98,NI,CHAPALA,2015-10-30 09:00:00,14.1,60.8,128.0,928.0,
003931,1,2015301N11065,2015,98,NI,CHAPALA,2015-10-30 12:00:00,14.1,60.6,125.0,929.0,
003932,1,2015301N11065,2015,98,NI,CHAPALA,2015-10-30 15:00:00,14.0,60.4,123.0,931.0,
003933,1,2015301N11065,2015,98,NI,CHAPALA,2015-10-30 18:00:00,13.9,60.2,120.0,933.0,
003934,1,2015301N11065,2015,98,NI,CHAPALA,2015-10-30 21:00:00,13.9,59.9,118.0,935.0,
003935,1,2015301N11065,2015,98,NI,CHAPALA,2015-10-31 00:00:00,13.8,59.6,115.0,937.0,
003936,1,2015301N11065,2015,98,NI,CHAPALA,2015-10-31 03:00:00,13.8,59.2,113.0,939.0,
003937,1,2015301N11065,2015,98,NI,CHAPALA,2015-10-31 06:00:00,13.8,58.7,110.0,941.0,
003938,1,2015301N11065,2015,98,NI,CHAPALA,2015-10-31 09:00:00,13.8,58.3,110.0,941.0,
003939,1,2015301N11065,2015,98,NI,CHAPALA,2015-10-31 12:00:00,13.8,57.9,110.0,941.0,
003940,1,2015301N11065,2015,98,NI,CHAPALA,2015-10-31 15:00:00,13.8,57.5,110.0,941.0,
003941,1,2015301N11065,2015,98,NI,CHAPALA,2015-10-31 18:00:00,13.8,57.2,110.0,941.0,
003942,1,2015301N11065,2015,98,NI,CHAPALA,2015-10-31 21:00:00,13.7,56.8,113.0,939.0,
003943,1,2015301N11065,2015,98,NI,CHAPALA,2015-11-01 00:00:00,13.7,56.4,115.0,937.0,
003944,1,2015301N11065,2015,98,NI,CHAPALA,2015-11-01 03:00:00,13.6,56.1,115.0,937.0,
003945,1,2015301N11065,2015,98,NI,CHAPALA,2015-11-01 06:00:00,13.6,55.7,115.0,937.0,
003946,1,2015301N11065,2015,98,NI,CHAPALA,2015-11-01 09:00:00,13.5,55.2,118.0,935.0,
003947,1,2015301N11065,2015,98,NI,CHAPALA,2015-11-01 12:00:00,13.6,54.7,120.0,933.0,
003948,1,2015301N11065,2015,98,NI,CHAPALA,2015-11-01 15:00:00,13.5,54.2,120.0,933.0,
003949,1,2015301N11065,2015,98,NI,CHAPALA,2015-11-01 18:00:00,13.4,53.7,120.0,933.0,
003950,1,2015301N11065,2015,98,NI,CHAPALA,2015-11-01 21:00:00,13.3,53.1,115.0,937.0,
003951,1,2015301N11065,2015,98,NI,CHAPALA,2015-11-02 00:00:00,13.2,52.6,110.0,941.0,
003952,1,2015301N11065,2015,98,NI,CHAPALA,2015-11-02 03:00:00,13.2,52.2,108.0,943.0,
003953,1,2015301N11065,2015,98,NI,CHAPALA,2015-11-02 06:00:00,13.3,51.6,105.0,944.0,
003954,1,2015301N11065,2015,98,NI,CHAPALA,2015-11-02 09:00:00,13.3,51.0,103.0,946.0,
003955,1,2015301N11065,2015,98,NI,CHAPALA,2015-11-02 12:00:00,13.4,50.6,100.0,948.0,
003956,1,2015301N11065,2015,98,NI,CHAPALA,2015-11-02 15:00:00,13.5,50.0,95.0,952.0,
003957,1,2015301N11065,2015,98,NI,CHAPALA,2015-11-02 18:00:00,13.7,49.6,90.0,956.0,
003958,1,2015301N11065,2015,98,NI,CHAPALA,2015-11-02 21:00:00,13.8,49.3,83.0,962.0,
003959,1,2015301N11065,2015,98,NI,CHAPALA,2015-11-03 00:00:00,14.0,48.9,75.0,967.0,
003960,1,2015301N11065,2015,98,NI,CHAPALA,2015-11-03 03:00:00,14.1,48.4,60.0,978.0,
003961,1,2015301N11065,2015,98,NI,CHAPALA,2015-11-03 06:00:00,14.1,47.9,50.0,985.0,
003962,1,2015301N11065,2015,98,NI,CHAPALA,2015-11-03 09:00:00,14.1,47.6,45.0,989.0,
003963,1,2015301N11065,2015,98,NI,CHAPALA,2015-11-03 12:00:00,14.1,47.4,40.0,993.0,
003964,1,2015301N11065,2015,98,NI,CHAPALA,2015-11-03 15:00:00,14.2,47.2,35.0,997.0,
003965,1,2015301N11065,2015,98,NI,CHAPALA,2015-11-03 18:00:00,14.3,47.1,30.0,1000.0,
003966,1,2015301N11065,2015,98,NI,CHAPALA,2015-11-03 21:00:00,14.5,46.8,,,
003967,1,2015301N11065,2015,98,NI,CHAPALA,2015-11-04 00:00:00,14.8,46.5,,,
003968,1,2015309N14067,2015,99,NI,MEGH,2015-11-04 12:00:00,14.0,66.9,20.0,1007.0,
003969,1,2015309N14067,2015,99,NI,MEGH,2015-11-04 15:00:00,14.0,66.6,23.0,1006.0,
003970,1,2015309N14067,2015,99,NI,MEGH,2015-11-04 18:00:00,14.0,66.4,25.0,1004.0,
003971,1,2015309N14067,2015,99,NI,MEGH,2015-11-04 21:00:00,14.1,66.1,28.0,1002.0,
003972,1,2015309N14067,2015,99,NI,MEGH,2015-11-05 00:00:00,14.1,65.8,30.0,1000.0,
003973,1,2015309N14067,2015,99,NI,MEGH,2015-11-05 03:00:00,14.1,65.4,33.0,998.0,
003974,1,2015309N14067,2015,99,NI,MEGH,2015-11-05 06:00:00,14.0,64.8,35.0,996.0,
003975,1,2015309N14067,2015,99,NI,MEGH,2015-11-05 09:00:00,14.0,64.3,35.0,996.0,
003976,1,2015309N14067,2015,99,NI,MEGH,2015-11-05 12:00:00,14.0,64.0,35.0,996.0,
003977,1,2015309N14067,2015,99,NI,MEGH,2015-11-05 15:00:00,13.9,63.6,38.0,995.0,
003978,1,2015309N14067,2015,99,NI,MEGH,2015-11-05 18:00:00,13.8,63.3,40.0,993.0,
003979,1,2015309N14067,2015,99,NI,MEGH,2015-11-05 21:00:00,13.7,62.9,40.0,993.0,
003980,1,2015309N14067,2015,99,NI,MEGH,2015-11-06 00:00:00,13.6,62.5,40.0,993.0,
003981,1,2015309N14067,2015,99,NI,MEGH,2015-11-06 03:00:00,13.4,62.2,43.0,991.0,
003982,1,2015309N14067,2015,99,NI,MEGH,2015-11-06 06:00:00,13.3,61.9,45.0,989.0,
003983,1,2015309N14067,2015,99,NI,MEGH,2015-11-06 09:00:00,13.1,61.6,45.0,989.0,
003984,1,2015309N14067,2015,99,NI,MEGH,2015-11-06 12:00:00,13.1,61.2,45.0,989.0,
003985,1,2015309N14067,2015,99,NI,MEGH,2015-11-06 15:00:00,12.9,60.9,45.0,989.0,
003986,1,2015309N14067,2015,99,NI,MEGH,2015-11-06 18:00:00,12.9,60.7,45.0,989.0,
003987,1,2015309N14067,2015,99,NI,MEGH,2015-11-06 21:00:00,12.8,60.4,50.0,986.0,
003988,1,2015309N14067,2015,99,NI,MEGH,2015-11-07 00:00:00,12.8,60.1,55.0,982.0,
003989,1,2015309N14067,2015,99,NI,MEGH,2015-11-07 03:00:00,12.8,59.6,60.0,978.0,
003990,1,2015309N14067,2015,99,NI,MEGH,2015-11-07 06:00:00,12.7,59.3,65.0,974.0,
003991,1,2015309N14067,2015,99,NI,MEGH,2015-11-07 09:00:00,12.7,58.8,73.0,969.0,
003992,1,2015309N14067,2015,99,NI,MEGH,2015-11-07 12:00:00,12.8,58.4,80.0,963.0,
003993,1,2015309N14067,2015,99,NI,MEGH,2015-11-07 15:00:00,12.7,57.9,85.0,960.0,
003994,1,2015309N14067,2015,99,NI,MEGH,2015-11-07 18:00:00,12.8,57.3,90.0,956.0,
003995,1,2015309N14067,2015,99,NI,MEGH,2015-11-07 21:00:00,12.7,56.7,98.0,950.0,
003996,1,2015309N14067,2015,99,NI,MEGH,2015-11-08 00:00:00,12.7,56.1,105.0,944.0,
003997,1,2015309N14067,2015,99,NI,MEGH,2015-11-08 03:00:00,12.7,55.5,108.0,943.0,
003998,1,2015309N14067,2015,99,NI,MEGH,2015-11-08 06:00:00,12.7,54.9,110.0,941.0,
003999,1,2015309N14067,2015,99,NI,MEGH,2015-11-08 09:00:00,12.7,54.2,103.0,947.0,
004000,1,2015309N14067,2015,99,NI,MEGH,2015-11-08 12:00:00,12.7,53.5,95.0,952.0,
004001,1,2015309N14067,2015,99,NI,MEGH,2015-11-08 15:00:00,12.6,52.8,88.0,958.0,
004002,1,2015309N14067,2015,99,NI,MEGH,2015-11-08 18:00:00,12.5,52.3,80.0,963.0,
004003,1,2015309N14067,2015,99,NI,MEGH,2015-11-08 21:00:00,12.4,51.6,75.0,967.0,
004004,1,2015309N14067,2015,99,NI,MEGH,2015-11-09 00:00:00,12.3,50.9,70.0,970.0,
004005,1,2015309N14067,2015,99,NI,MEGH,2015-11-09 03:00:00,12.2,50.2,65.0,974.0,
004006,1,2015309N14067,2015,99,NI,MEGH,2015-11-09 06:00:00,12.3,49.6,60.0,978.0,
004007,1,2015309N14067,2015,99,NI,MEGH,2015-11-09 09:00:00,12.3,48.9,55.0,982.0,
004008,1,2015309N14067,2015,99,NI,MEGH,2015-11-09 12:00:00,12.5,48.3,50.0,985.0,
004009,1,2015309N14067,2015,99,NI,MEGH,2015-11-09 15:00:00,12.5,48.0,45.0,989.0,
004010,1,2015309N14067,2015,99,NI,MEGH,2015-11-09 18:00:00,12.6,47.6,40.0,993.0,
004011,1,2015309N14067,2015,99,NI,MEGH,2015-11-09 21:00:00,12.7,47.3,35.0,997.0,
004012,1,2015309N14067,2015,99,NI,MEGH,2015-11-10 00:00:00,12.9,47.0,30.0,1000.0,
004013,1,2015309N14067,2015,99,NI,MEGH,2015-11-10 03:00:00,13.0,46.8,28.0,1002.0,
004014,1,2015309N14067,2015,99,NI,MEGH,2015-11-10 06:00:00,13.3,46.6,25.0,1004.0,
004015,1,2015309N14067,2015,99,NI,MEGH,2015-11-10 09:00:00,13.5,46.6,23.0,1006.0,
004016,1,2015309N14067,2015,99,NI,MEGH,2015-11-10 12:00:00,13.7,46.6,20.0,1007.0,
004017,1,2016138N10081,2016,17,NI,ROANU,2016-05-17 00:00:00,10.0,80.8,25.0,1001.0,
004018,1,2016138N10081,2016,17,NI,ROANU,2016-05-17 03:00:00,10.5,81.0,25.0,1001.0,
004019,1,2016138N10081,2016,17,NI,ROANU,2016-05-17 06:00:00,10.8,81.1,25.0,1000.0,
004020,1,2016138N10081,2016,17,NI,ROANU,2016-05-17 09:00:00,11.2,81.1,28.0,1000.0,
004021,1,2016138N10081,2016,17,NI,ROANU,2016-05-17 12:00:00,11.7,81.1,30.0,1000.0,
004022,1,2016138N10081,2016,17,NI,ROANU,2016-05-17 15:00:00,12.1,81.1,33.0,998.0,
004023,1,2016138N10081,2016,17,NI,ROANU,2016-05-17 18:00:00,12.5,81.1,35.0,996.0,
004024,1,2016138N10081,2016,17,NI,ROANU,2016-05-17 21:00:00,12.8,81.2,38.0,995.0,
004025,1,2016138N10081,2016,17,NI,ROANU,2016-05-18 00:00:00,13.1,81.2,40.0,993.0,
004026,1,2016138N10081,2016,17,NI,ROANU,2016-05-18 03:00:00,13.4,81.3,43.0,991.0,
004027,1,2016138N10081,2016,17,NI,ROANU,2016-05-18 06:00:00,13.9,81.3,45.0,989.0,
004028,1,2016138N10081,2016,17,NI,ROANU,2016-05-18 09:00:00,14.2,81.3,45.0,989.0,
004029,1,2016138N10081,2016,17,NI,ROANU,2016-05-18 12:00:00,14.4,81.3,45.0,989.0,
004030,1,2016138N10081,2016,17,NI,ROANU,2016-05-18 15:00:00,14.5,81.3,45.0,989.0,
004031,1,2016138N10081,2016,17,NI,ROANU,2016-05-18 18:00:00,14.7,81.3,45.0,989.0,
004032,1,2016138N10081,2016,17,NI,ROANU,2016-05-18 21:00:00,14.9,81.4,45.0,989.0,
004033,1,2016138N10081,2016,17,NI,ROANU,2016-05-19 00:00:00,15.1,81.6,45.0,989.0,
004034,1,2016138N10081,2016,17,NI,ROANU,2016-05-19 03:00:00,15.4,81.8,48.0,987.0,
004035,1,2016138N10081,2016,17,NI,ROANU,2016-05-19 06:00:00,15.4,82.0,50.0,985.0,
004036,1,2016138N10081,2016,17,NI,ROANU,2016-05-19 09:00:00,15.5,82.2,50.0,985.0,
004037,1,2016138N10081,2016,17,NI,ROANU,2016-05-19 12:00:00,15.8,82.5,50.0,985.0,
004038,1,2016138N10081,2016,17,NI,ROANU,2016-05-19 15:00:00,16.1,82.8,48.0,987.0,
004039,1,2016138N10081,2016,17,NI,ROANU,2016-05-19 18:00:00,16.5,83.1,45.0,989.0,
004040,1,2016138N10081,2016,17,NI,ROANU,2016-05-19 21:00:00,16.9,83.5,45.0,989.0,
004041,1,2016138N10081,2016,17,NI,ROANU,2016-05-20 00:00:00,17.4,84.0,45.0,989.0,
004042,1,2016138N10081,2016,17,NI,ROANU,2016-05-20 03:00:00,18.1,84.7,48.0,987.0,
004043,1,2016138N10081,2016,17,NI,ROANU,2016-05-20 06:00:00,18.6,85.1,50.0,985.0,
004044,1,2016138N10081,2016,17,NI,ROANU,2016-05-20 09:00:00,18.9,85.6,53.0,984.0,
004045,1,2016138N10081,2016,17,NI,ROANU,2016-05-20 12:00:00,19.4,86.7,55.0,982.0,
004046,1,2016138N10081,2016,17,NI,ROANU,2016-05-20 15:00:00,19.8,87.3,55.0,982.0,
004047,1,2016138N10081,2016,17,NI,ROANU,2016-05-20 18:00:00,20.2,88.0,55.0,982.0,
004048,1,2016138N10081,2016,17,NI,ROANU,2016-05-20 21:00:00,20.5,88.7,58.0,980.0,
004049,1,2016138N10081,2016,17,NI,ROANU,2016-05-21 00:00:00,20.9,89.4,60.0,978.0,
004050,1,2016138N10081,2016,17,NI,ROANU,2016-05-21 03:00:00,21.4,90.4,58.0,980.0,
004051,1,2016138N10081,2016,17,NI,ROANU,2016-05-21 06:00:00,21.9,91.0,55.0,982.0,
004052,1,2016138N10081,2016,17,NI,ROANU,2016-05-21 09:00:00,22.6,91.5,48.0,988.0,
004053,1,2016138N10081,2016,17,NI,ROANU,2016-05-21 12:00:00,23.0,92.0,40.0,993.0,
004054,1,2016138N10081,2016,17,NI,ROANU,2016-05-21 15:00:00,23.5,93.0,,,
004055,1,2016138N10081,2016,17,NI,ROANU,2016-05-21 18:00:00,24.0,94.0,,,
004056,1,2016138N10081,2016,17,NI,ROANU,2016-05-21 21:00:00,24.3,94.5,,,
004057,1,2016138N10081,2016,17,NI,ROANU,2016-05-22 00:00:00,24.5,94.7,,,
004058,1,2016295N13089,2016,82,NI,KYANT,2016-10-21 00:00:00,13.5,88.5,,,
004059,1,2016295N13089,2016,82,NI,KYANT,2016-10-21 03:00:00,13.6,88.8,,,
004060,1,2016295N13089,2016,82,NI,KYANT,2016-10-21 06:00:00,13.7,89.3,,,
004061,1,2016295N13089,2016,82,NI,KYANT,2016-10-21 09:00:00,13.8,89.6,,,
004062,1,2016295N13089,2016,82,NI,KYANT,2016-10-21 12:00:00,13.9,89.8,,,
004063,1,2016295N13089,2016,82,NI,KYANT,2016-10-21 15:00:00,13.9,89.9,,,
004064,1,2016295N13089,2016,82,NI,KYANT,2016-10-21 18:00:00,13.9,89.9,,,
004065,1,2016295N13089,2016,82,NI,KYANT,2016-10-21 21:00:00,13.9,89.9,,,
004066,1,2016295N13089,2016,82,NI,KYANT,2016-10-22 00:00:00,13.9,90.1,25.0,1004.0,
004067,1,2016295N13089,2016,82,NI,KYANT,2016-10-22 03:00:00,14.1,90.7,25.0,1005.0,
004068,1,2016295N13089,2016,82,NI,KYANT,2016-10-22 06:00:00,14.5,91.4,25.0,1005.0,
004069,1,2016295N13089,2016,82,NI,KYANT,2016-10-22 09:00:00,14.8,91.8,25.0,1005.0,
004070,1,2016295N13089,2016,82,NI,KYANT,2016-10-22 12:00:00,14.9,92.1,25.0,1005.0,
004071,1,2016295N13089,2016,82,NI,KYANT,2016-10-22 15:00:00,15.1,92.3,25.0,1005.0,
004072,1,2016295N13089,2016,82,NI,KYANT,2016-10-22 18:00:00,15.3,92.5,25.0,1004.0,
004073,1,2016295N13089,2016,82,NI,KYANT,2016-10-22 21:00:00,15.4,92.6,25.0,1004.0,
004074,1,2016295N13089,2016,82,NI,KYANT,2016-10-23 00:00:00,15.5,92.8,25.0,1004.0,
004075,1,2016295N13089,2016,82,NI,KYANT,2016-10-23 03:00:00,15.6,92.8,28.0,1002.0,
004076,1,2016295N13089,2016,82,NI,KYANT,2016-10-23 06:00:00,15.6,92.8,30.0,1000.0,
004077,1,2016295N13089,2016,82,NI,KYANT,2016-10-23 09:00:00,15.7,92.9,30.0,1001.0,
004078,1,2016295N13089,2016,82,NI,KYANT,2016-10-23 12:00:00,15.8,93.0,30.0,1001.0,
004079,1,2016295N13089,2016,82,NI,KYANT,2016-10-23 15:00:00,15.9,93.0,30.0,1001.0,
004080,1,2016295N13089,2016,82,NI,KYANT,2016-10-23 18:00:00,16.0,93.1,30.0,1000.0,
004081,1,2016295N13089,2016,82,NI,KYANT,2016-10-23 21:00:00,16.1,93.1,30.0,1000.0,
004082,1,2016295N13089,2016,82,NI,KYANT,2016-10-24 00:00:00,16.3,93.1,30.0,1000.0,
004083,1,2016295N13089,2016,82,NI,KYANT,2016-10-24 03:00:00,16.3,93.1,30.0,1000.0,
004084,1,2016295N13089,2016,82,NI,KYANT,2016-10-24 06:00:00,16.5,93.1,30.0,1000.0,
004085,1,2016295N13089,2016,82,NI,KYANT,2016-10-24 09:00:00,16.7,92.8,30.0,1000.0,
004086,1,2016295N13089,2016,82,NI,KYANT,2016-10-24 12:00:00,16.7,92.5,30.0,1000.0,
004087,1,2016295N13089,2016,82,NI,KYANT,2016-10-24 15:00:00,16.7,92.3,30.0,1000.0,
004088,1,2016295N13089,2016,82,NI,KYANT,2016-10-24 18:00:00,16.7,92.2,30.0,1000.0,
004089,1,2016295N13089,2016,82,NI,KYANT,2016-10-24 21:00:00,16.7,92.0,33.0,998.0,
004090,1,2016295N13089,2016,82,NI,KYANT,2016-10-25 00:00:00,16.8,91.7,35.0,996.0,
004091,1,2016295N13089,2016,82,NI,KYANT,2016-10-25 03:00:00,16.8,91.4,38.0,995.0,
004092,1,2016295N13089,2016,82,NI,KYANT,2016-10-25 06:00:00,16.8,91.1,40.0,993.0,
004093,1,2016295N13089,2016,82,NI,KYANT,2016-10-25 09:00:00,16.7,90.8,38.0,995.0,
004094,1,2016295N13089,2016,82,NI,KYANT,2016-10-25 12:00:00,16.8,90.6,35.0,996.0,
004095,1,2016295N13089,2016,82,NI,KYANT,2016-10-25 15:00:00,16.6,90.2,35.0,996.0,
004096,1,2016295N13089,2016,82,NI,KYANT,2016-10-25 18:00:00,16.6,89.8,35.0,996.0,
004097,1,2016295N13089,2016,82,NI,KYANT,2016-10-25 21:00:00,16.4,89.5,35.0,996.0,
004098,1,2016295N13089,2016,82,NI,KYANT,2016-10-26 00:00:00,16.4,89.0,35.0,996.0,
004099,1,2016295N13089,2016,82,NI,KYANT,2016-10-26 03:00:00,16.3,88.5,33.0,998.0,
004100,1,2016295N13089,2016,82,NI,KYANT,2016-10-26 06:00:00,16.3,87.9,30.0,1000.0,
004101,1,2016295N13089,2016,82,NI,KYANT,2016-10-26 09:00:00,16.2,87.4,30.0,1000.0,
004102,1,2016295N13089,2016,82,NI,KYANT,2016-10-26 12:00:00,16.2,87.0,30.0,1000.0,
004103,1,2016295N13089,2016,82,NI,KYANT,2016-10-26 15:00:00,16.1,86.6,28.0,1002.0,
004104,1,2016295N13089,2016,82,NI,KYANT,2016-10-26 18:00:00,16.0,86.3,25.0,1004.0,
004105,1,2016295N13089,2016,82,NI,KYANT,2016-10-26 21:00:00,15.9,85.8,25.0,1004.0,
004106,1,2016295N13089,2016,82,NI,KYANT,2016-10-27 00:00:00,15.8,85.4,25.0,1004.0,
004107,1,2016295N13089,2016,82,NI,KYANT,2016-10-27 03:00:00,15.7,84.8,25.0,1004.0,
004108,1,2016295N13089,2016,82,NI,KYANT,2016-10-27 06:00:00,15.7,84.4,25.0,1004.0,
004109,1,2016295N13089,2016,82,NI,KYANT,2016-10-27 09:00:00,15.6,83.9,25.0,1005.0,
004110,1,2016295N13089,2016,82,NI,KYANT,2016-10-27 12:00:00,15.6,83.6,25.0,1006.0,
004111,1,2016295N13089,2016,82,NI,KYANT,2016-10-27 15:00:00,15.4,83.3,25.0,1006.0,
004112,1,2016295N13089,2016,82,NI,KYANT,2016-10-27 18:00:00,15.3,83.0,25.0,1006.0,
004113,1,2016295N13089,2016,82,NI,KYANT,2016-10-27 21:00:00,15.2,82.8,25.0,1006.0,
004114,1,2016295N13089,2016,82,NI,KYANT,2016-10-28 00:00:00,15.1,82.6,25.0,1005.0,
004115,1,2016295N13089,2016,82,NI,KYANT,2016-10-28 03:00:00,15.0,82.4,25.0,1005.0,
004116,1,2016295N13089,2016,82,NI,KYANT,2016-10-28 06:00:00,14.9,82.1,25.0,1004.0,
004117,1,2016295N13089,2016,82,NI,KYANT,2016-10-28 09:00:00,14.8,81.9,25.0,1004.0,
004118,1,2016295N13089,2016,82,NI,KYANT,2016-10-28 12:00:00,14.6,81.7,25.0,1004.0,
004119,1,2016295N13089,2016,82,NI,KYANT,2016-10-28 15:00:00,14.4,81.5,23.0,1006.0,
004120,1,2016295N13089,2016,82,NI,KYANT,2016-10-28 18:00:00,14.3,81.3,20.0,1007.0,
004121,1,2016295N13089,2016,82,NI,KYANT,2016-10-28 21:00:00,14.2,81.2,20.0,1007.0,
004122,1,2016295N13089,2016,82,NI,KYANT,2016-10-29 00:00:00,14.2,81.2,20.0,1007.0,
004123,1,2016295N13089,2016,82,NI,KYANT,2016-10-29 03:00:00,14.1,81.1,20.0,1007.0,
004124,1,2016295N13089,2016,82,NI,KYANT,2016-10-29 06:00:00,14.0,81.0,20.0,1007.0,
004125,1,2016335N07088,2016,91,NI,NADA,2016-11-29 12:00:00,6.8,87.7,30.0,1000.0,
004126,1,2016335N07088,2016,91,NI,NADA,2016-11-29 15:00:00,7.2,87.3,33.0,998.0,
004127,1,2016335N07088,2016,91,NI,NADA,2016-11-29 18:00:00,7.5,86.8,35.0,996.0,
004128,1,2016335N07088,2016,91,NI,NADA,2016-11-29 21:00:00,7.8,86.3,38.0,995.0,
004129,1,2016335N07088,2016,91,NI,NADA,2016-11-30 00:00:00,8.2,85.9,40.0,993.0,
004130,1,2016335N07088,2016,91,NI,NADA,2016-11-30 03:00:00,8.6,85.3,43.0,991.0,
004131,1,2016335N07088,2016,91,NI,NADA,2016-11-30 06:00:00,9.0,84.9,45.0,989.0,
004132,1,2016335N07088,2016,91,NI,NADA,2016-11-30 09:00:00,9.6,84.3,45.0,989.0,
004133,1,2016335N07088,2016,91,NI,NADA,2016-11-30 12:00:00,9.8,83.9,45.0,989.0,
004134,1,2016335N07088,2016,91,NI,NADA,2016-11-30 15:00:00,10.0,83.4,45.0,989.0,
004135,1,2016335N07088,2016,91,NI,NADA,2016-11-30 18:00:00,10.3,83.0,45.0,989.0,
004136,1,2016335N07088,2016,91,NI,NADA,2016-11-30 21:00:00,10.3,82.2,43.0,991.0,
004137,1,2016335N07088,2016,91,NI,NADA,2016-12-01 00:00:00,10.4,82.0,40.0,993.0,
004138,1,2016335N07088,2016,91,NI,NADA,2016-12-01 03:00:00,10.4,81.7,40.0,993.0,
004139,1,2016335N07088,2016,91,NI,NADA,2016-12-01 06:00:00,10.5,81.3,40.0,993.0,
004140,1,2016335N07088,2016,91,NI,NADA,2016-12-01 09:00:00,10.6,80.9,38.0,995.0,
004141,1,2016335N07088,2016,91,NI,NADA,2016-12-01 12:00:00,10.8,80.6,35.0,996.0,
004142,1,2016335N07088,2016,91,NI,NADA,2016-12-01 15:00:00,10.8,80.4,30.0,1000.0,
004143,1,2016335N07088,2016,91,NI,NADA,2016-12-01 18:00:00,10.8,80.1,25.0,1004.0,
004144,1,2016335N07088,2016,91,NI,NADA,2016-12-01 21:00:00,10.8,79.9,23.0,1006.0,
004145,1,2016335N07088,2016,91,NI,NADA,2016-12-02 00:00:00,10.9,79.6,20.0,1007.0,
004146,1,2016335N07088,2016,91,NI,NADA,2016-12-02 03:00:00,11.0,79.3,20.0,1007.0,
004147,1,2016335N07088,2016,91,NI,NADA,2016-12-02 06:00:00,11.0,78.9,20.0,1007.0,
004148,1,2016341N08092,2016,92,NI,VARDAH,2016-12-06 06:00:00,7.8,91.7,30.0,1000.0,
004149,1,2016341N08092,2016,92,NI,VARDAH,2016-12-06 09:00:00,8.2,91.3,30.0,1000.0,
004150,1,2016341N08092,2016,92,NI,VARDAH,2016-12-06 12:00:00,8.4,91.0,30.0,1000.0,
004151,1,2016341N08092,2016,92,NI,VARDAH,2016-12-06 15:00:00,8.7,91.0,30.0,1002.0,
004152,1,2016341N08092,2016,92,NI,VARDAH,2016-12-06 18:00:00,9.1,91.0,30.0,1004.0,
004153,1,2016341N08092,2016,92,NI,VARDAH,2016-12-06 21:00:00,9.4,91.0,30.0,1004.0,
004154,1,2016341N08092,2016,92,NI,VARDAH,2016-12-07 00:00:00,9.6,91.0,30.0,1004.0,
004155,1,2016341N08092,2016,92,NI,VARDAH,2016-12-07 03:00:00,9.8,91.1,30.0,1003.0,
004156,1,2016341N08092,2016,92,NI,VARDAH,2016-12-07 06:00:00,9.9,91.2,30.0,1001.0,
004157,1,2016341N08092,2016,92,NI,VARDAH,2016-12-07 09:00:00,10.1,91.2,30.0,1001.0,
004158,1,2016341N08092,2016,92,NI,VARDAH,2016-12-07 12:00:00,10.3,91.3,30.0,1000.0,
004159,1,2016341N08092,2016,92,NI,VARDAH,2016-12-07 15:00:00,10.5,91.3,35.0,997.0,
004160,1,2016341N08092,2016,92,NI,VARDAH,2016-12-07 18:00:00,10.8,91.3,40.0,993.0,
004161,1,2016341N08092,2016,92,NI,VARDAH,2016-12-07 21:00:00,11.0,91.3,43.0,995.0,
004162,1,2016341N08092,2016,92,NI,VARDAH,2016-12-08 00:00:00,11.1,91.3,45.0,997.0,
004163,1,2016341N08092,2016,92,NI,VARDAH,2016-12-08 03:00:00,11.3,91.3,45.0,996.0,
004164,1,2016341N08092,2016,92,NI,VARDAH,2016-12-08 06:00:00,11.4,91.3,45.0,995.0,
004165,1,2016341N08092,2016,92,NI,VARDAH,2016-12-08 09:00:00,11.4,91.2,45.0,995.0,
004166,1,2016341N08092,2016,92,NI,VARDAH,2016-12-08 12:00:00,11.4,91.2,45.0,995.0,
004167,1,2016341N08092,2016,92,NI,VARDAH,2016-12-08 15:00:00,11.5,91.1,45.0,992.0,
004168,1,2016341N08092,2016,92,NI,VARDAH,2016-12-08 18:00:00,11.6,91.0,45.0,989.0,
004169,1,2016341N08092,2016,92,NI,VARDAH,2016-12-08 21:00:00,11.7,90.9,45.0,989.0,
004170,1,2016341N08092,2016,92,NI,VARDAH,2016-12-09 00:00:00,11.8,90.7,45.0,989.0,
004171,1,2016341N08092,2016,92,NI,VARDAH,2016-12-09 03:00:00,11.9,90.6,45.0,989.0,
004172,1,2016341N08092,2016,92,NI,VARDAH,2016-12-09 06:00:00,12.0,90.5,45.0,989.0,
004173,1,2016341N08092,2016,92,NI,VARDAH,2016-12-09 09:00:00,12.1,90.3,48.0,987.0,
004174,1,2016341N08092,2016,92,NI,VARDAH,2016-12-09 12:00:00,12.2,90.0,50.0,985.0,
004175,1,2016341N08092,2016,92,NI,VARDAH,2016-12-09 15:00:00,12.2,89.7,53.0,984.0,
004176,1,2016341N08092,2016,92,NI,VARDAH,2016-12-09 18:00:00,12.3,89.4,55.0,982.0,
004177,1,2016341N08092,2016,92,NI,VARDAH,2016-12-09 21:00:00,12.5,88.8,55.0,984.0,
004178,1,2016341N08092,2016,92,NI,VARDAH,2016-12-10 00:00:00,12.6,88.3,55.0,985.0,
004179,1,2016341N08092,2016,92,NI,VARDAH,2016-12-10 03:00:00,12.7,87.8,58.0,987.0,
004180,1,2016341N08092,2016,92,NI,VARDAH,2016-12-10 06:00:00,12.9,87.3,60.0,989.0,
004181,1,2016341N08092,2016,92,NI,VARDAH,2016-12-10 09:00:00,13.0,86.7,63.0,987.0,
004182,1,2016341N08092,2016,92,NI,VARDAH,2016-12-10 12:00:00,13.0,86.4,65.0,985.0,
004183,1,2016341N08092,2016,92,NI,VARDAH,2016-12-10 15:00:00,13.1,85.9,68.0,978.0,
004184,1,2016341N08092,2016,92,NI,VARDAH,2016-12-10 18:00:00,13.1,85.4,70.0,970.0,
004185,1,2016341N08092,2016,92,NI,VARDAH,2016-12-10 21:00:00,13.0,85.1,73.0,969.0,
004186,1,2016341N08092,2016,92,NI,VARDAH,2016-12-11 00:00:00,13.1,84.8,75.0,967.0,
004187,1,2016341N08092,2016,92,NI,VARDAH,2016-12-11 03:00:00,13.0,84.4,75.0,974.0,
004188,1,2016341N08092,2016,92,NI,VARDAH,2016-12-11 06:00:00,13.1,83.8,75.0,980.0,
004189,1,2016341N08092,2016,92,NI,VARDAH,2016-12-11 09:00:00,13.1,83.4,75.0,980.0,
004190,1,2016341N08092,2016,92,NI,VARDAH,2016-12-11 12:00:00,13.2,83.2,75.0,979.0,
004191,1,2016341N08092,2016,92,NI,VARDAH,2016-12-11 15:00:00,13.2,82.7,78.0,971.0,
004192,1,2016341N08092,2016,92,NI,VARDAH,2016-12-11 18:00:00,13.1,82.4,80.0,963.0,
004193,1,2016341N08092,2016,92,NI,VARDAH,2016-12-11 21:00:00,13.2,82.0,85.0,959.0,
004194,1,2016341N08092,2016,92,NI,VARDAH,2016-12-12 00:00:00,13.2,81.7,80.0,963.0,
004195,1,2016341N08092,2016,92,NI,VARDAH,2016-12-12 03:00:00,13.2,81.3,80.0,963.0,
004196,1,2016341N08092,2016,92,NI,VARDAH,2016-12-12 06:00:00,13.2,80.8,80.0,963.0,
004197,1,2016341N08092,2016,92,NI,VARDAH,2016-12-12 09:00:00,13.2,80.3,73.0,969.0,
004198,1,2016341N08092,2016,92,NI,VARDAH,2016-12-12 12:00:00,13.1,79.9,65.0,974.0,
004199,1,2016341N08092,2016,92,NI,VARDAH,2016-12-12 15:00:00,13.1,79.4,58.0,980.0,
004200,1,2016341N08092,2016,92,NI,VARDAH,2016-12-12 18:00:00,13.0,78.9,50.0,985.0,
004201,1,2016341N08092,2016,92,NI,VARDAH,2016-12-12 21:00:00,13.0,78.4,40.0,995.0,
004202,1,2016341N08092,2016,92,NI,VARDAH,2016-12-13 00:00:00,13.0,77.8,30.0,1005.0,
004203,1,2016341N08092,2016,92,NI,VARDAH,2016-12-13 03:00:00,13.0,77.4,28.0,1005.0,
004204,1,2016341N08092,2016,92,NI,VARDAH,2016-12-13 06:00:00,13.0,77.0,25.0,1004.0,
004205,1,2016341N08092,2016,92,NI,VARDAH,2016-12-13 09:00:00,13.0,76.5,25.0,1004.0,
004206,1,2016341N08092,2016,92,NI,VARDAH,2016-12-13 12:00:00,13.1,76.0,25.0,1004.0,
004207,1,2016341N08092,2016,92,NI,VARDAH,2016-12-13 15:00:00,13.2,75.6,23.0,1006.0,
004208,1,2016341N08092,2016,92,NI,VARDAH,2016-12-13 18:00:00,13.2,75.1,20.0,1007.0,
004209,1,2016341N08092,2016,92,NI,VARDAH,2016-12-13 21:00:00,13.2,74.5,20.0,1007.0,
004210,1,2016341N08092,2016,92,NI,VARDAH,2016-12-14 00:00:00,13.2,74.0,20.0,1007.0,
004211,1,2016341N08092,2016,92,NI,VARDAH,2016-12-14 03:00:00,13.2,73.6,20.0,1007.0,
004212,1,2016341N08092,2016,92,NI,VARDAH,2016-12-14 06:00:00,13.1,73.2,20.0,1007.0,
004213,1,2016341N08092,2016,92,NI,VARDAH,2016-12-14 09:00:00,13.0,72.9,23.0,1006.0,
004214,1,2016341N08092,2016,92,NI,VARDAH,2016-12-14 12:00:00,12.9,72.6,25.0,1004.0,
004215,1,2016341N08092,2016,92,NI,VARDAH,2016-12-14 15:00:00,12.8,72.2,25.0,1004.0,
004216,1,2016341N08092,2016,92,NI,VARDAH,2016-12-14 18:00:00,12.6,71.8,25.0,1004.0,
004217,1,2016341N08092,2016,92,NI,VARDAH,2016-12-14 21:00:00,12.4,71.4,25.0,1004.0,
004218,1,2016341N08092,2016,92,NI,VARDAH,2016-12-15 00:00:00,12.2,71.0,25.0,1004.0,
004219,1,2016341N08092,2016,92,NI,VARDAH,2016-12-15 03:00:00,12.0,70.6,25.0,1004.0,
004220,1,2016341N08092,2016,92,NI,VARDAH,2016-12-15 06:00:00,11.8,70.2,25.0,1004.0,
004221,1,2016341N08092,2016,92,NI,VARDAH,2016-12-15 09:00:00,11.6,69.9,25.0,1004.0,
004222,1,2016341N08092,2016,92,NI,VARDAH,2016-12-15 12:00:00,11.4,69.5,25.0,1004.0,
004223,1,2016341N08092,2016,92,NI,VARDAH,2016-12-15 15:00:00,11.2,69.0,25.0,1004.0,
004224,1,2016341N08092,2016,92,NI,VARDAH,2016-12-15 18:00:00,11.1,68.5,25.0,1004.0,
004225,1,2016341N08092,2016,92,NI,VARDAH,2016-12-15 21:00:00,11.1,68.0,28.0,1002.0,
004226,1,2016341N08092,2016,92,NI,VARDAH,2016-12-16 00:00:00,11.2,67.5,30.0,1000.0,
004227,1,2016341N08092,2016,92,NI,VARDAH,2016-12-16 03:00:00,11.2,66.9,30.0,1000.0,
004228,1,2016341N08092,2016,92,NI,VARDAH,2016-12-16 06:00:00,11.2,66.4,30.0,1000.0,
004229,1,2016341N08092,2016,92,NI,VARDAH,2016-12-16 09:00:00,11.2,65.9,30.0,1000.0,
004230,1,2016341N08092,2016,92,NI,VARDAH,2016-12-16 12:00:00,11.2,65.4,30.0,1000.0,
004231,1,2016341N08092,2016,92,NI,VARDAH,2016-12-16 15:00:00,11.2,64.9,30.0,1000.0,
004232,1,2016341N08092,2016,92,NI,VARDAH,2016-12-16 18:00:00,11.1,64.2,30.0,1000.0,
004233,1,2016341N08092,2016,92,NI,VARDAH,2016-12-16 21:00:00,11.0,63.1,30.0,1000.0,
004234,1,2016341N08092,2016,92,NI,VARDAH,2016-12-17 00:00:00,11.1,62.1,30.0,1000.0,
004235,1,2016341N08092,2016,92,NI,VARDAH,2016-12-17 03:00:00,11.2,61.4,30.0,1000.0,
004236,1,2016341N08092,2016,92,NI,VARDAH,2016-12-17 06:00:00,11.0,60.8,30.0,1000.0,
004237,1,2016341N08092,2016,92,NI,VARDAH,2016-12-17 09:00:00,10.8,60.3,30.0,1000.0,
004238,1,2016341N08092,2016,92,NI,VARDAH,2016-12-17 12:00:00,10.6,59.8,30.0,1000.0,
004239,1,2016341N08092,2016,92,NI,VARDAH,2016-12-17 15:00:00,10.2,59.1,33.0,998.0,
004240,1,2016341N08092,2016,92,NI,VARDAH,2016-12-17 18:00:00,9.8,58.3,35.0,996.0,
004241,1,2016341N08092,2016,92,NI,VARDAH,2016-12-17 21:00:00,9.5,57.4,35.0,996.0,
004242,1,2016341N08092,2016,92,NI,VARDAH,2016-12-18 00:00:00,9.4,56.8,35.0,996.0,
004243,1,2016341N08092,2016,92,NI,VARDAH,2016-12-18 03:00:00,9.3,56.1,35.0,996.0,
004244,1,2016341N08092,2016,92,NI,VARDAH,2016-12-18 06:00:00,9.3,55.4,35.0,996.0,
004245,1,2016341N08092,2016,92,NI,VARDAH,2016-12-18 09:00:00,9.3,54.6,35.0,996.0,
004246,1,2016341N08092,2016,92,NI,VARDAH,2016-12-18 12:00:00,9.3,53.7,35.0,996.0,
004247,1,2016341N08092,2016,92,NI,VARDAH,2016-12-18 15:00:00,9.3,52.9,35.0,996.0,
004248,1,2016341N08092,2016,92,NI,VARDAH,2016-12-18 18:00:00,9.2,52.1,35.0,996.0,
004249,1,2016341N08092,2016,92,NI,VARDAH,2016-12-18 21:00:00,9.1,51.5,30.0,1000.0,
004250,1,2016341N08092,2016,92,NI,VARDAH,2016-12-19 00:00:00,8.9,51.0,25.0,1004.0,
004251,1,2017104N08085,2017,18,NI,MAARUTHA,2017-04-14 00:00:00,8.2,85.3,25.0,1004.0,
004252,1,2017104N08085,2017,18,NI,MAARUTHA,2017-04-14 03:00:00,8.8,85.7,25.0,1005.0,
004253,1,2017104N08085,2017,18,NI,MAARUTHA,2017-04-14 06:00:00,9.4,86.1,25.0,1005.0,
004254,1,2017104N08085,2017,18,NI,MAARUTHA,2017-04-14 09:00:00,10.0,86.5,25.0,1005.0,
004255,1,2017104N08085,2017,18,NI,MAARUTHA,2017-04-14 12:00:00,10.5,86.9,25.0,1005.0,
004256,1,2017104N08085,2017,18,NI,MAARUTHA,2017-04-14 15:00:00,10.9,87.3,25.0,1005.0,
004257,1,2017104N08085,2017,18,NI,MAARUTHA,2017-04-14 18:00:00,11.3,87.6,25.0,1005.0,
004258,1,2017104N08085,2017,18,NI,MAARUTHA,2017-04-14 21:00:00,11.8,88.0,28.0,1003.0,
004259,1,2017104N08085,2017,18,NI,MAARUTHA,2017-04-15 00:00:00,12.2,88.3,30.0,1000.0,
004260,1,2017104N08085,2017,18,NI,MAARUTHA,2017-04-15 03:00:00,12.7,88.7,33.0,998.0,
004261,1,2017104N08085,2017,18,NI,MAARUTHA,2017-04-15 06:00:00,13.3,89.2,35.0,996.0,
004262,1,2017104N08085,2017,18,NI,MAARUTHA,2017-04-15 09:00:00,13.8,89.7,38.0,998.0,
004263,1,2017104N08085,2017,18,NI,MAARUTHA,2017-04-15 12:00:00,14.3,90.2,40.0,999.0,
004264,1,2017104N08085,2017,18,NI,MAARUTHA,2017-04-15 15:00:00,14.7,90.7,43.0,998.0,
004265,1,2017104N08085,2017,18,NI,MAARUTHA,2017-04-15 18:00:00,15.1,91.1,45.0,996.0,
004266,1,2017104N08085,2017,18,NI,MAARUTHA,2017-04-15 21:00:00,15.4,91.3,48.0,991.0,
004267,1,2017104N08085,2017,18,NI,MAARUTHA,2017-04-16 00:00:00,16.0,92.0,50.0,985.0,
004268,1,2017104N08085,2017,18,NI,MAARUTHA,2017-04-16 03:00:00,16.6,92.5,50.0,985.0,
004269,1,2017104N08085,2017,18,NI,MAARUTHA,2017-04-16 06:00:00,17.2,92.9,50.0,985.0,
004270,1,2017104N08085,2017,18,NI,MAARUTHA,2017-04-16 09:00:00,17.7,93.2,48.0,990.0,
004271,1,2017104N08085,2017,18,NI,MAARUTHA,2017-04-16 12:00:00,18.1,93.6,45.0,995.0,
004272,1,2017104N08085,2017,18,NI,MAARUTHA,2017-04-16 15:00:00,18.5,93.9,40.0,998.0,
004273,1,2017104N08085,2017,18,NI,MAARUTHA,2017-04-16 18:00:00,18.8,94.3,35.0,1001.0,
004274,1,2017104N08085,2017,18,NI,MAARUTHA,2017-04-16 21:00:00,19.3,94.8,33.0,1001.0,
004275,1,2017104N08085,2017,18,NI,MAARUTHA,2017-04-17 00:00:00,19.8,95.4,30.0,1000.0,
004276,1,2017147N14087,2017,27,NI,MORA,2017-05-27 06:00:00,13.9,87.4,25.0,1000.0,
004277,1,2017147N14087,2017,27,NI,MORA,2017-05-27 09:00:00,13.8,87.9,28.0,1000.0,
004278,1,2017147N14087,2017,27,NI,MORA,2017-05-27 12:00:00,13.8,88.4,30.0,1000.0,
004279,1,2017147N14087,2017,27,NI,MORA,2017-05-27 15:00:00,13.8,88.8,33.0,998.0,
004280,1,2017147N14087,2017,27,NI,MORA,2017-05-27 18:00:00,13.9,89.2,35.0,996.0,
004281,1,2017147N14087,2017,27,NI,MORA,2017-05-27 21:00:00,14.0,89.6,35.0,998.0,
004282,1,2017147N14087,2017,27,NI,MORA,2017-05-28 00:00:00,14.2,89.7,35.0,999.0,
004283,1,2017147N14087,2017,27,NI,MORA,2017-05-28 03:00:00,14.7,90.1,35.0,998.0,
004284,1,2017147N14087,2017,27,NI,MORA,2017-05-28 06:00:00,15.1,90.5,35.0,996.0,
004285,1,2017147N14087,2017,27,NI,MORA,2017-05-28 09:00:00,15.5,90.7,38.0,995.0,
004286,1,2017147N14087,2017,27,NI,MORA,2017-05-28 12:00:00,15.8,90.9,40.0,993.0,
004287,1,2017147N14087,2017,27,NI,MORA,2017-05-28 15:00:00,16.0,91.0,43.0,991.0,
004288,1,2017147N14087,2017,27,NI,MORA,2017-05-28 18:00:00,16.3,91.1,45.0,989.0,
004289,1,2017147N14087,2017,27,NI,MORA,2017-05-28 21:00:00,16.6,91.2,48.0,989.0,
004290,1,2017147N14087,2017,27,NI,MORA,2017-05-29 00:00:00,17.0,91.3,50.0,988.0,
004291,1,2017147N14087,2017,27,NI,MORA,2017-05-29 03:00:00,17.3,91.3,53.0,986.0,
004292,1,2017147N14087,2017,27,NI,MORA,2017-05-29 06:00:00,17.8,91.5,55.0,983.0,
004293,1,2017147N14087,2017,27,NI,MORA,2017-05-29 09:00:00,18.2,91.6,58.0,981.0,
004294,1,2017147N14087,2017,27,NI,MORA,2017-05-29 12:00:00,18.7,91.6,60.0,978.0,
004295,1,2017147N14087,2017,27,NI,MORA,2017-05-29 15:00:00,19.0,91.6,65.0,974.0,
004296,1,2017147N14087,2017,27,NI,MORA,2017-05-29 18:00:00,19.8,91.7,70.0,970.0,
004297,1,2017147N14087,2017,27,NI,MORA,2017-05-29 21:00:00,20.3,91.7,75.0,967.0,
004298,1,2017147N14087,2017,27,NI,MORA,2017-05-30 00:00:00,21.0,91.9,80.0,963.0,
004299,1,2017147N14087,2017,27,NI,MORA,2017-05-30 03:00:00,21.9,92.0,68.0,972.0,
004300,1,2017147N14087,2017,27,NI,MORA,2017-05-30 06:00:00,23.0,92.0,55.0,980.0,
004301,1,2017147N14087,2017,27,NI,MORA,2017-05-30 09:00:00,23.9,92.2,48.0,987.0,
004302,1,2017147N14087,2017,27,NI,MORA,2017-05-30 12:00:00,24.7,92.4,40.0,993.0,
004303,1,2017147N14087,2017,27,NI,MORA,2017-05-30 15:00:00,25.2,92.6,35.0,997.0,
004304,1,2017147N14087,2017,27,NI,MORA,2017-05-30 18:00:00,25.7,92.9,30.0,1000.0,
004305,1,2017232N19130,2017,62,WP,HATO,2017-08-19 12:00:00,19.1,130.1,,,
004306,1,2017232N19130,2017,62,WP,HATO,2017-08-19 15:00:00,19.3,129.6,,,
004307,1,2017232N19130,2017,62,WP,HATO,2017-08-19 18:00:00,19.0,129.6,,,
004308,1,2017232N19130,2017,62,WP,HATO,2017-08-19 21:00:00,19.1,129.2,,,
004309,1,2017232N19130,2017,62,WP,HATO,2017-08-20 00:00:00,19.3,128.8,,,
004310,1,2017232N19130,2017,62,WP,HATO,2017-08-20 03:00:00,19.4,128.3,,,
004311,1,2017232N19130,2017,62,WP,HATO,2017-08-20 06:00:00,19.5,127.7,20.0,1007.0,
004312,1,2017232N19130,2017,62,WP,HATO,2017-08-20 09:00:00,19.6,127.2,23.0,1006.0,
004313,1,2017232N19130,2017,62,WP,HATO,2017-08-20 12:00:00,19.6,126.7,25.0,1004.0,
004314,1,2017232N19130,2017,62,WP,HATO,2017-08-20 15:00:00,19.7,126.3,28.0,1002.0,
004315,1,2017232N19130,2017,62,WP,HATO,2017-08-20 18:00:00,19.8,125.9,30.0,1000.0,
004316,1,2017232N19130,2017,62,WP,HATO,2017-08-20 21:00:00,19.9,125.6,30.0,1000.0,
004317,1,2017232N19130,2017,62,WP,HATO,2017-08-21 00:00:00,20.1,125.1,30.0,1000.0,
004318,1,2017232N19130,2017,62,WP,HATO,2017-08-21 03:00:00,20.2,124.6,33.0,998.0,
004319,1,2017232N19130,2017,62,WP,HATO,2017-08-21 06:00:00,20.3,124.1,35.0,996.0,
004320,1,2017232N19130,2017,62,WP,HATO,2017-08-21 09:00:00,20.4,123.6,40.0,993.0,
004321,1,2017232N19130,2017,62,WP,HATO,2017-08-21 12:00:00,20.3,122.9,45.0,989.0,
004322,1,2017232N19130,2017,62,WP,HATO,2017-08-21 15:00:00,20.2,122.1,45.0,989.0,
004323,1,2017232N19130,2017,62,WP,HATO,2017-08-21 18:00:00,20.1,121.3,45.0,989.0,
004324,1,2017232N19130,2017,62,WP,HATO,2017-08-21 21:00:00,20.2,120.6,48.0,987.0,
004325,1,2017232N19130,2017,62,WP,HATO,2017-08-22 00:00:00,20.3,120.0,50.0,985.0,
004326,1,2017232N19130,2017,62,WP,HATO,2017-08-22 03:00:00,20.4,119.4,55.0,983.0,
004327,1,2017232N19130,2017,62,WP,HATO,2017-08-22 06:00:00,20.4,118.7,60.0,981.0,
004328,1,2017232N19130,2017,62,WP,HATO,2017-08-22 09:00:00,20.5,118.0,68.0,974.0,
004329,1,2017232N19130,2017,62,WP,HATO,2017-08-22 12:00:00,20.6,117.3,75.0,967.0,
004330,1,2017232N19130,2017,62,WP,HATO,2017-08-22 15:00:00,20.8,116.7,78.0,965.0,
004331,1,2017232N19130,2017,62,WP,HATO,2017-08-22 18:00:00,21.0,116.0,80.0,963.0,
004332,1,2017232N19130,2017,62,WP,HATO,2017-08-22 21:00:00,21.2,115.2,85.0,960.0,
004333,1,2017232N19130,2017,62,WP,HATO,2017-08-23 00:00:00,21.5,114.5,90.0,956.0,
004334,1,2017232N19130,2017,62,WP,HATO,2017-08-23 03:00:00,21.9,113.7,100.0,948.0,
004335,1,2017232N19130,2017,62,WP,HATO,2017-08-23 06:00:00,22.2,112.9,85.0,964.0,
004336,1,2017232N19130,2017,62,WP,HATO,2017-08-23 09:00:00,22.5,111.9,73.0,971.0,
004337,1,2017232N19130,2017,62,WP,HATO,2017-08-23 12:00:00,22.7,110.9,60.0,978.0,
004338,1,2017232N19130,2017,62,WP,HATO,2017-08-23 15:00:00,22.9,110.0,53.0,984.0,
004339,1,2017232N19130,2017,62,WP,HATO,2017-08-23 18:00:00,23.1,109.1,45.0,989.0,
004340,1,2017232N19130,2017,62,WP,HATO,2017-08-23 21:00:00,23.3,108.3,40.0,993.0,
004341,1,2017232N19130,2017,62,WP,HATO,2017-08-24 00:00:00,23.4,107.6,35.0,996.0,
004342,1,2017232N19130,2017,62,WP,HATO,2017-08-24 03:00:00,23.6,106.9,33.0,998.0,
004343,1,2017232N19130,2017,62,WP,HATO,2017-08-24 06:00:00,23.7,106.2,30.0,1000.0,
004344,1,2017232N19130,2017,62,WP,HATO,2017-08-24 09:00:00,23.7,105.5,25.0,1004.0,
004345,1,2017232N19130,2017,62,WP,HATO,2017-08-24 12:00:00,23.8,104.7,20.0,1007.0,
004346,1,2017232N19130,2017,62,WP,HATO,2017-08-24 15:00:00,23.7,103.6,,,
004347,1,2017232N19130,2017,62,WP,HATO,2017-08-24 18:00:00,23.7,102.4,,,
004348,1,2017232N19130,2017,62,WP,HATO,2017-08-24 21:00:00,23.7,101.0,,,
004349,1,2017232N19130,2017,62,NI,HATO,2017-08-25 00:00:00,23.7,99.7,,,
004350,1,2017333N06082,2017,102,NI,OCKHI,2017-11-28 18:00:00,6.0,82.2,30.0,1000.0,
004351,1,2017333N06082,2017,102,NI,OCKHI,2017-11-28 21:00:00,5.9,82.0,30.0,1000.0,
004352,1,2017333N06082,2017,102,NI,OCKHI,2017-11-29 00:00:00,5.9,81.7,30.0,1000.0,
004353,1,2017333N06082,2017,102,NI,OCKHI,2017-11-29 03:00:00,6.0,81.4,30.0,1000.0,
004354,1,2017333N06082,2017,102,NI,OCKHI,2017-11-29 06:00:00,6.1,80.7,30.0,1000.0,
004355,1,2017333N06082,2017,102,NI,OCKHI,2017-11-29 09:00:00,6.2,80.1,33.0,998.0,
004356,1,2017333N06082,2017,102,NI,OCKHI,2017-11-29 12:00:00,6.2,79.9,35.0,996.0,
004357,1,2017333N06082,2017,102,NI,OCKHI,2017-11-29 15:00:00,6.3,79.5,38.0,995.0,
004358,1,2017333N06082,2017,102,NI,OCKHI,2017-11-29 18:00:00,6.5,79.0,40.0,993.0,
004359,1,2017333N06082,2017,102,NI,OCKHI,2017-11-29 21:00:00,6.7,78.5,43.0,991.0,
004360,1,2017333N06082,2017,102,NI,OCKHI,2017-11-30 00:00:00,7.0,78.1,45.0,989.0,
004361,1,2017333N06082,2017,102,NI,OCKHI,2017-11-30 03:00:00,7.5,77.4,48.0,987.0,
004362,1,2017333N06082,2017,102,NI,OCKHI,2017-11-30 06:00:00,7.8,76.8,50.0,985.0,
004363,1,2017333N06082,2017,102,NI,OCKHI,2017-11-30 09:00:00,7.9,76.3,53.0,990.0,
004364,1,2017333N06082,2017,102,NI,OCKHI,2017-11-30 12:00:00,8.2,75.8,55.0,995.0,
004365,1,2017333N06082,2017,102,NI,OCKHI,2017-11-30 15:00:00,8.3,75.4,58.0,993.0,
004366,1,2017333N06082,2017,102,NI,OCKHI,2017-11-30 18:00:00,8.5,74.9,60.0,990.0,
004367,1,2017333N06082,2017,102,NI,OCKHI,2017-11-30 21:00:00,8.6,74.5,63.0,982.0,
004368,1,2017333N06082,2017,102,NI,OCKHI,2017-12-01 00:00:00,8.8,74.1,65.0,974.0,
004369,1,2017333N06082,2017,102,NI,OCKHI,2017-12-01 03:00:00,8.8,73.8,68.0,972.0,
004370,1,2017333N06082,2017,102,NI,OCKHI,2017-12-01 06:00:00,8.9,73.4,70.0,970.0,
004371,1,2017333N06082,2017,102,NI,OCKHI,2017-12-01 09:00:00,8.9,73.0,73.0,969.0,
004372,1,2017333N06082,2017,102,NI,OCKHI,2017-12-01 12:00:00,9.0,72.8,75.0,967.0,
004373,1,2017333N06082,2017,102,NI,OCKHI,2017-12-01 15:00:00,9.1,72.5,78.0,971.0,
004374,1,2017333N06082,2017,102,NI,OCKHI,2017-12-01 18:00:00,9.2,72.1,80.0,975.0,
004375,1,2017333N06082,2017,102,NI,OCKHI,2017-12-01 21:00:00,9.3,71.8,83.0,973.0,
004376,1,2017333N06082,2017,102,NI,OCKHI,2017-12-02 00:00:00,9.5,71.5,85.0,970.0,
004377,1,2017333N06082,2017,102,NI,OCKHI,2017-12-02 03:00:00,9.6,71.2,88.0,963.0,
004378,1,2017333N06082,2017,102,NI,OCKHI,2017-12-02 06:00:00,9.8,71.0,90.0,956.0,
004379,1,2017333N06082,2017,102,NI,OCKHI,2017-12-02 09:00:00,10.2,70.6,95.0,952.0,
004380,1,2017333N06082,2017,102,NI,OCKHI,2017-12-02 12:00:00,10.5,70.3,100.0,948.0,
004381,1,2017333N06082,2017,102,NI,OCKHI,2017-12-02 15:00:00,10.7,70.0,98.0,950.0,
004382,1,2017333N06082,2017,102,NI,OCKHI,2017-12-02 18:00:00,11.0,69.7,95.0,952.0,
004383,1,2017333N06082,2017,102,NI,OCKHI,2017-12-02 21:00:00,11.2,69.5,93.0,954.0,
004384,1,2017333N06082,2017,102,NI,OCKHI,2017-12-03 00:00:00,11.5,69.3,90.0,956.0,
004385,1,2017333N06082,2017,102,NI,OCKHI,2017-12-03 03:00:00,11.9,69.0,85.0,966.0,
004386,1,2017333N06082,2017,102,NI,OCKHI,2017-12-03 06:00:00,12.2,68.9,80.0,975.0,
004387,1,2017333N06082,2017,102,NI,OCKHI,2017-12-03 09:00:00,12.4,68.8,78.0,976.0,
004388,1,2017333N06082,2017,102,NI,OCKHI,2017-12-03 12:00:00,12.9,68.7,75.0,977.0,
004389,1,2017333N06082,2017,102,NI,OCKHI,2017-12-03 15:00:00,13.1,68.6,75.0,978.0,
004390,1,2017333N06082,2017,102,NI,OCKHI,2017-12-03 18:00:00,13.5,68.5,75.0,979.0,
004391,1,2017333N06082,2017,102,NI,OCKHI,2017-12-03 21:00:00,13.9,68.5,75.0,973.0,
004392,1,2017333N06082,2017,102,NI,OCKHI,2017-12-04 00:00:00,14.3,68.5,75.0,967.0,
004393,1,2017333N06082,2017,102,NI,OCKHI,2017-12-04 03:00:00,14.5,68.5,73.0,975.0,
004394,1,2017333N06082,2017,102,NI,OCKHI,2017-12-04 06:00:00,14.8,68.7,70.0,983.0,
004395,1,2017333N06082,2017,102,NI,OCKHI,2017-12-04 09:00:00,15.1,69.0,68.0,984.0,
004396,1,2017333N06082,2017,102,NI,OCKHI,2017-12-04 12:00:00,15.6,69.2,65.0,984.0,
004397,1,2017333N06082,2017,102,NI,OCKHI,2017-12-04 15:00:00,16.1,69.5,63.0,981.0,
004398,1,2017333N06082,2017,102,NI,OCKHI,2017-12-04 18:00:00,16.6,69.9,60.0,978.0,
004399,1,2017333N06082,2017,102,NI,OCKHI,2017-12-04 21:00:00,17.0,70.3,55.0,982.0,
004400,1,2017333N06082,2017,102,NI,OCKHI,2017-12-05 00:00:00,17.5,70.7,50.0,985.0,
004401,1,2017333N06082,2017,102,NI,OCKHI,2017-12-05 03:00:00,17.9,71.0,43.0,991.0,
004402,1,2017333N06082,2017,102,NI,OCKHI,2017-12-05 06:00:00,18.2,71.2,35.0,996.0,
004403,1,2017333N06082,2017,102,NI,OCKHI,2017-12-05 09:00:00,18.3,71.4,33.0,998.0,
004404,1,2017333N06082,2017,102,NI,OCKHI,2017-12-05 12:00:00,18.5,71.5,30.0,1000.0,
004405,1,2017333N06082,2017,102,NI,OCKHI,2017-12-05 15:00:00,18.8,71.6,,,
004406,1,2017333N06082,2017,102,NI,OCKHI,2017-12-05 18:00:00,19.2,71.9,,,
004407,1,2018136N11054,2018,24,NI,SAGAR,2018-05-15 18:00:00,11.3,53.7,20.0,1007.0,
004408,1,2018136N11054,2018,24,NI,SAGAR,2018-05-15 21:00:00,11.6,53.2,23.0,1006.0,
004409,1,2018136N11054,2018,24,NI,SAGAR,2018-05-16 00:00:00,12.0,52.7,25.0,1004.0,
004410,1,2018136N11054,2018,24,NI,SAGAR,2018-05-16 03:00:00,12.4,52.2,25.0,1004.0,
004411,1,2018136N11054,2018,24,NI,SAGAR,2018-05-16 06:00:00,12.7,51.6,25.0,1004.0,
004412,1,2018136N11054,2018,24,NI,SAGAR,2018-05-16 09:00:00,12.9,51.1,28.0,1005.0,
004413,1,2018136N11054,2018,24,NI,SAGAR,2018-05-16 12:00:00,13.1,50.5,30.0,1005.0,
004414,1,2018136N11054,2018,24,NI,SAGAR,2018-05-16 15:00:00,13.2,50.0,33.0,1004.0,
004415,1,2018136N11054,2018,24,NI,SAGAR,2018-05-16 18:00:00,13.2,49.7,35.0,1002.0,
004416,1,2018136N11054,2018,24,NI,SAGAR,2018-05-16 21:00:00,13.2,49.4,38.0,1002.0,
004417,1,2018136N11054,2018,24,NI,SAGAR,2018-05-17 00:00:00,13.2,49.2,40.0,1002.0,
004418,1,2018136N11054,2018,24,NI,SAGAR,2018-05-17 03:00:00,13.2,48.9,43.0,996.0,
004419,1,2018136N11054,2018,24,NI,SAGAR,2018-05-17 06:00:00,13.1,48.7,45.0,989.0,
004420,1,2018136N11054,2018,24,NI,SAGAR,2018-05-17 09:00:00,13.1,48.4,48.0,987.0,
004421,1,2018136N11054,2018,24,NI,SAGAR,2018-05-17 12:00:00,13.0,48.1,50.0,985.0,
004422,1,2018136N11054,2018,24,NI,SAGAR,2018-05-17 15:00:00,12.9,47.7,50.0,985.0,
004423,1,2018136N11054,2018,24,NI,SAGAR,2018-05-17 18:00:00,12.6,47.3,50.0,985.0,
004424,1,2018136N11054,2018,24,NI,SAGAR,2018-05-17 21:00:00,12.4,46.9,50.0,985.0,
004425,1,2018136N11054,2018,24,NI,SAGAR,2018-05-18 00:00:00,12.2,46.5,50.0,985.0,
004426,1,2018136N11054,2018,24,NI,SAGAR,2018-05-18 03:00:00,12.0,46.2,53.0,984.0,
004427,1,2018136N11054,2018,24,NI,SAGAR,2018-05-18 06:00:00,11.9,46.0,55.0,982.0,
004428,1,2018136N11054,2018,24,NI,SAGAR,2018-05-18 09:00:00,11.7,45.6,58.0,980.0,
004429,1,2018136N11054,2018,24,NI,SAGAR,2018-05-18 12:00:00,11.5,45.5,60.0,978.0,
004430,1,2018136N11054,2018,24,NI,SAGAR,2018-05-18 15:00:00,11.4,45.3,63.0,976.0,
004431,1,2018136N11054,2018,24,NI,SAGAR,2018-05-18 18:00:00,11.3,45.1,65.0,974.0,
004432,1,2018136N11054,2018,24,NI,SAGAR,2018-05-18 21:00:00,11.1,45.0,63.0,976.0,
004433,1,2018136N11054,2018,24,NI,SAGAR,2018-05-19 00:00:00,11.0,44.8,60.0,978.0,
004434,1,2018136N11054,2018,24,NI,SAGAR,2018-05-19 03:00:00,10.8,44.5,58.0,980.0,
004435,1,2018136N11054,2018,24,NI,SAGAR,2018-05-19 06:00:00,10.7,44.2,55.0,982.0,
004436,1,2018136N11054,2018,24,NI,SAGAR,2018-05-19 09:00:00,10.5,44.0,53.0,989.0,
004437,1,2018136N11054,2018,24,NI,SAGAR,2018-05-19 12:00:00,10.4,43.8,50.0,995.0,
004438,1,2018136N11054,2018,24,NI,SAGAR,2018-05-19 15:00:00,10.2,43.6,48.0,992.0,
004439,1,2018136N11054,2018,24,NI,SAGAR,2018-05-19 18:00:00,10.1,43.4,45.0,989.0,
004440,1,2018136N11054,2018,24,NI,SAGAR,2018-05-19 21:00:00,10.0,43.2,43.0,991.0,
004441,1,2018136N11054,2018,24,NI,SAGAR,2018-05-20 00:00:00,9.9,42.8,40.0,993.0,
004442,1,2018136N11054,2018,24,NI,SAGAR,2018-05-20 03:00:00,9.9,42.3,35.0,997.0,
004443,1,2018136N11054,2018,24,NI,SAGAR,2018-05-20 06:00:00,9.8,41.8,30.0,1000.0,
004444,1,2018141N08059,2018,25,NI,MEKUNU,2018-05-21 06:00:00,7.9,58.6,25.0,1004.0,
004445,1,2018141N08059,2018,25,NI,MEKUNU,2018-05-21 09:00:00,8.1,58.4,25.0,1004.0,
004446,1,2018141N08059,2018,25,NI,MEKUNU,2018-05-21 12:00:00,8.4,58.3,25.0,1004.0,
004447,1,2018141N08059,2018,25,NI,MEKUNU,2018-05-21 15:00:00,8.5,58.1,28.0,1004.0,
004448,1,2018141N08059,2018,25,NI,MEKUNU,2018-05-21 18:00:00,8.7,57.9,30.0,1003.0,
004449,1,2018141N08059,2018,25,NI,MEKUNU,2018-05-21 21:00:00,8.9,57.7,33.0,1001.0,
004450,1,2018141N08059,2018,25,NI,MEKUNU,2018-05-22 00:00:00,9.1,57.5,35.0,999.0,
004451,1,2018141N08059,2018,25,NI,MEKUNU,2018-05-22 03:00:00,9.3,57.3,35.0,1000.0,
004452,1,2018141N08059,2018,25,NI,MEKUNU,2018-05-22 06:00:00,9.6,57.1,35.0,1000.0,
004453,1,2018141N08059,2018,25,NI,MEKUNU,2018-05-22 09:00:00,9.9,56.9,38.0,997.0,
004454,1,2018141N08059,2018,25,NI,MEKUNU,2018-05-22 12:00:00,10.2,56.8,40.0,993.0,
004455,1,2018141N08059,2018,25,NI,MEKUNU,2018-05-22 15:00:00,10.5,56.6,45.0,989.0,
004456,1,2018141N08059,2018,25,NI,MEKUNU,2018-05-22 18:00:00,10.7,56.4,50.0,985.0,
004457,1,2018141N08059,2018,25,NI,MEKUNU,2018-05-22 21:00:00,10.8,56.2,53.0,987.0,
004458,1,2018141N08059,2018,25,NI,MEKUNU,2018-05-23 00:00:00,11.0,56.1,55.0,989.0,
004459,1,2018141N08059,2018,25,NI,MEKUNU,2018-05-23 03:00:00,11.2,56.0,58.0,988.0,
004460,1,2018141N08059,2018,25,NI,MEKUNU,2018-05-23 06:00:00,11.4,56.1,60.0,986.0,
004461,1,2018141N08059,2018,25,NI,MEKUNU,2018-05-23 09:00:00,11.7,56.0,63.0,980.0,
004462,1,2018141N08059,2018,25,NI,MEKUNU,2018-05-23 12:00:00,12.0,56.0,65.0,974.0,
004463,1,2018141N08059,2018,25,NI,MEKUNU,2018-05-23 15:00:00,12.3,55.9,70.0,975.0,
004464,1,2018141N08059,2018,25,NI,MEKUNU,2018-05-23 18:00:00,12.5,55.8,75.0,976.0,
004465,1,2018141N08059,2018,25,NI,MEKUNU,2018-05-23 21:00:00,12.8,55.7,78.0,970.0,
004466,1,2018141N08059,2018,25,NI,MEKUNU,2018-05-24 00:00:00,13.0,55.7,80.0,963.0,
004467,1,2018141N08059,2018,25,NI,MEKUNU,2018-05-24 03:00:00,13.3,55.5,80.0,967.0,
004468,1,2018141N08059,2018,25,NI,MEKUNU,2018-05-24 06:00:00,13.7,55.5,80.0,971.0,
004469,1,2018141N08059,2018,25,NI,MEKUNU,2018-05-24 09:00:00,14.0,55.4,80.0,967.0,
004470,1,2018141N08059,2018,25,NI,MEKUNU,2018-05-24 12:00:00,14.3,55.3,80.0,963.0,
004471,1,2018141N08059,2018,25,NI,MEKUNU,2018-05-24 15:00:00,14.6,55.2,80.0,963.0,
004472,1,2018141N08059,2018,25,NI,MEKUNU,2018-05-24 18:00:00,14.9,54.9,80.0,963.0,
004473,1,2018141N08059,2018,25,NI,MEKUNU,2018-05-24 21:00:00,15.1,54.7,83.0,964.0,
004474,1,2018141N08059,2018,25,NI,MEKUNU,2018-05-25 00:00:00,15.2,54.6,85.0,964.0,
004475,1,2018141N08059,2018,25,NI,MEKUNU,2018-05-25 03:00:00,15.4,54.6,88.0,962.0,
004476,1,2018141N08059,2018,25,NI,MEKUNU,2018-05-25 06:00:00,15.8,54.5,90.0,960.0,
004477,1,2018141N08059,2018,25,NI,MEKUNU,2018-05-25 09:00:00,16.1,54.4,95.0,954.0,
004478,1,2018141N08059,2018,25,NI,MEKUNU,2018-05-25 12:00:00,16.3,54.3,100.0,948.0,
004479,1,2018141N08059,2018,25,NI,MEKUNU,2018-05-25 15:00:00,16.5,54.1,100.0,951.0,
004480,1,2018141N08059,2018,25,NI,MEKUNU,2018-05-25 18:00:00,16.7,53.9,100.0,953.0,
004481,1,2018141N08059,2018,25,NI,MEKUNU,2018-05-25 21:00:00,17.0,53.6,93.0,958.0,
004482,1,2018141N08059,2018,25,NI,MEKUNU,2018-05-26 00:00:00,17.2,53.5,85.0,963.0,
004483,1,2018141N08059,2018,25,NI,MEKUNU,2018-05-26 03:00:00,17.5,53.4,78.0,967.0,
004484,1,2018141N08059,2018,25,NI,MEKUNU,2018-05-26 06:00:00,17.8,53.3,70.0,970.0,
004485,1,2018141N08059,2018,25,NI,MEKUNU,2018-05-26 09:00:00,18.2,53.2,63.0,976.0,
004486,1,2018141N08059,2018,25,NI,MEKUNU,2018-05-26 12:00:00,18.5,53.1,55.0,982.0,
004487,1,2018141N08059,2018,25,NI,MEKUNU,2018-05-26 15:00:00,18.6,52.9,50.0,986.0,
004488,1,2018141N08059,2018,25,NI,MEKUNU,2018-05-26 18:00:00,18.8,52.7,45.0,989.0,
004489,1,2018141N08059,2018,25,NI,MEKUNU,2018-05-26 21:00:00,18.9,52.6,40.0,993.0,
004490,1,2018141N08059,2018,25,NI,MEKUNU,2018-05-27 00:00:00,19.0,52.4,35.0,996.0,
004491,1,2018141N08059,2018,25,NI,MEKUNU,2018-05-27 03:00:00,19.0,52.1,33.0,998.0,
004492,1,2018141N08059,2018,25,NI,MEKUNU,2018-05-27 06:00:00,19.0,52.0,30.0,1000.0,
004493,1,2018263N17089,2018,84,NI,DAYE,2018-09-19 15:00:00,17.2,89.0,,,
004494,1,2018263N17089,2018,84,NI,DAYE,2018-09-19 18:00:00,17.2,88.3,30.0,1000.0,
004495,1,2018263N17089,2018,84,NI,DAYE,2018-09-19 21:00:00,17.2,87.8,30.0,999.0,
004496,1,2018263N17089,2018,84,NI,DAYE,2018-09-20 00:00:00,17.2,87.4,30.0,998.0,
004497,1,2018263N17089,2018,84,NI,DAYE,2018-09-20 03:00:00,17.3,87.1,30.0,998.0,
004498,1,2018263N17089,2018,84,NI,DAYE,2018-09-20 06:00:00,17.6,87.0,30.0,997.0,
004499,1,2018263N17089,2018,84,NI,DAYE,2018-09-20 09:00:00,17.9,86.6,33.0,996.0,
004500,1,2018263N17089,2018,84,NI,DAYE,2018-09-20 12:00:00,18.3,86.1,35.0,995.0,
004501,1,2018263N17089,2018,84,NI,DAYE,2018-09-20 15:00:00,18.6,85.8,35.0,997.0,
004502,1,2018263N17089,2018,84,NI,DAYE,2018-09-20 18:00:00,19.1,85.2,35.0,999.0,
004503,1,2018263N17089,2018,84,NI,DAYE,2018-09-20 21:00:00,19.4,84.4,35.0,998.0,
004504,1,2018263N17089,2018,84,NI,DAYE,2018-09-21 00:00:00,19.8,83.6,35.0,996.0,
004505,1,2018263N17089,2018,84,NI,DAYE,2018-09-21 03:00:00,20.1,82.5,33.0,998.0,
004506,1,2018263N17089,2018,84,NI,DAYE,2018-09-21 06:00:00,20.5,81.5,30.0,1000.0,
004507,1,2018263N17089,2018,84,NI,DAYE,2018-09-21 09:00:00,20.9,80.7,28.0,1002.0,
004508,1,2018263N17089,2018,84,NI,DAYE,2018-09-21 12:00:00,21.2,80.1,25.0,1004.0,
004509,1,2018263N17089,2018,84,NI,DAYE,2018-09-21 15:00:00,21.4,79.5,,,
004510,1,2018263N17089,2018,84,NI,DAYE,2018-09-21 18:00:00,21.4,78.7,,,
004511,1,2018263N17089,2018,84,NI,DAYE,2018-09-21 21:00:00,21.8,77.8,,,
004512,1,2018263N17089,2018,84,NI,DAYE,2018-09-22 00:00:00,22.3,76.9,,,
004513,1,2018263N17089,2018,84,NI,DAYE,2018-09-22 03:00:00,22.9,76.3,,,
004514,1,2018263N17089,2018,84,NI,DAYE,2018-09-22 06:00:00,22.9,76.3,,,
004515,1,2018279N11069,2018,95,NI,LUBAN,2018-10-05 18:00:00,11.2,68.9,20.0,1004.0,
004516,1,2018279N11069,2018,95,NI,LUBAN,2018-10-05 21:00:00,11.1,68.4,20.0,1006.0,
004517,1,2018279N11069,2018,95,NI,LUBAN,2018-10-06 00:00:00,11.0,67.9,20.0,1007.0,
004518,1,2018279N11069,2018,95,NI,LUBAN,2018-10-06 03:00:00,11.0,67.5,23.0,1007.0,
004519,1,2018279N11069,2018,95,NI,LUBAN,2018-10-06 06:00:00,11.0,67.1,25.0,1006.0,
004520,1,2018279N11069,2018,95,NI,LUBAN,2018-10-06 09:00:00,11.0,66.9,25.0,1005.0,
004521,1,2018279N11069,2018,95,NI,LUBAN,2018-10-06 12:00:00,11.1,66.8,25.0,1004.0,
004522,1,2018279N11069,2018,95,NI,LUBAN,2018-10-06 15:00:00,11.2,66.6,25.0,1004.0,
004523,1,2018279N11069,2018,95,NI,LUBAN,2018-10-06 18:00:00,11.4,66.4,25.0,1004.0,
004524,1,2018279N11069,2018,95,NI,LUBAN,2018-10-06 21:00:00,11.4,66.2,25.0,1004.0,
004525,1,2018279N11069,2018,95,NI,LUBAN,2018-10-07 00:00:00,11.5,66.0,25.0,1003.0,
004526,1,2018279N11069,2018,95,NI,LUBAN,2018-10-07 03:00:00,11.7,65.7,25.0,1004.0,
004527,1,2018279N11069,2018,95,NI,LUBAN,2018-10-07 06:00:00,11.8,65.3,25.0,1004.0,
004528,1,2018279N11069,2018,95,NI,LUBAN,2018-10-07 09:00:00,11.8,64.8,28.0,1002.0,
004529,1,2018279N11069,2018,95,NI,LUBAN,2018-10-07 12:00:00,12.0,64.3,30.0,1000.0,
004530,1,2018279N11069,2018,95,NI,LUBAN,2018-10-07 15:00:00,12.0,63.9,33.0,998.0,
004531,1,2018279N11069,2018,95,NI,LUBAN,2018-10-07 18:00:00,12.0,63.5,35.0,996.0,
004532,1,2018279N11069,2018,95,NI,LUBAN,2018-10-07 21:00:00,12.0,63.0,38.0,995.0,
004533,1,2018279N11069,2018,95,NI,LUBAN,2018-10-08 00:00:00,12.1,62.5,40.0,993.0,
004534,1,2018279N11069,2018,95,NI,LUBAN,2018-10-08 03:00:00,12.1,62.1,43.0,991.0,
004535,1,2018279N11069,2018,95,NI,LUBAN,2018-10-08 06:00:00,12.2,61.9,45.0,989.0,
004536,1,2018279N11069,2018,95,NI,LUBAN,2018-10-08 09:00:00,12.3,61.6,48.0,987.0,
004537,1,2018279N11069,2018,95,NI,LUBAN,2018-10-08 12:00:00,12.4,61.3,50.0,985.0,
004538,1,2018279N11069,2018,95,NI,LUBAN,2018-10-08 15:00:00,12.5,61.1,53.0,984.0,
004539,1,2018279N11069,2018,95,NI,LUBAN,2018-10-08 18:00:00,12.6,60.9,55.0,982.0,
004540,1,2018279N11069,2018,95,NI,LUBAN,2018-10-08 21:00:00,12.7,60.6,55.0,982.0,
004541,1,2018279N11069,2018,95,NI,LUBAN,2018-10-09 00:00:00,12.8,60.5,55.0,982.0,
004542,1,2018279N11069,2018,95,NI,LUBAN,2018-10-09 03:00:00,12.9,60.4,58.0,980.0,
004543,1,2018279N11069,2018,95,NI,LUBAN,2018-10-09 06:00:00,13.0,60.4,60.0,978.0,
004544,1,2018279N11069,2018,95,NI,LUBAN,2018-10-09 09:00:00,13.1,60.3,60.0,978.0,
004545,1,2018279N11069,2018,95,NI,LUBAN,2018-10-09 12:00:00,13.2,60.1,60.0,978.0,
004546,1,2018279N11069,2018,95,NI,LUBAN,2018-10-09 15:00:00,13.4,59.8,63.0,976.0,
004547,1,2018279N11069,2018,95,NI,LUBAN,2018-10-09 18:00:00,13.6,59.6,65.0,974.0,
004548,1,2018279N11069,2018,95,NI,LUBAN,2018-10-09 21:00:00,13.7,59.3,68.0,972.0,
004549,1,2018279N11069,2018,95,NI,LUBAN,2018-10-10 00:00:00,14.0,59.2,70.0,970.0,
004550,1,2018279N11069,2018,95,NI,LUBAN,2018-10-10 03:00:00,14.1,59.1,73.0,969.0,
004551,1,2018279N11069,2018,95,NI,LUBAN,2018-10-10 06:00:00,14.2,59.0,75.0,967.0,
004552,1,2018279N11069,2018,95,NI,LUBAN,2018-10-10 09:00:00,14.4,58.7,80.0,968.0,
004553,1,2018279N11069,2018,95,NI,LUBAN,2018-10-10 12:00:00,14.4,58.6,85.0,969.0,
004554,1,2018279N11069,2018,95,NI,LUBAN,2018-10-10 15:00:00,14.5,58.5,85.0,964.0,
004555,1,2018279N11069,2018,95,NI,LUBAN,2018-10-10 18:00:00,14.5,58.4,85.0,959.0,
004556,1,2018279N11069,2018,95,NI,LUBAN,2018-10-10 21:00:00,14.5,58.4,80.0,967.0,
004557,1,2018279N11069,2018,95,NI,LUBAN,2018-10-11 00:00:00,14.6,58.2,75.0,975.0,
004558,1,2018279N11069,2018,95,NI,LUBAN,2018-10-11 03:00:00,14.4,58.0,73.0,979.0,
004559,1,2018279N11069,2018,95,NI,LUBAN,2018-10-11 06:00:00,14.5,57.9,70.0,982.0,
004560,1,2018279N11069,2018,95,NI,LUBAN,2018-10-11 09:00:00,14.5,57.9,65.0,980.0,
004561,1,2018279N11069,2018,95,NI,LUBAN,2018-10-11 12:00:00,14.5,57.8,60.0,978.0,
004562,1,2018279N11069,2018,95,NI,LUBAN,2018-10-11 15:00:00,14.5,57.8,55.0,982.0,
004563,1,2018279N11069,2018,95,NI,LUBAN,2018-10-11 18:00:00,14.6,57.7,50.0,985.0,
004564,1,2018279N11069,2018,95,NI,LUBAN,2018-10-11 21:00:00,14.7,57.7,48.0,987.0,
004565,1,2018279N11069,2018,95,NI,LUBAN,2018-10-12 00:00:00,14.7,57.6,45.0,989.0,
004566,1,2018279N11069,2018,95,NI,LUBAN,2018-10-12 03:00:00,14.6,57.5,43.0,991.0,
004567,1,2018279N11069,2018,95,NI,LUBAN,2018-10-12 06:00:00,14.7,57.4,40.0,993.0,
004568,1,2018279N11069,2018,95,NI,LUBAN,2018-10-12 09:00:00,14.6,57.2,40.0,993.0,
004569,1,2018279N11069,2018,95,NI,LUBAN,2018-10-12 12:00:00,14.7,57.0,40.0,993.0,
004570,1,2018279N11069,2018,95,NI,LUBAN,2018-10-12 15:00:00,14.7,56.8,40.0,993.0,
004571,1,2018279N11069,2018,95,NI,LUBAN,2018-10-12 18:00:00,14.8,56.5,40.0,993.0,
004572,1,2018279N11069,2018,95,NI,LUBAN,2018-10-12 21:00:00,14.8,56.2,40.0,993.0,
004573,1,2018279N11069,2018,95,NI,LUBAN,2018-10-13 00:00:00,14.8,55.9,40.0,993.0,
004574,1,2018279N11069,2018,95,NI,LUBAN,2018-10-13 03:00:00,14.8,55.6,40.0,993.0,
004575,1,2018279N11069,2018,95,NI,LUBAN,2018-10-13 06:00:00,14.9,55.3,40.0,993.0,
004576,1,2018279N11069,2018,95,NI,LUBAN,2018-10-13 09:00:00,14.9,54.9,40.0,993.0,
004577,1,2018279N11069,2018,95,NI,LUBAN,2018-10-13 12:00:00,14.9,54.5,40.0,993.0,
004578,1,2018279N11069,2018,95,NI,LUBAN,2018-10-13 15:00:00,14.9,54.1,40.0,993.0,
004579,1,2018279N11069,2018,95,NI,LUBAN,2018-10-13 18:00:00,15.1,53.7,40.0,993.0,
004580,1,2018279N11069,2018,95,NI,LUBAN,2018-10-13 21:00:00,15.2,53.3,38.0,998.0,
004581,1,2018279N11069,2018,95,NI,LUBAN,2018-10-14 00:00:00,15.4,52.8,35.0,1002.0,
004582,1,2018279N11069,2018,95,NI,LUBAN,2018-10-14 03:00:00,15.6,52.5,35.0,999.0,
004583,1,2018279N11069,2018,95,NI,LUBAN,2018-10-14 06:00:00,15.9,52.2,35.0,996.0,
004584,1,2018279N11069,2018,95,NI,LUBAN,2018-10-14 09:00:00,15.9,51.8,33.0,998.0,
004585,1,2018279N11069,2018,95,NI,LUBAN,2018-10-14 12:00:00,16.0,51.4,30.0,1000.0,
004586,1,2018279N11069,2018,95,NI,LUBAN,2018-10-14 15:00:00,16.1,51.1,28.0,1002.0,
004587,1,2018279N11069,2018,95,NI,LUBAN,2018-10-14 18:00:00,16.3,50.8,25.0,1004.0,
004588,1,2018279N11069,2018,95,NI,LUBAN,2018-10-14 21:00:00,16.2,50.0,,,
004589,1,2018279N11069,2018,95,NI,LUBAN,2018-10-15 00:00:00,16.2,49.0,,,
004590,1,2018281N14088,2018,97,NI,TITLI,2018-10-08 00:00:00,14.2,88.4,20.0,1007.0,
004591,1,2018281N14088,2018,97,NI,TITLI,2018-10-08 03:00:00,14.1,88.4,23.0,1006.0,
004592,1,2018281N14088,2018,97,NI,TITLI,2018-10-08 06:00:00,14.1,88.3,25.0,1005.0,
004593,1,2018281N14088,2018,97,NI,TITLI,2018-10-08 09:00:00,14.2,88.1,28.0,1004.0,
004594,1,2018281N14088,2018,97,NI,TITLI,2018-10-08 12:00:00,14.3,87.9,30.0,1002.0,
004595,1,2018281N14088,2018,97,NI,TITLI,2018-10-08 15:00:00,14.4,87.7,30.0,1001.0,
004596,1,2018281N14088,2018,97,NI,TITLI,2018-10-08 18:00:00,14.5,87.5,30.0,1000.0,
004597,1,2018281N14088,2018,97,NI,TITLI,2018-10-08 21:00:00,14.6,87.3,33.0,998.0,
004598,1,2018281N14088,2018,97,NI,TITLI,2018-10-09 00:00:00,14.7,87.1,35.0,996.0,
004599,1,2018281N14088,2018,97,NI,TITLI,2018-10-09 03:00:00,14.7,86.9,38.0,995.0,
004600,1,2018281N14088,2018,97,NI,TITLI,2018-10-09 06:00:00,14.8,86.8,40.0,993.0,
004601,1,2018281N14088,2018,97,NI,TITLI,2018-10-09 09:00:00,14.9,86.7,43.0,995.0,
004602,1,2018281N14088,2018,97,NI,TITLI,2018-10-09 12:00:00,15.1,86.6,45.0,997.0,
004603,1,2018281N14088,2018,97,NI,TITLI,2018-10-09 15:00:00,15.3,86.5,48.0,991.0,
004604,1,2018281N14088,2018,97,NI,TITLI,2018-10-09 18:00:00,15.6,86.3,50.0,985.0,
004605,1,2018281N14088,2018,97,NI,TITLI,2018-10-09 21:00:00,15.8,86.1,58.0,980.0,
004606,1,2018281N14088,2018,97,NI,TITLI,2018-10-10 00:00:00,16.1,86.0,65.0,974.0,
004607,1,2018281N14088,2018,97,NI,TITLI,2018-10-10 03:00:00,16.5,85.9,70.0,975.0,
004608,1,2018281N14088,2018,97,NI,TITLI,2018-10-10 06:00:00,17.0,85.6,75.0,976.0,
004609,1,2018281N14088,2018,97,NI,TITLI,2018-10-10 09:00:00,17.3,85.4,83.0,966.0,
004610,1,2018281N14088,2018,97,NI,TITLI,2018-10-10 12:00:00,17.6,85.3,90.0,956.0,
004611,1,2018281N14088,2018,97,NI,TITLI,2018-10-10 15:00:00,17.8,85.1,98.0,950.0,
004612,1,2018281N14088,2018,97,NI,TITLI,2018-10-10 18:00:00,18.3,85.0,105.0,944.0,
004613,1,2018281N14088,2018,97,NI,TITLI,2018-10-10 21:00:00,18.6,84.6,103.0,946.0,
004614,1,2018281N14088,2018,97,NI,TITLI,2018-10-11 00:00:00,18.8,84.4,100.0,948.0,
004615,1,2018281N14088,2018,97,NI,TITLI,2018-10-11 03:00:00,18.9,84.1,90.0,956.0,
004616,1,2018281N14088,2018,97,NI,TITLI,2018-10-11 06:00:00,19.2,83.9,80.0,963.0,
004617,1,2018281N14088,2018,97,NI,TITLI,2018-10-11 09:00:00,19.4,83.8,73.0,969.0,
004618,1,2018281N14088,2018,97,NI,TITLI,2018-10-11 12:00:00,19.7,83.8,65.0,974.0,
004619,1,2018281N14088,2018,97,NI,TITLI,2018-10-11 15:00:00,19.9,83.9,60.0,978.0,
004620,1,2018281N14088,2018,97,NI,TITLI,2018-10-11 18:00:00,20.1,84.2,55.0,982.0,
004621,1,2018281N14088,2018,97,NI,TITLI,2018-10-11 21:00:00,20.3,84.4,48.0,988.0,
004622,1,2018281N14088,2018,97,NI,TITLI,2018-10-12 00:00:00,20.5,84.7,40.0,993.0,
004623,1,2018281N14088,2018,97,NI,TITLI,2018-10-12 03:00:00,20.7,85.0,35.0,997.0,
004624,1,2018281N14088,2018,97,NI,TITLI,2018-10-12 06:00:00,20.9,85.3,30.0,1000.0,
004625,1,2018281N14088,2018,97,NI,TITLI,2018-10-12 09:00:00,20.9,85.5,,,
004626,1,2018281N14088,2018,97,NI,TITLI,2018-10-12 12:00:00,21.2,86.1,,,
004627,1,2018281N14088,2018,97,NI,TITLI,2018-10-12 15:00:00,21.6,86.7,,,
004628,1,2018281N14088,2018,97,NI,TITLI,2018-10-12 18:00:00,21.9,87.2,,,
004629,1,2018281N14088,2018,97,NI,TITLI,2018-10-12 21:00:00,22.1,87.5,,,
004630,1,2018314N12093,2018,108,NI,GAJA,2018-11-10 03:00:00,11.7,92.5,,,
004631,1,2018314N12093,2018,108,NI,GAJA,2018-11-10 06:00:00,12.0,92.0,,,
004632,1,2018314N12093,2018,108,NI,GAJA,2018-11-10 09:00:00,12.3,91.4,,,
004633,1,2018314N12093,2018,108,NI,GAJA,2018-11-10 12:00:00,12.7,90.7,30.0,1004.0,
004634,1,2018314N12093,2018,108,NI,GAJA,2018-11-10 15:00:00,12.9,90.2,33.0,1002.0,
004635,1,2018314N12093,2018,108,NI,GAJA,2018-11-10 18:00:00,13.1,89.8,35.0,1000.0,
004636,1,2018314N12093,2018,108,NI,GAJA,2018-11-10 21:00:00,13.2,89.5,35.0,998.0,
004637,1,2018314N12093,2018,108,NI,GAJA,2018-11-11 00:00:00,13.4,89.2,35.0,996.0,
004638,1,2018314N12093,2018,108,NI,GAJA,2018-11-11 03:00:00,13.4,88.8,35.0,996.0,
004639,1,2018314N12093,2018,108,NI,GAJA,2018-11-11 06:00:00,13.4,88.5,35.0,996.0,
004640,1,2018314N12093,2018,108,NI,GAJA,2018-11-11 09:00:00,13.4,88.0,35.0,996.0,
004641,1,2018314N12093,2018,108,NI,GAJA,2018-11-11 12:00:00,13.3,87.7,35.0,996.0,
004642,1,2018314N12093,2018,108,NI,GAJA,2018-11-11 15:00:00,13.2,87.5,35.0,1000.0,
004643,1,2018314N12093,2018,108,NI,GAJA,2018-11-11 18:00:00,13.1,87.3,35.0,1004.0,
004644,1,2018314N12093,2018,108,NI,GAJA,2018-11-11 21:00:00,13.1,87.2,35.0,1004.0,
004645,1,2018314N12093,2018,108,NI,GAJA,2018-11-12 00:00:00,12.9,87.2,35.0,1004.0,
004646,1,2018314N12093,2018,108,NI,GAJA,2018-11-12 03:00:00,12.7,87.2,35.0,1000.0,
004647,1,2018314N12093,2018,108,NI,GAJA,2018-11-12 06:00:00,12.6,87.3,35.0,996.0,
004648,1,2018314N12093,2018,108,NI,GAJA,2018-11-12 09:00:00,12.7,87.3,33.0,998.0,
004649,1,2018314N12093,2018,108,NI,GAJA,2018-11-12 12:00:00,12.8,87.6,30.0,1000.0,
004650,1,2018314N12093,2018,108,NI,GAJA,2018-11-12 15:00:00,13.0,87.6,30.0,1000.0,
004651,1,2018314N12093,2018,108,NI,GAJA,2018-11-12 18:00:00,13.3,87.6,30.0,1000.0,
004652,1,2018314N12093,2018,108,NI,GAJA,2018-11-12 21:00:00,13.4,87.4,30.0,1000.0,
004653,1,2018314N12093,2018,108,NI,GAJA,2018-11-13 00:00:00,13.6,87.2,30.0,1000.0,
004654,1,2018314N12093,2018,108,NI,GAJA,2018-11-13 03:00:00,13.6,87.0,30.0,1000.0,
004655,1,2018314N12093,2018,108,NI,GAJA,2018-11-13 06:00:00,13.7,86.6,30.0,1000.0,
004656,1,2018314N12093,2018,108,NI,GAJA,2018-11-13 09:00:00,13.6,86.3,30.0,1000.0,
004657,1,2018314N12093,2018,108,NI,GAJA,2018-11-13 12:00:00,13.5,86.1,30.0,1000.0,
004658,1,2018314N12093,2018,108,NI,GAJA,2018-11-13 15:00:00,13.4,85.9,33.0,1002.0,
004659,1,2018314N12093,2018,108,NI,GAJA,2018-11-13 18:00:00,13.3,85.7,35.0,1003.0,
004660,1,2018314N12093,2018,108,NI,GAJA,2018-11-13 21:00:00,13.2,85.5,38.0,1002.0,
004661,1,2018314N12093,2018,108,NI,GAJA,2018-11-14 00:00:00,13.1,85.4,40.0,1001.0,
004662,1,2018314N12093,2018,108,NI,GAJA,2018-11-14 03:00:00,13.0,85.2,43.0,995.0,
004663,1,2018314N12093,2018,108,NI,GAJA,2018-11-14 06:00:00,12.8,85.0,45.0,989.0,
004664,1,2018314N12093,2018,108,NI,GAJA,2018-11-14 09:00:00,12.6,84.7,48.0,987.0,
004665,1,2018314N12093,2018,108,NI,GAJA,2018-11-14 12:00:00,12.4,84.4,50.0,985.0,
004666,1,2018314N12093,2018,108,NI,GAJA,2018-11-14 15:00:00,12.2,84.2,50.0,985.0,
004667,1,2018314N12093,2018,108,NI,GAJA,2018-11-14 18:00:00,12.0,83.9,50.0,985.0,
004668,1,2018314N12093,2018,108,NI,GAJA,2018-11-14 21:00:00,11.8,83.5,53.0,984.0,
004669,1,2018314N12093,2018,108,NI,GAJA,2018-11-15 00:00:00,11.5,83.1,55.0,982.0,
004670,1,2018314N12093,2018,108,NI,GAJA,2018-11-15 03:00:00,11.4,82.7,60.0,978.0,
004671,1,2018314N12093,2018,108,NI,GAJA,2018-11-15 06:00:00,11.3,82.2,65.0,974.0,
004672,1,2018314N12093,2018,108,NI,GAJA,2018-11-15 09:00:00,11.1,81.6,68.0,972.0,
004673,1,2018314N12093,2018,108,NI,GAJA,2018-11-15 12:00:00,10.9,81.2,70.0,970.0,
004674,1,2018314N12093,2018,108,NI,GAJA,2018-11-15 15:00:00,10.7,80.7,75.0,967.0,
004675,1,2018314N12093,2018,108,NI,GAJA,2018-11-15 18:00:00,10.6,80.3,80.0,963.0,
004676,1,2018314N12093,2018,108,NI,GAJA,2018-11-15 21:00:00,10.5,79.7,75.0,967.0,
004677,1,2018314N12093,2018,108,NI,GAJA,2018-11-16 00:00:00,10.5,79.1,70.0,970.0,
004678,1,2018314N12093,2018,108,NI,GAJA,2018-11-16 03:00:00,10.4,78.5,63.0,976.0,
004679,1,2018314N12093,2018,108,NI,GAJA,2018-11-16 06:00:00,10.5,77.6,55.0,982.0,
004680,1,2018314N12093,2018,108,NI,GAJA,2018-11-16 09:00:00,10.3,76.9,50.0,986.0,
004681,1,2018314N12093,2018,108,NI,GAJA,2018-11-16 12:00:00,10.0,76.3,45.0,989.0,
004682,1,2018314N12093,2018,108,NI,GAJA,2018-11-16 15:00:00,9.9,75.8,43.0,991.0,
004683,1,2018314N12093,2018,108,NI,GAJA,2018-11-16 18:00:00,9.8,75.3,40.0,993.0,
004684,1,2018314N12093,2018,108,NI,GAJA,2018-11-16 21:00:00,9.7,74.7,40.0,999.0,
004685,1,2018314N12093,2018,108,NI,GAJA,2018-11-17 00:00:00,9.7,74.2,40.0,1004.0,
004686,1,2018314N12093,2018,108,NI,GAJA,2018-11-17 03:00:00,9.7,73.5,40.0,1005.0,
004687,1,2018314N12093,2018,108,NI,GAJA,2018-11-17 06:00:00,9.8,73.0,40.0,1005.0,
004688,1,2018314N12093,2018,108,NI,GAJA,2018-11-17 09:00:00,9.9,72.4,40.0,1004.0,
004689,1,2018314N12093,2018,108,NI,GAJA,2018-11-17 12:00:00,10.0,71.8,40.0,1003.0,
004690,1,2018314N12093,2018,108,NI,GAJA,2018-11-17 15:00:00,10.1,71.2,38.0,1005.0,
004691,1,2018314N12093,2018,108,NI,GAJA,2018-11-17 18:00:00,10.2,70.7,35.0,1007.0,
004692,1,2018314N12093,2018,108,NI,GAJA,2018-11-17 21:00:00,10.3,70.2,33.0,1007.0,
004693,1,2018314N12093,2018,108,NI,GAJA,2018-11-18 00:00:00,10.4,69.8,30.0,1006.0,
004694,1,2018314N12093,2018,108,NI,GAJA,2018-11-18 03:00:00,10.5,69.5,28.0,1008.0,
004695,1,2018314N12093,2018,108,NI,GAJA,2018-11-18 06:00:00,10.5,69.1,25.0,1009.0,
004696,1,2018314N12093,2018,108,NI,GAJA,2018-11-18 09:00:00,10.6,68.8,23.0,1009.0,
004697,1,2018314N12093,2018,108,NI,GAJA,2018-11-18 12:00:00,10.6,68.5,20.0,1008.0,
004698,1,2018314N12093,2018,108,NI,GAJA,2018-11-18 15:00:00,10.6,68.0,20.0,1009.0,
004699,1,2018314N12093,2018,108,NI,GAJA,2018-11-18 18:00:00,10.7,67.5,20.0,1010.0,
004700,1,2018314N12093,2018,108,NI,GAJA,2018-11-18 21:00:00,10.7,67.1,20.0,1010.0,
004701,1,2018314N12093,2018,108,NI,GAJA,2018-11-19 00:00:00,10.8,66.6,20.0,1010.0,
004702,1,2018314N12093,2018,108,NI,GAJA,2018-11-19 03:00:00,10.9,66.3,20.0,1010.0,
004703,1,2018314N12093,2018,108,NI,GAJA,2018-11-19 06:00:00,11.0,65.8,20.0,1010.0,
004704,1,2018314N12093,2018,108,NI,GAJA,2018-11-19 09:00:00,11.2,65.4,,,
004705,1,2018314N12093,2018,108,NI,GAJA,2018-11-19 12:00:00,11.2,65.0,,,
004706,1,2018347N07089,2018,112,NI,PHETHAI,2018-12-13 00:00:00,6.5,88.7,,,
004707,1,2018347N07089,2018,112,NI,PHETHAI,2018-12-13 03:00:00,6.7,88.6,,,
004708,1,2018347N07089,2018,112,NI,PHETHAI,2018-12-13 06:00:00,6.8,88.5,,,
004709,1,2018347N07089,2018,112,NI,PHETHAI,2018-12-13 09:00:00,7.0,88.4,,,
004710,1,2018347N07089,2018,112,NI,PHETHAI,2018-12-13 12:00:00,7.2,88.3,30.0,1000.0,
004711,1,2018347N07089,2018,112,NI,PHETHAI,2018-12-13 15:00:00,7.4,88.2,30.0,1000.0,
004712,1,2018347N07089,2018,112,NI,PHETHAI,2018-12-13 18:00:00,7.5,88.0,30.0,1000.0,
004713,1,2018347N07089,2018,112,NI,PHETHAI,2018-12-13 21:00:00,7.7,87.8,30.0,1000.0,
004714,1,2018347N07089,2018,112,NI,PHETHAI,2018-12-14 00:00:00,7.9,87.6,30.0,1000.0,
004715,1,2018347N07089,2018,112,NI,PHETHAI,2018-12-14 03:00:00,8.1,87.5,30.0,1000.0,
004716,1,2018347N07089,2018,112,NI,PHETHAI,2018-12-14 06:00:00,8.2,87.4,30.0,1000.0,
004717,1,2018347N07089,2018,112,NI,PHETHAI,2018-12-14 09:00:00,8.2,87.1,30.0,1000.0,
004718,1,2018347N07089,2018,112,NI,PHETHAI,2018-12-14 12:00:00,8.3,86.8,30.0,1000.0,
004719,1,2018347N07089,2018,112,NI,PHETHAI,2018-12-14 15:00:00,8.5,86.5,30.0,1000.0,
004720,1,2018347N07089,2018,112,NI,PHETHAI,2018-12-14 18:00:00,8.7,86.3,30.0,1000.0,
004721,1,2018347N07089,2018,112,NI,PHETHAI,2018-12-14 21:00:00,8.8,86.0,30.0,1000.0,
004722,1,2018347N07089,2018,112,NI,PHETHAI,2018-12-15 00:00:00,9.0,85.7,30.0,1000.0,
004723,1,2018347N07089,2018,112,NI,PHETHAI,2018-12-15 03:00:00,9.3,85.4,33.0,998.0,
004724,1,2018347N07089,2018,112,NI,PHETHAI,2018-12-15 06:00:00,9.5,85.3,35.0,996.0,
004725,1,2018347N07089,2018,112,NI,PHETHAI,2018-12-15 09:00:00,9.9,85.1,38.0,995.0,
004726,1,2018347N07089,2018,112,NI,PHETHAI,2018-12-15 12:00:00,10.2,84.9,40.0,993.0,
004727,1,2018347N07089,2018,112,NI,PHETHAI,2018-12-15 15:00:00,10.5,84.7,43.0,991.0,
004728,1,2018347N07089,2018,112,NI,PHETHAI,2018-12-15 18:00:00,10.8,84.6,45.0,989.0,
004729,1,2018347N07089,2018,112,NI,PHETHAI,2018-12-15 21:00:00,11.0,84.4,45.0,989.0,
004730,1,2018347N07089,2018,112,NI,PHETHAI,2018-12-16 00:00:00,11.3,84.3,45.0,989.0,
004731,1,2018347N07089,2018,112,NI,PHETHAI,2018-12-16 03:00:00,11.8,84.1,48.0,993.0,
004732,1,2018347N07089,2018,112,NI,PHETHAI,2018-12-16 06:00:00,12.3,83.9,50.0,997.0,
004733,1,2018347N07089,2018,112,NI,PHETHAI,2018-12-16 09:00:00,12.4,83.5,53.0,996.0,
004734,1,2018347N07089,2018,112,NI,PHETHAI,2018-12-16 12:00:00,13.4,83.1,55.0,994.0,
004735,1,2018347N07089,2018,112,NI,PHETHAI,2018-12-16 15:00:00,13.8,82.8,55.0,995.0,
004736,1,2018347N07089,2018,112,NI,PHETHAI,2018-12-16 18:00:00,14.1,82.7,55.0,996.0,
004737,1,2018347N07089,2018,112,NI,PHETHAI,2018-12-16 21:00:00,14.5,82.4,53.0,996.0,
004738,1,2018347N07089,2018,112,NI,PHETHAI,2018-12-17 00:00:00,15.0,82.4,50.0,995.0,
004739,1,2018347N07089,2018,112,NI,PHETHAI,2018-12-17 03:00:00,15.5,82.3,45.0,1000.0,
004740,1,2018347N07089,2018,112,NI,PHETHAI,2018-12-17 06:00:00,16.0,82.3,40.0,1004.0,
004741,1,2018347N07089,2018,112,NI,PHETHAI,2018-12-17 09:00:00,16.5,82.3,35.0,1006.0,
004742,1,2018347N07089,2018,112,NI,PHETHAI,2018-12-17 12:00:00,16.8,82.5,30.0,1007.0,
004743,1,2018347N07089,2018,112,NI,PHETHAI,2018-12-17 15:00:00,17.4,82.6,28.0,1009.0,
004744,1,2018347N07089,2018,112,NI,PHETHAI,2018-12-17 18:00:00,17.8,82.8,25.0,1010.0,
004745,1,2018365N08115,2018,117,WP,PABUK,2018-12-30 12:00:00,8.3,115.1,15.0,1009.0,
004746,1,2018365N08115,2018,117,WP,PABUK,2018-12-30 15:00:00,8.4,114.7,18.0,1008.0,
004747,1,2018365N08115,2018,117,WP,PABUK,2018-12-30 18:00:00,8.5,114.3,20.0,1007.0,
004748,1,2018365N08115,2018,117,WP,PABUK,2018-12-30 21:00:00,8.6,113.8,20.0,1008.0,
004749,1,2018365N08115,2018,117,WP,PABUK,2018-12-31 00:00:00,8.6,113.3,20.0,1008.0,
004750,1,2018365N08115,2018,117,WP,PABUK,2018-12-31 03:00:00,8.4,112.7,23.0,1007.0,
004751,1,2018365N08115,2018,117,WP,PABUK,2018-12-31 06:00:00,7.9,112.1,25.0,1006.0,
004752,1,2018365N08115,2018,117,WP,PABUK,2018-12-31 09:00:00,7.6,111.7,28.0,1005.0,
004753,1,2018365N08115,2018,117,WP,PABUK,2018-12-31 12:00:00,7.4,111.5,30.0,1004.0,
004754,1,2018365N08115,2018,117,WP,PABUK,2018-12-31 15:00:00,7.2,111.3,30.0,1004.0,
004755,1,2018365N08115,2018,117,WP,PABUK,2018-12-31 18:00:00,7.1,111.1,30.0,1004.0,
004756,1,2018365N08115,2018,117,WP,PABUK,2018-12-31 21:00:00,6.8,111.0,33.0,1003.0,
004757,1,2018365N08115,2018,117,WP,PABUK,2019-01-01 00:00:00,6.6,110.8,35.0,1001.0,
004758,1,2018365N08115,2018,117,WP,PABUK,2019-01-01 03:00:00,6.4,110.5,35.0,1001.0,
004759,1,2018365N08115,2018,117,WP,PABUK,2019-01-01 06:00:00,6.2,110.2,35.0,1000.0,
004760,1,2018365N08115,2018,117,WP,PABUK,2019-01-01 09:00:00,6.0,110.0,35.0,1000.0,
004761,1,2018365N08115,2018,117,WP,PABUK,2019-01-01 12:00:00,5.9,109.8,35.0,1000.0,
004762,1,2018365N08115,2018,117,WP,PABUK,2019-01-01 15:00:00,5.9,109.5,35.0,1001.0,
004763,1,2018365N08115,2018,117,WP,PABUK,2019-01-01 18:00:00,5.8,109.3,35.0,1001.0,
004764,1,2018365N08115,2018,117,WP,PABUK,2019-01-01 21:00:00,5.8,109.0,35.0,1001.0,
004765,1,2018365N08115,2018,117,WP,PABUK,2019-01-02 00:00:00,5.9,108.6,35.0,1001.0,
004766,1,2018365N08115,2018,117,WP,PABUK,2019-01-02 03:00:00,6.0,108.3,35.0,1001.0,
004767,1,2018365N08115,2018,117,WP,PABUK,2019-01-02 06:00:00,6.1,107.9,35.0,1001.0,
004768,1,2018365N08115,2018,117,WP,PABUK,2019-01-02 09:00:00,6.2,107.5,38.0,1000.0,
004769,1,2018365N08115,2018,117,WP,PABUK,2019-01-02 12:00:00,6.2,107.0,40.0,999.0,
004770,1,2018365N08115,2018,117,WP,PABUK,2019-01-02 15:00:00,6.1,106.5,40.0,999.0,
004771,1,2018365N08115,2018,117,WP,PABUK,2019-01-02 18:00:00,6.1,105.9,40.0,999.0,
004772,1,2018365N08115,2018,117,WP,PABUK,2019-01-02 21:00:00,6.1,105.4,40.0,1000.0,
004773,1,2018365N08115,2018,117,WP,PABUK,2019-01-03 00:00:00,6.1,105.0,40.0,1000.0,
004774,1,2018365N08115,2018,117,WP,PABUK,2019-01-03 03:00:00,6.1,104.6,40.0,1000.0,
004775,1,2018365N08115,2018,117,WP,PABUK,2019-01-03 06:00:00,6.2,104.3,40.0,1000.0,
004776,1,2018365N08115,2018,117,WP,PABUK,2019-01-03 09:00:00,6.3,104.0,40.0,1000.0,
004777,1,2018365N08115,2018,117,WP,PABUK,2019-01-03 12:00:00,6.5,103.6,40.0,1000.0,
004778,1,2018365N08115,2018,117,WP,PABUK,2019-01-03 15:00:00,6.8,103.2,43.0,999.0,
004779,1,2018365N08115,2018,117,WP,PABUK,2019-01-03 18:00:00,7.2,102.7,45.0,998.0,
004780,1,2018365N08115,2018,117,WP,PABUK,2019-01-03 21:00:00,7.6,102.2,48.0,997.0,
004781,1,2018365N08115,2018,117,WP,PABUK,2019-01-04 00:00:00,7.9,101.6,50.0,996.0,
004782,1,2018365N08115,2018,117,WP,PABUK,2019-01-04 03:00:00,8.1,101.1,50.0,996.0,
004783,1,2018365N08115,2018,117,WP,PABUK,2019-01-04 06:00:00,8.2,100.6,50.0,996.0,
004784,1,2018365N08115,2018,117,WP,PABUK,2019-01-04 09:00:00,8.3,100.2,45.0,999.0,
004785,1,2018365N08115,2018,117,NI,PABUK,2019-01-04 12:00:00,8.3,99.8,40.0,1001.0,
004786,1,2018365N08115,2018,117,NI,PABUK,2019-01-04 15:00:00,8.4,99.3,38.0,1003.0,
004787,1,2018365N08115,2018,117,NI,PABUK,2019-01-04 18:00:00,8.5,98.9,35.0,1004.0,
004788,1,2018365N08115,2018,117,NI,PABUK,2019-01-04 21:00:00,8.7,98.7,33.0,1005.0,
004789,1,2018365N08115,2018,117,NI,PABUK,2019-01-05 00:00:00,8.8,98.5,30.0,1006.0,
004790,1,2018365N08115,2018,117,NI,PABUK,2019-01-05 03:00:00,9.1,98.2,30.0,1006.0,
004791,1,2018365N08115,2018,117,NI,PABUK,2019-01-05 06:00:00,9.3,98.0,30.0,1005.0,
004792,1,2018365N08115,2018,117,NI,PABUK,2019-01-05 09:00:00,9.5,97.7,28.0,1006.0,
004793,1,2018365N08115,2018,117,NI,PABUK,2019-01-05 12:00:00,9.8,97.4,25.0,1007.0,
004794,1,2018365N08115,2018,117,NI,PABUK,2019-01-05 15:00:00,10.1,96.9,28.0,1006.0,
004795,1,2018365N08115,2018,117,NI,PABUK,2019-01-05 18:00:00,10.4,96.4,30.0,1004.0,
004796,1,2018365N08115,2018,117,NI,PABUK,2019-01-05 21:00:00,10.5,95.9,28.0,1005.0,
004797,1,2018365N08115,2018,117,NI,PABUK,2019-01-06 00:00:00,10.7,95.3,25.0,1006.0,
004798,1,2018365N08115,2018,117,NI,PABUK,2019-01-06 03:00:00,10.8,94.4,25.0,1007.0,
004799,1,2018365N08115,2018,117,NI,PABUK,2019-01-06 06:00:00,11.0,93.6,25.0,1007.0,
004800,1,2018365N08115,2018,117,NI,PABUK,2019-01-06 09:00:00,11.1,92.9,23.0,1008.0,
004801,1,2018365N08115,2018,117,NI,PABUK,2019-01-06 12:00:00,11.3,92.4,20.0,1009.0,
004802,1,2018365N08115,2018,117,NI,PABUK,2019-01-06 15:00:00,11.5,92.0,20.0,1009.0,
004803,1,2018365N08115,2018,117,NI,PABUK,2019-01-06 18:00:00,11.7,91.7,20.0,1009.0,
004804,1,2018365N08115,2018,117,NI,PABUK,2019-01-06 21:00:00,12.0,91.2,20.0,1009.0,
004805,1,2018365N08115,2018,117,NI,PABUK,2019-01-07 00:00:00,12.3,91.0,20.0,1009.0,
004806,1,2018365N08115,2018,117,NI,PABUK,2019-01-07 03:00:00,12.5,91.1,20.0,1009.0,
004807,1,2018365N08115,2018,117,NI,PABUK,2019-01-07 06:00:00,12.6,91.4,20.0,1009.0,
004808,1,2018365N08115,2018,117,NI,PABUK,2019-01-07 09:00:00,12.9,92.0,,,
004809,1,2018365N08115,2018,117,NI,PABUK,2019-01-07 12:00:00,13.1,92.0,,,
004810,1,2018365N08115,2018,117,NI,PABUK,2019-01-07 15:00:00,13.1,92.0,,,
004811,1,2018365N08115,2018,117,NI,PABUK,2019-01-07 18:00:00,13.1,92.0,,,
004812,1,2019116N02090,2019,23,NI,FANI,2019-04-25 18:00:00,1.9,90.2,25.0,1004.0,
004813,1,2019116N02090,2019,23,NI,FANI,2019-04-25 21:00:00,2.1,90.1,25.0,1004.0,
004814,1,2019116N02090,2019,23,NI,FANI,2019-04-26 00:00:00,2.2,90.0,25.0,1003.0,
004815,1,2019116N02090,2019,23,NI,FANI,2019-04-26 03:00:00,2.3,89.8,25.0,1003.0,
004816,1,2019116N02090,2019,23,NI,FANI,2019-04-26 06:00:00,2.5,89.7,25.0,1003.0,
004817,1,2019116N02090,2019,23,NI,FANI,2019-04-26 09:00:00,2.8,89.8,25.0,1003.0,
004818,1,2019116N02090,2019,23,NI,FANI,2019-04-26 12:00:00,3.2,89.8,25.0,1003.0,
004819,1,2019116N02090,2019,23,NI,FANI,2019-04-26 15:00:00,3.5,89.7,28.0,1004.0,
004820,1,2019116N02090,2019,23,NI,FANI,2019-04-26 18:00:00,3.8,89.5,30.0,1004.0,
004821,1,2019116N02090,2019,23,NI,FANI,2019-04-26 21:00:00,4.2,89.4,33.0,1004.0,
004822,1,2019116N02090,2019,23,NI,FANI,2019-04-27 00:00:00,4.6,89.4,35.0,1003.0,
004823,1,2019116N02090,2019,23,NI,FANI,2019-04-27 03:00:00,4.9,89.4,40.0,1001.0,
004824,1,2019116N02090,2019,23,NI,FANI,2019-04-27 06:00:00,5.1,89.4,45.0,998.0,
004825,1,2019116N02090,2019,23,NI,FANI,2019-04-27 09:00:00,5.5,89.3,45.0,997.0,
004826,1,2019116N02090,2019,23,NI,FANI,2019-04-27 12:00:00,6.0,89.2,45.0,996.0,
004827,1,2019116N02090,2019,23,NI,FANI,2019-04-27 15:00:00,6.4,88.9,45.0,996.0,
004828,1,2019116N02090,2019,23,NI,FANI,2019-04-27 18:00:00,6.6,88.5,45.0,996.0,
004829,1,2019116N02090,2019,23,NI,FANI,2019-04-27 21:00:00,6.8,88.2,45.0,997.0,
004830,1,2019116N02090,2019,23,NI,FANI,2019-04-28 00:00:00,7.1,88.1,45.0,998.0,
004831,1,2019116N02090,2019,23,NI,FANI,2019-04-28 03:00:00,7.2,88.1,45.0,998.0,
004832,1,2019116N02090,2019,23,NI,FANI,2019-04-28 06:00:00,7.4,88.1,45.0,998.0,
004833,1,2019116N02090,2019,23,NI,FANI,2019-04-28 09:00:00,7.6,87.9,45.0,997.0,
004834,1,2019116N02090,2019,23,NI,FANI,2019-04-28 12:00:00,8.0,87.6,45.0,996.0,
004835,1,2019116N02090,2019,23,NI,FANI,2019-04-28 15:00:00,8.1,87.5,45.0,996.0,
004836,1,2019116N02090,2019,23,NI,FANI,2019-04-28 18:00:00,8.2,87.5,45.0,995.0,
004837,1,2019116N02090,2019,23,NI,FANI,2019-04-28 21:00:00,8.4,87.4,45.0,992.0,
004838,1,2019116N02090,2019,23,NI,FANI,2019-04-29 00:00:00,8.6,87.4,45.0,989.0,
004839,1,2019116N02090,2019,23,NI,FANI,2019-04-29 03:00:00,8.8,87.2,48.0,987.0,
004840,1,2019116N02090,2019,23,NI,FANI,2019-04-29 06:00:00,9.3,87.2,50.0,985.0,
004841,1,2019116N02090,2019,23,NI,FANI,2019-04-29 09:00:00,9.8,87.1,55.0,986.0,
004842,1,2019116N02090,2019,23,NI,FANI,2019-04-29 12:00:00,10.2,87.1,60.0,987.0,
004843,1,2019116N02090,2019,23,NI,FANI,2019-04-29 15:00:00,10.5,86.9,65.0,984.0,
004844,1,2019116N02090,2019,23,NI,FANI,2019-04-29 18:00:00,10.9,86.8,70.0,981.0,
004845,1,2019116N02090,2019,23,NI,FANI,2019-04-29 21:00:00,11.3,86.6,78.0,976.0,
004846,1,2019116N02090,2019,23,NI,FANI,2019-04-30 00:00:00,11.8,86.5,85.0,971.0,
004847,1,2019116N02090,2019,23,NI,FANI,2019-04-30 03:00:00,12.3,86.2,88.0,969.0,
004848,1,2019116N02090,2019,23,NI,FANI,2019-04-30 06:00:00,12.7,85.8,90.0,967.0,
004849,1,2019116N02090,2019,23,NI,FANI,2019-04-30 09:00:00,13.0,85.3,93.0,966.0,
004850,1,2019116N02090,2019,23,NI,FANI,2019-04-30 12:00:00,13.3,84.8,95.0,964.0,
004851,1,2019116N02090,2019,23,NI,FANI,2019-04-30 15:00:00,13.4,84.6,100.0,960.0,
004852,1,2019116N02090,2019,23,NI,FANI,2019-04-30 18:00:00,13.5,84.4,105.0,955.0,
004853,1,2019116N02090,2019,23,NI,FANI,2019-04-30 21:00:00,13.6,84.2,105.0,954.0,
004854,1,2019116N02090,2019,23,NI,FANI,2019-05-01 00:00:00,13.9,84.1,105.0,952.0,
004855,1,2019116N02090,2019,23,NI,FANI,2019-05-01 03:00:00,14.1,84.0,105.0,952.0,
004856,1,2019116N02090,2019,23,NI,FANI,2019-05-01 06:00:00,14.2,84.0,105.0,951.0,
004857,1,2019116N02090,2019,23,NI,FANI,2019-05-01 09:00:00,14.5,84.1,105.0,951.0,
004858,1,2019116N02090,2019,23,NI,FANI,2019-05-01 12:00:00,14.9,84.1,105.0,951.0,
004859,1,2019116N02090,2019,23,NI,FANI,2019-05-01 15:00:00,15.0,84.2,105.0,951.0,
004860,1,2019116N02090,2019,23,NI,FANI,2019-05-01 18:00:00,15.2,84.2,105.0,951.0,
004861,1,2019116N02090,2019,23,NI,FANI,2019-05-01 21:00:00,15.5,84.3,108.0,946.0,
004862,1,2019116N02090,2019,23,NI,FANI,2019-05-02 00:00:00,15.9,84.6,110.0,941.0,
004863,1,2019116N02090,2019,23,NI,FANI,2019-05-02 03:00:00,16.2,84.7,115.0,938.0,
004864,1,2019116N02090,2019,23,NI,FANI,2019-05-02 06:00:00,16.8,84.8,120.0,934.0,
004865,1,2019116N02090,2019,23,NI,FANI,2019-05-02 09:00:00,17.2,84.8,135.0,917.0,
004866,1,2019116N02090,2019,23,NI,FANI,2019-05-02 12:00:00,17.6,84.8,150.0,900.0,
004867,1,2019116N02090,2019,23,NI,FANI,2019-05-02 15:00:00,17.9,84.9,148.0,903.0,
004868,1,2019116N02090,2019,23,NI,FANI,2019-05-02 18:00:00,18.3,85.0,145.0,905.0,
004869,1,2019116N02090,2019,23,NI,FANI,2019-05-02 21:00:00,18.6,85.2,140.0,912.0,
004870,1,2019116N02090,2019,23,NI,FANI,2019-05-03 00:00:00,19.1,85.5,135.0,918.0,
004871,1,2019116N02090,2019,23,NI,FANI,2019-05-03 03:00:00,19.6,85.7,125.0,930.0,
004872,1,2019116N02090,2019,23,NI,FANI,2019-05-03 06:00:00,20.2,85.9,115.0,942.0,
004873,1,2019116N02090,2019,23,NI,FANI,2019-05-03 09:00:00,20.7,86.1,95.0,957.0,
004874,1,2019116N02090,2019,23,NI,FANI,2019-05-03 12:00:00,21.2,86.5,75.0,971.0,
004875,1,2019116N02090,2019,23,NI,FANI,2019-05-03 15:00:00,21.6,86.9,65.0,978.0,
004876,1,2019116N02090,2019,23,NI,FANI,2019-05-03 18:00:00,22.1,87.4,55.0,985.0,
004877,1,2019116N02090,2019,23,NI,FANI,2019-05-03 21:00:00,22.6,88.1,48.0,989.0,
004878,1,2019116N02090,2019,23,NI,FANI,2019-05-04 00:00:00,23.2,88.5,40.0,993.0,
004879,1,2019116N02090,2019,23,NI,FANI,2019-05-04 03:00:00,23.7,89.0,35.0,996.0,
004880,1,2019116N02090,2019,23,NI,FANI,2019-05-04 06:00:00,24.4,89.5,30.0,999.0,
004881,1,2019116N02090,2019,23,NI,FANI,2019-05-04 09:00:00,24.8,89.9,,,
004882,1,2019116N02090,2019,23,NI,FANI,2019-05-04 12:00:00,25.2,90.7,,,
004883,1,2019160N11073,2019,27,NI,VAYU,2019-06-08 18:00:00,10.5,72.7,15.0,,
004884,1,2019160N11073,2019,27,NI,VAYU,2019-06-08 21:00:00,10.2,72.3,18.0,,
004885,1,2019160N11073,2019,27,NI,VAYU,2019-06-09 00:00:00,10.1,71.9,20.0,1004.0,
004886,1,2019160N11073,2019,27,NI,VAYU,2019-06-09 03:00:00,10.2,71.6,20.0,1004.0,
004887,1,2019160N11073,2019,27,NI,VAYU,2019-06-09 06:00:00,10.4,71.4,20.0,1004.0,
004888,1,2019160N11073,2019,27,NI,VAYU,2019-06-09 09:00:00,10.6,71.2,23.0,1003.0,
004889,1,2019160N11073,2019,27,NI,VAYU,2019-06-09 12:00:00,10.9,71.1,25.0,1002.0,
004890,1,2019160N11073,2019,27,NI,VAYU,2019-06-09 15:00:00,11.2,71.1,28.0,1001.0,
004891,1,2019160N11073,2019,27,NI,VAYU,2019-06-09 18:00:00,11.5,71.2,30.0,1000.0,
004892,1,2019160N11073,2019,27,NI,VAYU,2019-06-09 21:00:00,11.8,71.1,30.0,1000.0,
004893,1,2019160N11073,2019,27,NI,VAYU,2019-06-10 00:00:00,12.0,71.0,30.0,999.0,
004894,1,2019160N11073,2019,27,NI,VAYU,2019-06-10 03:00:00,12.4,70.9,33.0,997.0,
004895,1,2019160N11073,2019,27,NI,VAYU,2019-06-10 06:00:00,12.6,70.8,35.0,995.0,
004896,1,2019160N11073,2019,27,NI,VAYU,2019-06-10 09:00:00,12.9,70.8,40.0,995.0,
004897,1,2019160N11073,2019,27,NI,VAYU,2019-06-10 12:00:00,13.3,70.7,45.0,994.0,
004898,1,2019160N11073,2019,27,NI,VAYU,2019-06-10 15:00:00,13.6,70.6,45.0,993.0,
004899,1,2019160N11073,2019,27,NI,VAYU,2019-06-10 18:00:00,13.9,70.6,45.0,992.0,
004900,1,2019160N11073,2019,27,NI,VAYU,2019-06-10 21:00:00,14.2,70.6,48.0,990.0,
004901,1,2019160N11073,2019,27,NI,VAYU,2019-06-11 00:00:00,14.6,70.7,50.0,988.0,
004902,1,2019160N11073,2019,27,NI,VAYU,2019-06-11 03:00:00,14.9,70.7,53.0,987.0,
004903,1,2019160N11073,2019,27,NI,VAYU,2019-06-11 06:00:00,15.2,70.8,55.0,986.0,
004904,1,2019160N11073,2019,27,NI,VAYU,2019-06-11 09:00:00,15.6,70.8,63.0,982.0,
004905,1,2019160N11073,2019,27,NI,VAYU,2019-06-11 12:00:00,16.1,70.8,70.0,977.0,
004906,1,2019160N11073,2019,27,NI,VAYU,2019-06-11 15:00:00,16.6,70.7,75.0,970.0,
004907,1,2019160N11073,2019,27,NI,VAYU,2019-06-11 18:00:00,17.0,70.6,80.0,963.0,
004908,1,2019160N11073,2019,27,NI,VAYU,2019-06-11 21:00:00,17.4,70.5,88.0,961.0,
004909,1,2019160N11073,2019,27,NI,VAYU,2019-06-12 00:00:00,17.7,70.3,95.0,958.0,
004910,1,2019160N11073,2019,27,NI,VAYU,2019-06-12 03:00:00,18.0,70.2,95.0,958.0,
004911,1,2019160N11073,2019,27,NI,VAYU,2019-06-12 06:00:00,18.4,70.0,95.0,957.0,
004912,1,2019160N11073,2019,27,NI,VAYU,2019-06-12 09:00:00,18.8,69.9,93.0,959.0,
004913,1,2019160N11073,2019,27,NI,VAYU,2019-06-12 12:00:00,19.1,69.9,90.0,961.0,
004914,1,2019160N11073,2019,27,NI,VAYU,2019-06-12 15:00:00,19.4,69.8,88.0,962.0,
004915,1,2019160N11073,2019,27,NI,VAYU,2019-06-12 18:00:00,19.7,69.7,85.0,963.0,
004916,1,2019160N11073,2019,27,NI,VAYU,2019-06-12 21:00:00,19.9,69.6,85.0,962.0,
004917,1,2019160N11073,2019,27,NI,VAYU,2019-06-13 00:00:00,20.1,69.6,85.0,961.0,
004918,1,2019160N11073,2019,27,NI,VAYU,2019-06-13 03:00:00,20.3,69.5,90.0,958.0,
004919,1,2019160N11073,2019,27,NI,VAYU,2019-06-13 06:00:00,20.5,69.4,95.0,955.0,
004920,1,2019160N11073,2019,27,NI,VAYU,2019-06-13 09:00:00,20.7,69.2,98.0,952.0,
004921,1,2019160N11073,2019,27,NI,VAYU,2019-06-13 12:00:00,20.8,69.1,100.0,948.0,
004922,1,2019160N11073,2019,27,NI,VAYU,2019-06-13 15:00:00,20.9,68.9,100.0,948.0,
004923,1,2019160N11073,2019,27,NI,VAYU,2019-06-13 18:00:00,20.9,68.9,100.0,948.0,
004924,1,2019160N11073,2019,27,NI,VAYU,2019-06-13 21:00:00,20.9,68.7,98.0,950.0,
004925,1,2019160N11073,2019,27,NI,VAYU,2019-06-14 00:00:00,21.0,68.6,95.0,952.0,
004926,1,2019160N11073,2019,27,NI,VAYU,2019-06-14 03:00:00,21.0,68.4,93.0,955.0,
004927,1,2019160N11073,2019,27,NI,VAYU,2019-06-14 06:00:00,21.0,68.4,90.0,957.0,
004928,1,2019160N11073,2019,27,NI,VAYU,2019-06-14 09:00:00,20.9,68.3,83.0,961.0,
004929,1,2019160N11073,2019,27,NI,VAYU,2019-06-14 12:00:00,20.8,68.2,75.0,965.0,
004930,1,2019160N11073,2019,27,NI,VAYU,2019-06-14 15:00:00,20.8,68.1,75.0,966.0,
004931,1,2019160N11073,2019,27,NI,VAYU,2019-06-14 18:00:00,20.8,67.9,75.0,967.0,
004932,1,2019160N11073,2019,27,NI,VAYU,2019-06-14 21:00:00,20.7,67.7,78.0,965.0,
004933,1,2019160N11073,2019,27,NI,VAYU,2019-06-15 00:00:00,20.7,67.5,80.0,962.0,
004934,1,2019160N11073,2019,27,NI,VAYU,2019-06-15 03:00:00,20.6,67.3,80.0,963.0,
004935,1,2019160N11073,2019,27,NI,VAYU,2019-06-15 06:00:00,20.6,66.9,80.0,964.0,
004936,1,2019160N11073,2019,27,NI,VAYU,2019-06-15 09:00:00,20.6,66.7,78.0,966.0,
004937,1,2019160N11073,2019,27,NI,VAYU,2019-06-15 12:00:00,20.7,66.4,75.0,968.0,
004938,1,2019160N11073,2019,27,NI,VAYU,2019-06-15 15:00:00,20.7,66.2,73.0,970.0,
004939,1,2019160N11073,2019,27,NI,VAYU,2019-06-15 18:00:00,20.7,66.0,70.0,971.0,
004940,1,2019160N11073,2019,27,NI,VAYU,2019-06-15 21:00:00,20.7,65.8,68.0,973.0,
004941,1,2019160N11073,2019,27,NI,VAYU,2019-06-16 00:00:00,20.8,65.5,65.0,975.0,
004942,1,2019160N11073,2019,27,NI,VAYU,2019-06-16 03:00:00,20.8,65.2,63.0,977.0,
004943,1,2019160N11073,2019,27,NI,VAYU,2019-06-16 06:00:00,20.8,65.1,60.0,979.0,
004944,1,2019160N11073,2019,27,NI,VAYU,2019-06-16 09:00:00,20.7,65.1,58.0,981.0,
004945,1,2019160N11073,2019,27,NI,VAYU,2019-06-16 12:00:00,20.8,65.2,55.0,983.0,
004946,1,2019160N11073,2019,27,NI,VAYU,2019-06-16 15:00:00,20.8,65.6,45.0,988.0,
004947,1,2019160N11073,2019,27,NI,VAYU,2019-06-16 18:00:00,21.1,66.1,40.0,993.0,
004948,1,2019160N11073,2019,27,NI,VAYU,2019-06-16 21:00:00,21.4,66.4,38.0,994.0,
004949,1,2019160N11073,2019,27,NI,VAYU,2019-06-17 00:00:00,21.7,66.6,35.0,994.0,
004950,1,2019160N11073,2019,27,NI,VAYU,2019-06-17 03:00:00,21.8,66.8,33.0,995.0,
004951,1,2019160N11073,2019,27,NI,VAYU,2019-06-17 06:00:00,21.9,67.0,30.0,996.0,
004952,1,2019160N11073,2019,27,NI,VAYU,2019-06-17 09:00:00,22.2,67.4,28.0,997.0,
004953,1,2019160N11073,2019,27,NI,VAYU,2019-06-17 12:00:00,22.5,67.9,25.0,998.0,
004954,1,2019160N11073,2019,27,NI,VAYU,2019-06-17 15:00:00,22.8,68.1,23.0,1003.0,
004955,1,2019160N11073,2019,27,NI,VAYU,2019-06-17 18:00:00,23.1,68.3,20.0,1007.0,
004956,1,2019160N11073,2019,27,NI,VAYU,2019-06-17 21:00:00,23.2,68.6,20.0,1007.0,
004957,1,2019160N11073,2019,27,NI,VAYU,2019-06-18 00:00:00,23.2,69.0,20.0,1007.0,
004958,1,2019160N11073,2019,27,NI,VAYU,2019-06-18 03:00:00,23.1,69.6,20.0,1007.0,
004959,1,2019160N11073,2019,27,NI,VAYU,2019-06-18 06:00:00,23.0,70.2,20.0,1007.0,
004960,1,2019264N19071,2019,71,NI,HIKAA:HIKKA,2019-09-20 18:00:00,19.3,71.3,20.0,1007.0,
004961,1,2019264N19071,2019,71,NI,HIKAA:HIKKA,2019-09-20 21:00:00,19.2,71.1,20.0,1005.0,
004962,1,2019264N19071,2019,71,NI,HIKAA:HIKKA,2019-09-21 00:00:00,19.1,70.9,20.0,1002.0,
004963,1,2019264N19071,2019,71,NI,HIKAA:HIKKA,2019-09-21 03:00:00,19.1,70.7,20.0,1002.0,
004964,1,2019264N19071,2019,71,NI,HIKAA:HIKKA,2019-09-21 06:00:00,19.1,70.6,20.0,1002.0,
004965,1,2019264N19071,2019,71,NI,HIKAA:HIKKA,2019-09-21 09:00:00,19.1,70.5,20.0,1002.0,
004966,1,2019264N19071,2019,71,NI,HIKAA:HIKKA,2019-09-21 12:00:00,19.2,70.3,20.0,1002.0,
004967,1,2019264N19071,2019,71,NI,HIKAA:HIKKA,2019-09-21 15:00:00,19.2,70.1,20.0,1003.0,
004968,1,2019264N19071,2019,71,NI,HIKAA:HIKKA,2019-09-21 18:00:00,19.3,69.9,20.0,1004.0,
004969,1,2019264N19071,2019,71,NI,HIKAA:HIKKA,2019-09-21 21:00:00,19.4,69.7,23.0,1003.0,
004970,1,2019264N19071,2019,71,NI,HIKAA:HIKKA,2019-09-22 00:00:00,19.6,69.5,25.0,1001.0,
004971,1,2019264N19071,2019,71,NI,HIKAA:HIKKA,2019-09-22 03:00:00,19.8,69.2,28.0,1001.0,
004972,1,2019264N19071,2019,71,NI,HIKAA:HIKKA,2019-09-22 06:00:00,20.0,68.9,30.0,1001.0,
004973,1,2019264N19071,2019,71,NI,HIKAA:HIKKA,2019-09-22 09:00:00,20.2,68.5,33.0,1000.0,
004974,1,2019264N19071,2019,71,NI,HIKAA:HIKKA,2019-09-22 12:00:00,20.4,68.1,35.0,999.0,
004975,1,2019264N19071,2019,71,NI,HIKAA:HIKKA,2019-09-22 15:00:00,20.5,67.6,35.0,1000.0,
004976,1,2019264N19071,2019,71,NI,HIKAA:HIKKA,2019-09-22 18:00:00,20.4,67.1,35.0,1001.0,
004977,1,2019264N19071,2019,71,NI,HIKAA:HIKKA,2019-09-22 21:00:00,20.4,66.6,43.0,998.0,
004978,1,2019264N19071,2019,71,NI,HIKAA:HIKKA,2019-09-23 00:00:00,20.4,66.1,50.0,995.0,
004979,1,2019264N19071,2019,71,NI,HIKAA:HIKKA,2019-09-23 03:00:00,20.3,65.5,53.0,995.0,
004980,1,2019264N19071,2019,71,NI,HIKAA:HIKKA,2019-09-23 06:00:00,20.3,64.9,55.0,994.0,
004981,1,2019264N19071,2019,71,NI,HIKAA:HIKKA,2019-09-23 09:00:00,20.2,64.1,63.0,989.0,
004982,1,2019264N19071,2019,71,NI,HIKAA:HIKKA,2019-09-23 12:00:00,20.2,63.6,70.0,984.0,
004983,1,2019264N19071,2019,71,NI,HIKAA:HIKKA,2019-09-23 15:00:00,20.2,62.9,75.0,981.0,
004984,1,2019264N19071,2019,71,NI,HIKAA:HIKKA,2019-09-23 18:00:00,20.2,62.3,80.0,978.0,
004985,1,2019264N19071,2019,71,NI,HIKAA:HIKKA,2019-09-23 21:00:00,20.2,61.6,85.0,974.0,
004986,1,2019264N19071,2019,71,NI,HIKAA:HIKKA,2019-09-24 00:00:00,20.1,61.0,90.0,969.0,
004987,1,2019264N19071,2019,71,NI,HIKAA:HIKKA,2019-09-24 03:00:00,20.1,60.3,90.0,969.0,
004988,1,2019264N19071,2019,71,NI,HIKAA:HIKKA,2019-09-24 06:00:00,20.0,59.6,90.0,969.0,
004989,1,2019264N19071,2019,71,NI,HIKAA:HIKKA,2019-09-24 09:00:00,19.9,58.9,83.0,974.0,
004990,1,2019264N19071,2019,71,NI,HIKAA:HIKKA,2019-09-24 12:00:00,19.8,58.3,75.0,979.0,
004991,1,2019264N19071,2019,71,NI,HIKAA:HIKKA,2019-09-24 15:00:00,19.7,57.6,68.0,981.0,
004992,1,2019264N19071,2019,71,NI,HIKAA:HIKKA,2019-09-24 18:00:00,19.7,57.1,60.0,982.0,
004993,1,2019264N19071,2019,71,NI,HIKAA:HIKKA,2019-09-24 21:00:00,19.6,56.5,53.0,986.0,
004994,1,2019264N19071,2019,71,NI,HIKAA:HIKKA,2019-09-25 00:00:00,19.6,56.0,45.0,989.0,
004995,1,2019264N19071,2019,71,NI,HIKAA:HIKKA,2019-09-25 03:00:00,19.4,55.5,38.0,995.0,
004996,1,2019264N19071,2019,71,NI,HIKAA:HIKKA,2019-09-25 06:00:00,19.2,55.0,30.0,1000.0,
004997,1,2019264N19071,2019,71,NI,HIKAA:HIKKA,2019-09-25 09:00:00,19.2,54.5,28.0,1004.0,
004998,1,2019264N19071,2019,71,NI,HIKAA:HIKKA,2019-09-25 12:00:00,19.2,54.0,25.0,1008.0,
004999,1,2019264N19071,2019,71,NI,HIKAA:HIKKA,2019-09-25 15:00:00,19.1,53.4,23.0,1009.0,
005000,1,2019264N19071,2019,71,NI,HIKAA:HIKKA,2019-09-25 18:00:00,19.0,52.8,20.0,1010.0,
005001,1,2019264N19071,2019,71,NI,HIKAA:HIKKA,2019-09-25 21:00:00,18.9,52.3,20.0,1010.0,
005002,1,2019264N19071,2019,71,NI,HIKAA:HIKKA,2019-09-26 00:00:00,18.9,51.7,20.0,1010.0,
005003,1,2019264N19071,2019,71,NI,HIKAA:HIKKA,2019-09-26 03:00:00,18.9,51.1,20.0,1010.0,
005004,1,2019264N19071,2019,71,NI,HIKAA:HIKKA,2019-09-26 06:00:00,18.8,50.5,20.0,1010.0,
005005,1,2019296N15066,2019,87,NI,KYAAR:KYARR,2019-10-22 18:00:00,14.7,66.4,20.0,1004.0,
005006,1,2019296N15066,2019,87,NI,KYAAR:KYARR,2019-10-22 21:00:00,14.9,66.8,20.0,1004.0,
005007,1,2019296N15066,2019,87,NI,KYAAR:KYARR,2019-10-23 00:00:00,15.1,67.2,20.0,1003.0,
005008,1,2019296N15066,2019,87,NI,KYAAR:KYARR,2019-10-23 03:00:00,15.2,67.6,20.0,1004.0,
005009,1,2019296N15066,2019,87,NI,KYAAR:KYARR,2019-10-23 06:00:00,15.3,68.1,20.0,1005.0,
005010,1,2019296N15066,2019,87,NI,KYAAR:KYARR,2019-10-23 09:00:00,15.4,68.5,20.0,1004.0,
005011,1,2019296N15066,2019,87,NI,KYAAR:KYARR,2019-10-23 12:00:00,15.5,69.0,20.0,1002.0,
005012,1,2019296N15066,2019,87,NI,KYAAR:KYARR,2019-10-23 15:00:00,15.6,69.6,23.0,1003.0,
005013,1,2019296N15066,2019,87,NI,KYAAR:KYARR,2019-10-23 18:00:00,15.6,70.1,25.0,1004.0,
005014,1,2019296N15066,2019,87,NI,KYAAR:KYARR,2019-10-23 21:00:00,15.6,70.4,25.0,1002.0,
005015,1,2019296N15066,2019,87,NI,KYAAR:KYARR,2019-10-24 00:00:00,15.5,70.5,25.0,999.0,
005016,1,2019296N15066,2019,87,NI,KYAAR:KYARR,2019-10-24 03:00:00,15.3,70.6,28.0,1000.0,
005017,1,2019296N15066,2019,87,NI,KYAAR:KYARR,2019-10-24 06:00:00,15.2,70.7,30.0,1001.0,
005018,1,2019296N15066,2019,87,NI,KYAAR:KYARR,2019-10-24 09:00:00,15.3,70.8,30.0,1001.0,
005019,1,2019296N15066,2019,87,NI,KYAAR:KYARR,2019-10-24 12:00:00,15.5,71.0,30.0,1001.0,
005020,1,2019296N15066,2019,87,NI,KYAAR:KYARR,2019-10-24 15:00:00,15.5,71.1,33.0,1001.0,
005021,1,2019296N15066,2019,87,NI,KYAAR:KYARR,2019-10-24 18:00:00,15.6,71.3,35.0,1001.0,
005022,1,2019296N15066,2019,87,NI,KYAAR:KYARR,2019-10-24 21:00:00,15.6,71.4,40.0,998.0,
005023,1,2019296N15066,2019,87,NI,KYAAR:KYARR,2019-10-25 00:00:00,15.8,71.6,45.0,994.0,
005024,1,2019296N15066,2019,87,NI,KYAAR:KYARR,2019-10-25 03:00:00,15.9,71.7,48.0,993.0,
005025,1,2019296N15066,2019,87,NI,KYAAR:KYARR,2019-10-25 06:00:00,16.0,71.8,50.0,992.0,
005026,1,2019296N15066,2019,87,NI,KYAAR:KYARR,2019-10-25 09:00:00,16.1,71.8,53.0,990.0,
005027,1,2019296N15066,2019,87,NI,KYAAR:KYARR,2019-10-25 12:00:00,16.3,71.8,55.0,987.0,
005028,1,2019296N15066,2019,87,NI,KYAAR:KYARR,2019-10-25 15:00:00,16.3,71.7,60.0,986.0,
005029,1,2019296N15066,2019,87,NI,KYAAR:KYARR,2019-10-25 18:00:00,16.5,71.5,65.0,984.0,
005030,1,2019296N15066,2019,87,NI,KYAAR:KYARR,2019-10-25 21:00:00,16.5,71.1,68.0,982.0,
005031,1,2019296N15066,2019,87,NI,KYAAR:KYARR,2019-10-26 00:00:00,16.6,70.8,70.0,979.0,
005032,1,2019296N15066,2019,87,NI,KYAAR:KYARR,2019-10-26 03:00:00,16.6,70.4,75.0,978.0,
005033,1,2019296N15066,2019,87,NI,KYAAR:KYARR,2019-10-26 06:00:00,16.6,70.0,80.0,976.0,
005034,1,2019296N15066,2019,87,NI,KYAAR:KYARR,2019-10-26 09:00:00,16.6,69.7,88.0,969.0,
005035,1,2019296N15066,2019,87,NI,KYAAR:KYARR,2019-10-26 12:00:00,16.7,69.4,95.0,961.0,
005036,1,2019296N15066,2019,87,NI,KYAAR:KYARR,2019-10-26 15:00:00,16.7,69.1,108.0,950.0,
005037,1,2019296N15066,2019,87,NI,KYAAR:KYARR,2019-10-26 18:00:00,16.8,68.9,120.0,939.0,
005038,1,2019296N15066,2019,87,NI,KYAAR:KYARR,2019-10-26 21:00:00,16.9,68.5,128.0,932.0,
005039,1,2019296N15066,2019,87,NI,KYAAR:KYARR,2019-10-27 00:00:00,17.0,68.2,135.0,924.0,
005040,1,2019296N15066,2019,87,NI,KYAAR:KYARR,2019-10-27 03:00:00,17.1,67.8,135.0,925.0,
005041,1,2019296N15066,2019,87,NI,KYAAR:KYARR,2019-10-27 06:00:00,17.3,67.4,135.0,926.0,
005042,1,2019296N15066,2019,87,NI,KYAAR:KYARR,2019-10-27 09:00:00,17.4,67.1,133.0,927.0,
005043,1,2019296N15066,2019,87,NI,KYAAR:KYARR,2019-10-27 12:00:00,17.5,66.8,130.0,928.0,
005044,1,2019296N15066,2019,87,NI,KYAAR:KYARR,2019-10-27 15:00:00,17.6,66.5,128.0,931.0,
005045,1,2019296N15066,2019,87,NI,KYAAR:KYARR,2019-10-27 18:00:00,17.8,66.3,125.0,933.0,
005046,1,2019296N15066,2019,87,NI,KYAAR:KYARR,2019-10-27 21:00:00,18.0,65.8,128.0,931.0,
005047,1,2019296N15066,2019,87,NI,KYAAR:KYARR,2019-10-28 00:00:00,18.2,65.5,130.0,929.0,
005048,1,2019296N15066,2019,87,NI,KYAAR:KYARR,2019-10-28 03:00:00,18.2,65.1,130.0,930.0,
005049,1,2019296N15066,2019,87,NI,KYAAR:KYARR,2019-10-28 06:00:00,18.3,64.8,130.0,931.0,
005050,1,2019296N15066,2019,87,NI,KYAAR:KYARR,2019-10-28 09:00:00,18.4,64.5,128.0,932.0,
005051,1,2019296N15066,2019,87,NI,KYAAR:KYARR,2019-10-28 12:00:00,18.5,64.4,125.0,933.0,
005052,1,2019296N15066,2019,87,NI,KYAAR:KYARR,2019-10-28 15:00:00,18.7,64.1,123.0,935.0,
005053,1,2019296N15066,2019,87,NI,KYAAR:KYARR,2019-10-28 18:00:00,18.8,64.0,120.0,937.0,
005054,1,2019296N15066,2019,87,NI,KYAAR:KYARR,2019-10-28 21:00:00,18.9,63.8,118.0,940.0,
005055,1,2019296N15066,2019,87,NI,KYAAR:KYARR,2019-10-29 00:00:00,19.1,63.6,115.0,942.0,
005056,1,2019296N15066,2019,87,NI,KYAAR:KYARR,2019-10-29 03:00:00,19.2,63.4,113.0,945.0,
005057,1,2019296N15066,2019,87,NI,KYAAR:KYARR,2019-10-29 06:00:00,19.4,63.3,110.0,947.0,
005058,1,2019296N15066,2019,87,NI,KYAAR:KYARR,2019-10-29 09:00:00,19.5,63.1,105.0,951.0,
005059,1,2019296N15066,2019,87,NI,KYAAR:KYARR,2019-10-29 12:00:00,19.6,63.1,100.0,955.0,
005060,1,2019296N15066,2019,87,NI,KYAAR:KYARR,2019-10-29 15:00:00,19.6,62.9,98.0,958.0,
005061,1,2019296N15066,2019,87,NI,KYAAR:KYARR,2019-10-29 18:00:00,19.6,62.8,95.0,961.0,
005062,1,2019296N15066,2019,87,NI,KYAAR:KYARR,2019-10-29 21:00:00,19.6,62.5,90.0,965.0,
005063,1,2019296N15066,2019,87,NI,KYAAR:KYARR,2019-10-30 00:00:00,19.6,62.3,85.0,968.0,
005064,1,2019296N15066,2019,87,NI,KYAAR:KYARR,2019-10-30 03:00:00,19.5,62.1,78.0,974.0,
005065,1,2019296N15066,2019,87,NI,KYAAR:KYARR,2019-10-30 06:00:00,19.3,61.8,70.0,979.0,
005066,1,2019296N15066,2019,87,NI,KYAAR:KYARR,2019-10-30 09:00:00,19.2,61.6,65.0,983.0,
005067,1,2019296N15066,2019,87,NI,KYAAR:KYARR,2019-10-30 12:00:00,18.9,61.4,60.0,986.0,
005068,1,2019296N15066,2019,87,NI,KYAAR:KYARR,2019-10-30 15:00:00,18.9,61.1,55.0,990.0,
005069,1,2019296N15066,2019,87,NI,KYAAR:KYARR,2019-10-30 18:00:00,18.7,60.8,50.0,994.0,
005070,1,2019296N15066,2019,87,NI,KYAAR:KYARR,2019-10-30 21:00:00,18.5,60.5,45.0,997.0,
005071,1,2019296N15066,2019,87,NI,KYAAR:KYARR,2019-10-31 00:00:00,18.3,60.4,40.0,999.0,
005072,1,2019296N15066,2019,87,NI,KYAAR:KYARR,2019-10-31 03:00:00,18.0,60.1,38.0,1001.0,
005073,1,2019296N15066,2019,87,NI,KYAAR:KYARR,2019-10-31 06:00:00,17.7,60.0,35.0,1003.0,
005074,1,2019296N15066,2019,87,NI,KYAAR:KYARR,2019-10-31 09:00:00,17.5,59.9,35.0,1001.0,
005075,1,2019296N15066,2019,87,NI,KYAAR:KYARR,2019-10-31 12:00:00,17.4,59.9,35.0,999.0,
005076,1,2019296N15066,2019,87,NI,KYAAR:KYARR,2019-10-31 15:00:00,17.2,59.7,30.0,1002.0,
005077,1,2019296N15066,2019,87,NI,KYAAR:KYARR,2019-10-31 18:00:00,16.9,59.6,25.0,1005.0,
005078,1,2019296N15066,2019,87,NI,KYAAR:KYARR,2019-10-31 21:00:00,16.7,59.5,25.0,1005.0,
005079,1,2019296N15066,2019,87,NI,KYAAR:KYARR,2019-11-01 00:00:00,16.5,59.3,25.0,1005.0,
005080,1,2019296N15066,2019,87,NI,KYAAR:KYARR,2019-11-01 03:00:00,16.2,59.0,25.0,1006.0,
005081,1,2019296N15066,2019,87,NI,KYAAR:KYARR,2019-11-01 06:00:00,16.0,58.6,25.0,1006.0,
005082,1,2019296N15066,2019,87,NI,KYAAR:KYARR,2019-11-01 09:00:00,15.7,58.2,25.0,1005.0,
005083,1,2019296N15066,2019,87,NI,KYAAR:KYARR,2019-11-01 12:00:00,15.4,57.6,25.0,1004.0,
005084,1,2019296N15066,2019,87,NI,KYAAR:KYARR,2019-11-01 15:00:00,14.9,57.4,25.0,1005.0,
005085,1,2019296N15066,2019,87,NI,KYAAR:KYARR,2019-11-01 18:00:00,14.4,57.1,25.0,1005.0,
005086,1,2019296N15066,2019,87,NI,KYAAR:KYARR,2019-11-01 21:00:00,14.0,56.6,25.0,1005.0,
005087,1,2019296N15066,2019,87,NI,KYAAR:KYARR,2019-11-02 00:00:00,13.8,56.1,25.0,1005.0,
005088,1,2019296N15066,2019,87,NI,KYAAR:KYARR,2019-11-02 03:00:00,13.6,55.2,25.0,1005.0,
005089,1,2019296N15066,2019,87,NI,KYAAR:KYARR,2019-11-02 06:00:00,13.3,54.3,25.0,1005.0,
005090,1,2019296N15066,2019,87,NI,KYAAR:KYARR,2019-11-02 09:00:00,12.9,53.8,25.0,1006.0,
005091,1,2019296N15066,2019,87,NI,KYAAR:KYARR,2019-11-02 12:00:00,12.6,53.0,25.0,1006.0,
005092,1,2019296N15066,2019,87,NI,KYAAR:KYARR,2019-11-02 15:00:00,12.1,52.3,20.0,1007.0,
005093,1,2019296N15066,2019,87,NI,KYAAR:KYARR,2019-11-02 18:00:00,11.1,51.9,20.0,1007.0,
005094,1,2019296N15066,2019,87,NI,KYAAR:KYARR,2019-11-02 21:00:00,10.3,51.9,20.0,1007.0,
005095,1,2019296N15066,2019,87,NI,KYAAR:KYARR,2019-11-03 00:00:00,9.8,52.1,20.0,1007.0,
005096,1,2019296N15066,2019,87,NI,KYAAR:KYARR,2019-11-03 03:00:00,9.5,52.2,18.0,1007.0,
005097,1,2019296N15066,2019,87,NI,KYAAR:KYARR,2019-11-03 06:00:00,9.2,52.2,15.0,1007.0,
005098,1,2019301N05081,2019,91,NI,MAHA,2019-10-28 06:00:00,4.9,81.2,15.0,,
005099,1,2019301N05081,2019,91,NI,MAHA,2019-10-28 09:00:00,4.9,80.6,15.0,,
005100,1,2019301N05081,2019,91,NI,MAHA,2019-10-28 12:00:00,4.8,80.0,15.0,,
005101,1,2019301N05081,2019,91,NI,MAHA,2019-10-28 15:00:00,4.7,79.4,15.0,,
005102,1,2019301N05081,2019,91,NI,MAHA,2019-10-28 18:00:00,4.6,78.8,15.0,1009.0,
005103,1,2019301N05081,2019,91,NI,MAHA,2019-10-28 21:00:00,4.5,78.1,18.0,1008.0,
005104,1,2019301N05081,2019,91,NI,MAHA,2019-10-29 00:00:00,4.5,77.5,20.0,1007.0,
005105,1,2019301N05081,2019,91,NI,MAHA,2019-10-29 03:00:00,4.7,77.1,23.0,1007.0,
005106,1,2019301N05081,2019,91,NI,MAHA,2019-10-29 06:00:00,5.1,76.8,25.0,1006.0,
005107,1,2019301N05081,2019,91,NI,MAHA,2019-10-29 09:00:00,5.5,76.8,25.0,1006.0,
005108,1,2019301N05081,2019,91,NI,MAHA,2019-10-29 12:00:00,5.9,76.8,25.0,1006.0,
005109,1,2019301N05081,2019,91,NI,MAHA,2019-10-29 15:00:00,6.3,76.7,28.0,1005.0,
005110,1,2019301N05081,2019,91,NI,MAHA,2019-10-29 18:00:00,6.7,76.4,30.0,1004.0,
005111,1,2019301N05081,2019,91,NI,MAHA,2019-10-29 21:00:00,7.1,76.0,30.0,1005.0,
005112,1,2019301N05081,2019,91,NI,MAHA,2019-10-30 00:00:00,7.4,75.7,30.0,1006.0,
005113,1,2019301N05081,2019,91,NI,MAHA,2019-10-30 03:00:00,8.0,75.1,33.0,1006.0,
005114,1,2019301N05081,2019,91,NI,MAHA,2019-10-30 06:00:00,8.3,74.9,35.0,1005.0,
005115,1,2019301N05081,2019,91,NI,MAHA,2019-10-30 09:00:00,8.7,74.5,40.0,1002.0,
005116,1,2019301N05081,2019,91,NI,MAHA,2019-10-30 12:00:00,9.3,74.1,45.0,999.0,
005117,1,2019301N05081,2019,91,NI,MAHA,2019-10-30 15:00:00,9.8,73.8,45.0,999.0,
005118,1,2019301N05081,2019,91,NI,MAHA,2019-10-30 18:00:00,10.3,73.4,45.0,999.0,
005119,1,2019301N05081,2019,91,NI,MAHA,2019-10-30 21:00:00,10.7,73.3,45.0,999.0,
005120,1,2019301N05081,2019,91,NI,MAHA,2019-10-31 00:00:00,11.1,73.3,45.0,998.0,
005121,1,2019301N05081,2019,91,NI,MAHA,2019-10-31 03:00:00,11.6,73.1,48.0,998.0,
005122,1,2019301N05081,2019,91,NI,MAHA,2019-10-31 06:00:00,12.0,73.1,50.0,997.0,
005123,1,2019301N05081,2019,91,NI,MAHA,2019-10-31 09:00:00,12.5,73.1,53.0,995.0,
005124,1,2019301N05081,2019,91,NI,MAHA,2019-10-31 12:00:00,13.0,72.9,55.0,992.0,
005125,1,2019301N05081,2019,91,NI,MAHA,2019-10-31 15:00:00,13.5,72.6,53.0,994.0,
005126,1,2019301N05081,2019,91,NI,MAHA,2019-10-31 18:00:00,13.9,72.3,50.0,996.0,
005127,1,2019301N05081,2019,91,NI,MAHA,2019-10-31 21:00:00,14.1,72.0,48.0,997.0,
005128,1,2019301N05081,2019,91,NI,MAHA,2019-11-01 00:00:00,14.6,71.6,45.0,998.0,
005129,1,2019301N05081,2019,91,NI,MAHA,2019-11-01 03:00:00,14.8,70.9,45.0,998.0,
005130,1,2019301N05081,2019,91,NI,MAHA,2019-11-01 06:00:00,15.2,70.4,45.0,998.0,
005131,1,2019301N05081,2019,91,NI,MAHA,2019-11-01 09:00:00,15.3,70.0,45.0,998.0,
005132,1,2019301N05081,2019,91,NI,MAHA,2019-11-01 12:00:00,15.5,69.7,45.0,998.0,
005133,1,2019301N05081,2019,91,NI,MAHA,2019-11-01 15:00:00,15.7,69.4,45.0,998.0,
005134,1,2019301N05081,2019,91,NI,MAHA,2019-11-01 18:00:00,15.9,69.1,45.0,997.0,
005135,1,2019301N05081,2019,91,NI,MAHA,2019-11-01 21:00:00,16.0,68.9,48.0,996.0,
005136,1,2019301N05081,2019,91,NI,MAHA,2019-11-02 00:00:00,16.2,68.6,50.0,995.0,
005137,1,2019301N05081,2019,91,NI,MAHA,2019-11-02 03:00:00,16.3,68.4,53.0,994.0,
005138,1,2019301N05081,2019,91,NI,MAHA,2019-11-02 06:00:00,16.6,68.2,55.0,993.0,
005139,1,2019301N05081,2019,91,NI,MAHA,2019-11-02 09:00:00,16.8,67.9,55.0,993.0,
005140,1,2019301N05081,2019,91,NI,MAHA,2019-11-02 12:00:00,17.0,67.6,55.0,993.0,
005141,1,2019301N05081,2019,91,NI,MAHA,2019-11-02 15:00:00,17.1,67.3,58.0,992.0,
005142,1,2019301N05081,2019,91,NI,MAHA,2019-11-02 18:00:00,17.2,67.1,60.0,991.0,
005143,1,2019301N05081,2019,91,NI,MAHA,2019-11-02 21:00:00,17.4,66.8,63.0,990.0,
005144,1,2019301N05081,2019,91,NI,MAHA,2019-11-03 00:00:00,17.5,66.6,65.0,989.0,
005145,1,2019301N05081,2019,91,NI,MAHA,2019-11-03 03:00:00,17.5,66.4,68.0,988.0,
005146,1,2019301N05081,2019,91,NI,MAHA,2019-11-03 06:00:00,17.6,66.2,70.0,986.0,
005147,1,2019301N05081,2019,91,NI,MAHA,2019-11-03 09:00:00,17.6,65.9,75.0,983.0,
005148,1,2019301N05081,2019,91,NI,MAHA,2019-11-03 12:00:00,17.7,65.7,80.0,979.0,
005149,1,2019301N05081,2019,91,NI,MAHA,2019-11-03 15:00:00,17.8,65.5,88.0,973.0,
005150,1,2019301N05081,2019,91,NI,MAHA,2019-11-03 18:00:00,17.9,65.4,95.0,967.0,
005151,1,2019301N05081,2019,91,NI,MAHA,2019-11-03 21:00:00,18.0,65.1,98.0,966.0,
005152,1,2019301N05081,2019,91,NI,MAHA,2019-11-04 00:00:00,18.1,64.9,100.0,965.0,
005153,1,2019301N05081,2019,91,NI,MAHA,2019-11-04 03:00:00,18.3,64.6,100.0,965.0,
005154,1,2019301N05081,2019,91,NI,MAHA,2019-11-04 06:00:00,18.6,64.4,100.0,965.0,
005155,1,2019301N05081,2019,91,NI,MAHA,2019-11-04 09:00:00,18.7,64.2,103.0,962.0,
005156,1,2019301N05081,2019,91,NI,MAHA,2019-11-04 12:00:00,18.9,64.1,105.0,959.0,
005157,1,2019301N05081,2019,91,NI,MAHA,2019-11-04 15:00:00,19.2,63.9,105.0,960.0,
005158,1,2019301N05081,2019,91,NI,MAHA,2019-11-04 18:00:00,19.3,63.7,105.0,960.0,
005159,1,2019301N05081,2019,91,NI,MAHA,2019-11-04 21:00:00,19.4,63.6,103.0,962.0,
005160,1,2019301N05081,2019,91,NI,MAHA,2019-11-05 00:00:00,19.5,63.5,100.0,963.0,
005161,1,2019301N05081,2019,91,NI,MAHA,2019-11-05 03:00:00,19.6,63.5,95.0,967.0,
005162,1,2019301N05081,2019,91,NI,MAHA,2019-11-05 06:00:00,19.7,63.6,90.0,970.0,
005163,1,2019301N05081,2019,91,NI,MAHA,2019-11-05 09:00:00,19.7,63.7,88.0,972.0,
005164,1,2019301N05081,2019,91,NI,MAHA,2019-11-05 12:00:00,19.8,64.0,85.0,974.0,
005165,1,2019301N05081,2019,91,NI,MAHA,2019-11-05 15:00:00,19.8,64.3,78.0,981.0,
005166,1,2019301N05081,2019,91,NI,MAHA,2019-11-05 18:00:00,19.8,64.8,70.0,987.0,
005167,1,2019301N05081,2019,91,NI,MAHA,2019-11-05 21:00:00,19.8,65.3,63.0,990.0,
005168,1,2019301N05081,2019,91,NI,MAHA,2019-11-06 00:00:00,19.8,65.6,55.0,993.0,
005169,1,2019301N05081,2019,91,NI,MAHA,2019-11-06 03:00:00,19.7,66.0,50.0,997.0,
005170,1,2019301N05081,2019,91,NI,MAHA,2019-11-06 06:00:00,19.7,66.4,45.0,1000.0,
005171,1,2019301N05081,2019,91,NI,MAHA,2019-11-06 09:00:00,19.6,66.9,43.0,1000.0,
005172,1,2019301N05081,2019,91,NI,MAHA,2019-11-06 12:00:00,19.6,67.5,40.0,1000.0,
005173,1,2019301N05081,2019,91,NI,MAHA,2019-11-06 15:00:00,19.6,68.1,35.0,1001.0,
005174,1,2019301N05081,2019,91,NI,MAHA,2019-11-06 18:00:00,19.6,68.5,30.0,1002.0,
005175,1,2019301N05081,2019,91,NI,MAHA,2019-11-06 21:00:00,19.6,69.0,28.0,1003.0,
005176,1,2019301N05081,2019,91,NI,MAHA,2019-11-07 00:00:00,19.7,69.6,25.0,1004.0,
005177,1,2019301N05081,2019,91,NI,MAHA,2019-11-07 03:00:00,19.9,70.1,25.0,1004.0,
005178,1,2019301N05081,2019,91,NI,MAHA,2019-11-07 06:00:00,20.1,70.4,25.0,1004.0,
005179,1,2019301N05081,2019,91,NI,MAHA,2019-11-07 09:00:00,20.2,70.8,25.0,1004.0,
005180,1,2019301N05081,2019,91,NI,MAHA,2019-11-07 12:00:00,20.2,71.3,25.0,1004.0,
005181,1,2019301N05081,2019,91,NI,MAHA,2019-11-07 15:00:00,20.3,71.7,25.0,1005.0,
005182,1,2019301N05081,2019,91,NI,MAHA,2019-11-07 18:00:00,20.4,72.0,25.0,1006.0,
005183,1,2019301N05081,2019,91,NI,MAHA,2019-11-07 21:00:00,20.3,72.2,25.0,1007.0,
005184,1,2019301N05081,2019,91,NI,MAHA,2019-11-08 00:00:00,20.2,72.3,25.0,1007.0,
005185,1,2019301N05081,2019,91,NI,MAHA,2019-11-08 03:00:00,20.1,72.4,28.0,1006.0,
005186,1,2019301N05081,2019,91,NI,MAHA,2019-11-08 06:00:00,20.1,72.5,30.0,1004.0,
005187,1,2019301N05081,2019,91,NI,MAHA,2019-11-08 09:00:00,20.2,72.5,30.0,1004.0,
005188,1,2019301N05081,2019,91,NI,MAHA,2019-11-08 12:00:00,20.3,72.5,30.0,1003.0,
005189,1,2019301N05081,2019,91,NI,MAHA,2019-11-08 15:00:00,20.3,72.4,28.0,1005.0,
005190,1,2019301N05081,2019,91,NI,MAHA,2019-11-08 18:00:00,20.3,72.3,25.0,1007.0,
005191,1,2019301N05081,2019,91,NI,MAHA,2019-11-08 21:00:00,20.3,72.3,25.0,1007.0,
005192,1,2019301N05081,2019,91,NI,MAHA,2019-11-09 00:00:00,20.2,72.3,25.0,1006.0,
005193,1,2019301N05081,2019,91,NI,MAHA,2019-11-09 03:00:00,20.1,72.1,23.0,1008.0,
005194,1,2019301N05081,2019,91,NI,MAHA,2019-11-09 06:00:00,19.9,71.9,20.0,1009.0,
005195,1,2019301N05081,2019,91,NI,MAHA,2019-11-09 09:00:00,19.8,71.7,18.0,1010.0,
005196,1,2019301N05081,2019,91,NI,MAHA,2019-11-09 12:00:00,19.8,71.4,15.0,1010.0,
005197,1,2019301N05081,2019,91,NI,MAHA,2019-11-09 15:00:00,19.7,71.2,15.0,1011.0,
005198,1,2019301N05081,2019,91,NI,MAHA,2019-11-09 18:00:00,19.5,70.9,15.0,1012.0,
005199,1,2019301N05081,2019,91,NI,MAHA,2019-11-09 21:00:00,19.4,70.5,15.0,1011.0,
005200,1,2019301N05081,2019,91,NI,MAHA,2019-11-10 00:00:00,19.3,70.1,15.0,1010.0,
005201,1,2019301N05081,2019,91,NI,MAHA,2019-11-10 03:00:00,19.2,69.7,15.0,1010.0,
005202,1,2019301N05081,2019,91,NI,MAHA,2019-11-10 06:00:00,19.2,69.3,15.0,1010.0,
005203,1,2019301N05081,2019,91,NI,MAHA,2019-11-10 09:00:00,19.1,68.9,15.0,1010.0,
005204,1,2019301N05081,2019,91,NI,MAHA,2019-11-10 12:00:00,19.0,68.5,15.0,1010.0,
005205,1,2019301N05081,2019,91,NI,MAHA,2019-11-10 15:00:00,18.7,68.2,15.0,1010.0,
005206,1,2019301N05081,2019,91,NI,MAHA,2019-11-10 18:00:00,18.4,67.9,15.0,1010.0,
005207,1,2019301N05081,2019,91,NI,MAHA,2019-11-10 21:00:00,18.2,67.8,15.0,1010.0,
005208,1,2019301N05081,2019,91,NI,MAHA,2019-11-11 00:00:00,18.1,67.7,15.0,1010.0,
005209,1,2019302N11118,2019,92,WP,BULBUL:MATMO,2019-10-28 12:00:00,10.6,118.2,20.0,1007.0,
005210,1,2019302N11118,2019,92,WP,BULBUL:MATMO,2019-10-28 15:00:00,10.6,117.9,20.0,1007.0,
005211,1,2019302N11118,2019,92,WP,BULBUL:MATMO,2019-10-28 18:00:00,11.1,117.2,20.0,1007.0,
005212,1,2019302N11118,2019,92,WP,BULBUL:MATMO,2019-10-28 21:00:00,11.4,116.7,20.0,1008.0,
005213,1,2019302N11118,2019,92,WP,BULBUL:MATMO,2019-10-29 00:00:00,11.7,116.1,20.0,1009.0,
005214,1,2019302N11118,2019,92,WP,BULBUL:MATMO,2019-10-29 03:00:00,12.0,115.5,23.0,1007.0,
005215,1,2019302N11118,2019,92,WP,BULBUL:MATMO,2019-10-29 06:00:00,12.2,115.0,25.0,1004.0,
005216,1,2019302N11118,2019,92,WP,BULBUL:MATMO,2019-10-29 09:00:00,12.5,114.5,25.0,1004.0,
005217,1,2019302N11118,2019,92,WP,BULBUL:MATMO,2019-10-29 12:00:00,12.7,114.0,25.0,1004.0,
005218,1,2019302N11118,2019,92,WP,BULBUL:MATMO,2019-10-29 15:00:00,12.8,113.4,28.0,1004.0,
005219,1,2019302N11118,2019,92,WP,BULBUL:MATMO,2019-10-29 18:00:00,12.9,112.8,30.0,1003.0,
005220,1,2019302N11118,2019,92,WP,BULBUL:MATMO,2019-10-29 21:00:00,13.1,112.3,35.0,1001.0,
005221,1,2019302N11118,2019,92,WP,BULBUL:MATMO,2019-10-30 00:00:00,13.1,111.7,40.0,999.0,
005222,1,2019302N11118,2019,92,WP,BULBUL:MATMO,2019-10-30 03:00:00,13.2,111.2,43.0,997.0,
005223,1,2019302N11118,2019,92,WP,BULBUL:MATMO,2019-10-30 06:00:00,13.2,110.8,45.0,995.0,
005224,1,2019302N11118,2019,92,WP,BULBUL:MATMO,2019-10-30 09:00:00,13.2,110.5,48.0,994.0,
005225,1,2019302N11118,2019,92,WP,BULBUL:MATMO,2019-10-30 12:00:00,13.3,110.1,50.0,993.0,
005226,1,2019302N11118,2019,92,WP,BULBUL:MATMO,2019-10-30 15:00:00,13.4,109.5,55.0,990.0,
005227,1,2019302N11118,2019,92,WP,BULBUL:MATMO,2019-10-30 18:00:00,13.5,108.8,50.0,995.0,
005228,1,2019302N11118,2019,92,WP,BULBUL:MATMO,2019-10-30 21:00:00,13.5,108.0,48.0,997.0,
005229,1,2019302N11118,2019,92,WP,BULBUL:MATMO,2019-10-31 00:00:00,13.6,107.2,45.0,998.0,
005230,1,2019302N11118,2019,92,WP,BULBUL:MATMO,2019-10-31 03:00:00,13.6,106.5,40.0,997.0,
005231,1,2019302N11118,2019,92,WP,BULBUL:MATMO,2019-10-31 06:00:00,13.7,105.9,35.0,996.0,
005232,1,2019302N11118,2019,92,WP,BULBUL:MATMO,2019-10-31 09:00:00,13.8,105.4,30.0,1001.0,
005233,1,2019302N11118,2019,92,WP,BULBUL:MATMO,2019-10-31 12:00:00,13.9,104.9,25.0,1006.0,
005234,1,2019302N11118,2019,92,WP,BULBUL:MATMO,2019-10-31 15:00:00,13.9,104.3,23.0,1007.0,
005235,1,2019302N11118,2019,92,WP,BULBUL:MATMO,2019-10-31 18:00:00,14.0,103.6,20.0,1008.0,
005236,1,2019302N11118,2019,92,WP,BULBUL:MATMO,2019-10-31 21:00:00,14.2,102.8,18.0,1008.0,
005237,1,2019302N11118,2019,92,WP,BULBUL:MATMO,2019-11-01 00:00:00,14.3,102.2,15.0,1008.0,
005238,1,2019302N11118,2019,92,WP,BULBUL:MATMO,2019-11-01 03:00:00,14.4,101.8,15.0,1008.0,
005239,1,2019302N11118,2019,92,WP,BULBUL:MATMO,2019-11-01 06:00:00,14.5,101.4,15.0,1008.0,
005240,1,2019302N11118,2019,92,WP,BULBUL:MATMO,2019-11-01 09:00:00,14.5,101.0,15.0,1008.0,
005241,1,2019302N11118,2019,92,WP,BULBUL:MATMO,2019-11-01 12:00:00,14.4,100.7,15.0,1007.0,
005242,1,2019302N11118,2019,92,WP,BULBUL:MATMO,2019-11-01 15:00:00,14.3,100.4,15.0,1008.0,
005243,1,2019302N11118,2019,92,WP,BULBUL:MATMO,2019-11-01 18:00:00,14.2,100.0,15.0,1008.0,
005244,1,2019302N11118,2019,92,NI,BULBUL:MATMO,2019-11-01 21:00:00,14.1,99.6,15.0,1008.0,
005245,1,2019302N11118,2019,92,NI,BULBUL:MATMO,2019-11-02 00:00:00,14.0,99.3,15.0,1008.0,
005246,1,2019302N11118,2019,92,NI,BULBUL:MATMO,2019-11-02 03:00:00,13.9,99.0,15.0,1009.0,
005247,1,2019302N11118,2019,92,NI,BULBUL:MATMO,2019-11-02 06:00:00,13.8,98.8,15.0,1010.0,
005248,1,2019302N11118,2019,92,NI,BULBUL:MATMO,2019-11-02 09:00:00,13.7,98.6,15.0,1008.0,
005249,1,2019302N11118,2019,92,NI,BULBUL:MATMO,2019-11-02 12:00:00,13.6,98.3,15.0,1006.0,
005250,1,2019302N11118,2019,92,NI,BULBUL:MATMO,2019-11-02 15:00:00,13.5,98.0,15.0,1006.0,
005251,1,2019302N11118,2019,92,NI,BULBUL:MATMO,2019-11-02 18:00:00,13.4,97.6,15.0,1006.0,
005252,1,2019302N11118,2019,92,NI,BULBUL:MATMO,2019-11-02 21:00:00,13.3,97.2,15.0,1006.0,
005253,1,2019302N11118,2019,92,NI,BULBUL:MATMO,2019-11-03 00:00:00,13.3,96.7,15.0,1006.0,
005254,1,2019302N11118,2019,92,NI,BULBUL:MATMO,2019-11-03 03:00:00,13.3,96.3,15.0,1007.0,
005255,1,2019302N11118,2019,92,NI,BULBUL:MATMO,2019-11-03 06:00:00,13.3,96.0,15.0,1008.0,
005256,1,2019302N11118,2019,92,NI,BULBUL:MATMO,2019-11-03 09:00:00,13.3,95.7,18.0,1008.0,
005257,1,2019302N11118,2019,92,NI,BULBUL:MATMO,2019-11-03 12:00:00,13.3,95.4,20.0,1007.0,
005258,1,2019302N11118,2019,92,NI,BULBUL:MATMO,2019-11-03 15:00:00,13.3,95.1,20.0,1007.0,
005259,1,2019302N11118,2019,92,NI,BULBUL:MATMO,2019-11-03 18:00:00,13.2,94.8,20.0,1006.0,
005260,1,2019302N11118,2019,92,NI,BULBUL:MATMO,2019-11-03 21:00:00,13.1,94.5,20.0,1007.0,
005261,1,2019302N11118,2019,92,NI,BULBUL:MATMO,2019-11-04 00:00:00,13.0,94.1,20.0,1007.0,
005262,1,2019302N11118,2019,92,NI,BULBUL:MATMO,2019-11-04 03:00:00,12.9,93.7,23.0,1007.0,
005263,1,2019302N11118,2019,92,NI,BULBUL:MATMO,2019-11-04 06:00:00,12.8,93.2,25.0,1006.0,
005264,1,2019302N11118,2019,92,NI,BULBUL:MATMO,2019-11-04 09:00:00,12.8,92.7,25.0,1006.0,
005265,1,2019302N11118,2019,92,NI,BULBUL:MATMO,2019-11-04 12:00:00,12.8,92.3,25.0,1005.0,
005266,1,2019302N11118,2019,92,NI,BULBUL:MATMO,2019-11-04 15:00:00,12.8,91.9,25.0,1007.0,
005267,1,2019302N11118,2019,92,NI,BULBUL:MATMO,2019-11-04 18:00:00,12.8,91.6,25.0,1008.0,
005268,1,2019302N11118,2019,92,NI,BULBUL:MATMO,2019-11-04 21:00:00,12.8,91.3,25.0,1008.0,
005269,1,2019302N11118,2019,92,NI,BULBUL:MATMO,2019-11-05 00:00:00,12.9,91.1,25.0,1007.0,
005270,1,2019302N11118,2019,92,NI,BULBUL:MATMO,2019-11-05 03:00:00,12.9,90.9,25.0,1007.0,
005271,1,2019302N11118,2019,92,NI,BULBUL:MATMO,2019-11-05 06:00:00,12.9,90.6,25.0,1006.0,
005272,1,2019302N11118,2019,92,NI,BULBUL:MATMO,2019-11-05 09:00:00,13.0,90.4,30.0,1004.0,
005273,1,2019302N11118,2019,92,NI,BULBUL:MATMO,2019-11-05 12:00:00,13.1,90.1,35.0,1002.0,
005274,1,2019302N11118,2019,92,NI,BULBUL:MATMO,2019-11-05 15:00:00,13.1,89.9,35.0,1002.0,
005275,1,2019302N11118,2019,92,NI,BULBUL:MATMO,2019-11-05 18:00:00,13.1,89.8,35.0,1001.0,
005276,1,2019302N11118,2019,92,NI,BULBUL:MATMO,2019-11-05 21:00:00,13.2,89.8,35.0,1001.0,
005277,1,2019302N11118,2019,92,NI,BULBUL:MATMO,2019-11-06 00:00:00,13.3,89.8,35.0,1000.0,
005278,1,2019302N11118,2019,92,NI,BULBUL:MATMO,2019-11-06 03:00:00,13.3,89.8,35.0,999.0,
005279,1,2019302N11118,2019,92,NI,BULBUL:MATMO,2019-11-06 06:00:00,13.3,89.7,35.0,998.0,
005280,1,2019302N11118,2019,92,NI,BULBUL:MATMO,2019-11-06 09:00:00,13.3,89.7,35.0,998.0,
005281,1,2019302N11118,2019,92,NI,BULBUL:MATMO,2019-11-06 12:00:00,13.4,89.7,35.0,997.0,
005282,1,2019302N11118,2019,92,NI,BULBUL:MATMO,2019-11-06 15:00:00,13.6,89.6,38.0,997.0,
005283,1,2019302N11118,2019,92,NI,BULBUL:MATMO,2019-11-06 18:00:00,13.9,89.6,40.0,997.0,
005284,1,2019302N11118,2019,92,NI,BULBUL:MATMO,2019-11-06 21:00:00,14.1,89.4,43.0,996.0,
005285,1,2019302N11118,2019,92,NI,BULBUL:MATMO,2019-11-07 00:00:00,14.4,89.3,45.0,995.0,
005286,1,2019302N11118,2019,92,NI,BULBUL:MATMO,2019-11-07 03:00:00,14.8,89.1,48.0,995.0,
005287,1,2019302N11118,2019,92,NI,BULBUL:MATMO,2019-11-07 06:00:00,15.2,88.7,50.0,994.0,
005288,1,2019302N11118,2019,92,NI,BULBUL:MATMO,2019-11-07 09:00:00,15.4,88.4,55.0,991.0,
005289,1,2019302N11118,2019,92,NI,BULBUL:MATMO,2019-11-07 12:00:00,15.8,88.2,60.0,988.0,
005290,1,2019302N11118,2019,92,NI,BULBUL:MATMO,2019-11-07 15:00:00,16.0,88.0,63.0,986.0,
005291,1,2019302N11118,2019,92,NI,BULBUL:MATMO,2019-11-07 18:00:00,16.3,87.8,65.0,984.0,
005292,1,2019302N11118,2019,92,NI,BULBUL:MATMO,2019-11-07 21:00:00,16.6,87.7,68.0,984.0,
005293,1,2019302N11118,2019,92,NI,BULBUL:MATMO,2019-11-08 00:00:00,17.0,87.7,70.0,983.0,
005294,1,2019302N11118,2019,92,NI,BULBUL:MATMO,2019-11-08 03:00:00,17.3,87.7,75.0,979.0,
005295,1,2019302N11118,2019,92,NI,BULBUL:MATMO,2019-11-08 06:00:00,17.7,87.8,80.0,974.0,
005296,1,2019302N11118,2019,92,NI,BULBUL:MATMO,2019-11-08 09:00:00,18.2,87.8,80.0,975.0,
005297,1,2019302N11118,2019,92,NI,BULBUL:MATMO,2019-11-08 12:00:00,18.6,87.8,80.0,975.0,
005298,1,2019302N11118,2019,92,NI,BULBUL:MATMO,2019-11-08 15:00:00,19.1,87.8,78.0,977.0,
005299,1,2019302N11118,2019,92,NI,BULBUL:MATMO,2019-11-08 18:00:00,19.3,87.7,75.0,979.0,
005300,1,2019302N11118,2019,92,NI,BULBUL:MATMO,2019-11-08 21:00:00,19.6,87.7,75.0,979.0,
005301,1,2019302N11118,2019,92,NI,BULBUL:MATMO,2019-11-09 00:00:00,20.0,87.6,75.0,979.0,
005302,1,2019302N11118,2019,92,NI,BULBUL:MATMO,2019-11-09 03:00:00,20.4,87.6,80.0,976.0,
005303,1,2019302N11118,2019,92,NI,BULBUL:MATMO,2019-11-09 06:00:00,20.6,87.8,85.0,972.0,
005304,1,2019302N11118,2019,92,NI,BULBUL:MATMO,2019-11-09 09:00:00,20.9,87.9,93.0,966.0,
005305,1,2019302N11118,2019,92,NI,BULBUL:MATMO,2019-11-09 12:00:00,21.2,88.1,100.0,959.0,
005306,1,2019302N11118,2019,92,NI,BULBUL:MATMO,2019-11-09 15:00:00,21.4,88.3,105.0,955.0,
005307,1,2019302N11118,2019,92,NI,BULBUL:MATMO,2019-11-09 18:00:00,21.6,88.6,95.0,964.0,
005308,1,2019302N11118,2019,92,NI,BULBUL:MATMO,2019-11-09 21:00:00,21.8,89.1,83.0,974.0,
005309,1,2019302N11118,2019,92,NI,BULBUL:MATMO,2019-11-10 00:00:00,22.0,89.5,70.0,983.0,
005310,1,2019302N11118,2019,92,NI,BULBUL:MATMO,2019-11-10 03:00:00,22.2,89.8,63.0,988.0,
005311,1,2019302N11118,2019,92,NI,BULBUL:MATMO,2019-11-10 06:00:00,22.3,90.1,55.0,993.0,
005312,1,2019302N11118,2019,92,NI,BULBUL:MATMO,2019-11-10 09:00:00,22.4,90.3,48.0,997.0,
005313,1,2019302N11118,2019,92,NI,BULBUL:MATMO,2019-11-10 12:00:00,22.6,90.6,40.0,1001.0,
005314,1,2019302N11118,2019,92,NI,BULBUL:MATMO,2019-11-10 15:00:00,22.6,90.8,35.0,1004.0,
005315,1,2019302N11118,2019,92,NI,BULBUL:MATMO,2019-11-10 18:00:00,22.8,91.1,30.0,1006.0,
005316,1,2019302N11118,2019,92,NI,BULBUL:MATMO,2019-11-10 21:00:00,22.9,91.3,25.0,1007.0,
005317,1,2019302N11118,2019,92,NI,BULBUL:MATMO,2019-11-11 00:00:00,23.1,91.5,20.0,1007.0,
005318,1,2019335N05058,2019,103,NI,PAWAN,2019-11-30 18:00:00,4.6,58.0,15.0,,
005319,1,2019335N05058,2019,103,NI,PAWAN,2019-11-30 21:00:00,4.7,57.8,15.0,,
005320,1,2019335N05058,2019,103,NI,PAWAN,2019-12-01 00:00:00,4.8,57.6,15.0,1010.0,
005321,1,2019335N05058,2019,103,NI,PAWAN,2019-12-01 03:00:00,4.9,57.5,15.0,1009.0,
005322,1,2019335N05058,2019,103,NI,PAWAN,2019-12-01 06:00:00,4.9,57.4,15.0,1008.0,
005323,1,2019335N05058,2019,103,NI,PAWAN,2019-12-01 09:00:00,4.9,57.3,18.0,1008.0,
005324,1,2019335N05058,2019,103,NI,PAWAN,2019-12-01 12:00:00,5.0,57.2,20.0,1007.0,
005325,1,2019335N05058,2019,103,NI,PAWAN,2019-12-01 15:00:00,5.1,57.1,20.0,1007.0,
005326,1,2019335N05058,2019,103,NI,PAWAN,2019-12-01 18:00:00,5.2,57.0,20.0,1007.0,
005327,1,2019335N05058,2019,103,NI,PAWAN,2019-12-01 21:00:00,5.3,56.9,23.0,1005.0,
005328,1,2019335N05058,2019,103,NI,PAWAN,2019-12-02 00:00:00,5.5,56.9,25.0,1002.0,
005329,1,2019335N05058,2019,103,NI,PAWAN,2019-12-02 03:00:00,5.7,56.9,28.0,1001.0,
005330,1,2019335N05058,2019,103,NI,PAWAN,2019-12-02 06:00:00,5.8,56.9,30.0,999.0,
005331,1,2019335N05058,2019,103,NI,PAWAN,2019-12-02 09:00:00,5.9,56.9,30.0,999.0,
005332,1,2019335N05058,2019,103,NI,PAWAN,2019-12-02 12:00:00,5.9,56.8,30.0,999.0,
005333,1,2019335N05058,2019,103,NI,PAWAN,2019-12-02 15:00:00,6.0,56.8,30.0,1002.0,
005334,1,2019335N05058,2019,103,NI,PAWAN,2019-12-02 18:00:00,6.2,56.8,30.0,1005.0,
005335,1,2019335N05058,2019,103,NI,PAWAN,2019-12-02 21:00:00,6.3,56.8,33.0,1004.0,
005336,1,2019335N05058,2019,103,NI,PAWAN,2019-12-03 00:00:00,6.5,56.9,35.0,1002.0,
005337,1,2019335N05058,2019,103,NI,PAWAN,2019-12-03 03:00:00,6.7,56.9,35.0,1002.0,
005338,1,2019335N05058,2019,103,NI,PAWAN,2019-12-03 06:00:00,6.9,56.9,35.0,1002.0,
005339,1,2019335N05058,2019,103,NI,PAWAN,2019-12-03 09:00:00,7.0,56.9,33.0,1001.0,
005340,1,2019335N05058,2019,103,NI,PAWAN,2019-12-03 12:00:00,7.0,57.0,30.0,1000.0,
005341,1,2019335N05058,2019,103,NI,PAWAN,2019-12-03 15:00:00,7.0,57.0,30.0,1000.0,
005342,1,2019335N05058,2019,103,NI,PAWAN,2019-12-03 18:00:00,7.1,57.1,30.0,1000.0,
005343,1,2019335N05058,2019,103,NI,PAWAN,2019-12-03 21:00:00,7.2,57.1,30.0,1002.0,
005344,1,2019335N05058,2019,103,NI,PAWAN,2019-12-04 00:00:00,7.3,57.1,30.0,1003.0,
005345,1,2019335N05058,2019,103,NI,PAWAN,2019-12-04 03:00:00,7.4,57.1,33.0,1002.0,
005346,1,2019335N05058,2019,103,NI,PAWAN,2019-12-04 06:00:00,7.5,57.1,35.0,1000.0,
005347,1,2019335N05058,2019,103,NI,PAWAN,2019-12-04 09:00:00,7.6,57.0,38.0,999.0,
005348,1,2019335N05058,2019,103,NI,PAWAN,2019-12-04 12:00:00,7.8,56.9,40.0,997.0,
005349,1,2019335N05058,2019,103,NI,PAWAN,2019-12-04 15:00:00,8.1,56.9,40.0,999.0,
005350,1,2019335N05058,2019,103,NI,PAWAN,2019-12-04 18:00:00,8.6,56.9,40.0,1001.0,
005351,1,2019335N05058,2019,103,NI,PAWAN,2019-12-04 21:00:00,9.0,56.7,40.0,1001.0,
005352,1,2019335N05058,2019,103,NI,PAWAN,2019-12-05 00:00:00,9.3,56.6,40.0,1000.0,
005353,1,2019335N05058,2019,103,NI,PAWAN,2019-12-05 03:00:00,9.3,56.4,40.0,1000.0,
005354,1,2019335N05058,2019,103,NI,PAWAN,2019-12-05 06:00:00,9.4,56.1,40.0,999.0,
005355,1,2019335N05058,2019,103,NI,PAWAN,2019-12-05 09:00:00,9.3,55.4,40.0,999.0,
005356,1,2019335N05058,2019,103,NI,PAWAN,2019-12-05 12:00:00,9.3,55.0,40.0,999.0,
005357,1,2019335N05058,2019,103,NI,PAWAN,2019-12-05 15:00:00,9.1,54.7,38.0,1002.0,
005358,1,2019335N05058,2019,103,NI,PAWAN,2019-12-05 18:00:00,8.9,54.3,35.0,1005.0,
005359,1,2019335N05058,2019,103,NI,PAWAN,2019-12-05 21:00:00,8.6,53.9,35.0,1005.0,
005360,1,2019335N05058,2019,103,NI,PAWAN,2019-12-06 00:00:00,8.3,53.4,35.0,1004.0,
005361,1,2019335N05058,2019,103,NI,PAWAN,2019-12-06 03:00:00,8.1,53.1,35.0,1004.0,
005362,1,2019335N05058,2019,103,NI,PAWAN,2019-12-06 06:00:00,8.0,52.8,35.0,1004.0,
005363,1,2019335N05058,2019,103,NI,PAWAN,2019-12-06 09:00:00,7.9,52.5,40.0,1002.0,
005364,1,2019335N05058,2019,103,NI,PAWAN,2019-12-06 12:00:00,7.9,52.2,45.0,999.0,
005365,1,2019335N05058,2019,103,NI,PAWAN,2019-12-06 15:00:00,7.8,51.6,45.0,1000.0,
005366,1,2019335N05058,2019,103,NI,PAWAN,2019-12-06 18:00:00,7.8,51.1,45.0,1000.0,
005367,1,2019335N05058,2019,103,NI,PAWAN,2019-12-06 21:00:00,7.7,50.6,43.0,1001.0,
005368,1,2019335N05058,2019,103,NI,PAWAN,2019-12-07 00:00:00,7.7,49.8,40.0,1002.0,
005369,1,2019335N05058,2019,103,NI,PAWAN,2019-12-07 03:00:00,7.6,49.4,35.0,1001.0,
005370,1,2019335N05058,2019,103,NI,PAWAN,2019-12-07 06:00:00,7.5,48.9,30.0,1000.0,
005371,1,2019335N05058,2019,103,NI,PAWAN,2019-12-07 09:00:00,7.4,48.5,28.0,1003.0,
005372,1,2019335N05058,2019,103,NI,PAWAN,2019-12-07 12:00:00,7.2,48.2,25.0,1005.0,
005373,1,2019335N05058,2019,103,NI,PAWAN,2019-12-07 15:00:00,7.1,47.8,23.0,1006.0,
005374,1,2019335N05058,2019,103,NI,PAWAN,2019-12-07 18:00:00,7.1,47.4,20.0,1007.0,
005375,1,2020136N10088,2020,25,NI,AMPHAN,2020-05-15 06:00:00,9.5,87.5,20.0,1007.0,
005376,1,2020136N10088,2020,25,NI,AMPHAN,2020-05-15 09:00:00,9.5,87.2,25.0,1005.0,
005377,1,2020136N10088,2020,25,NI,AMPHAN,2020-05-15 12:00:00,9.5,87.0,30.0,1002.0,
005378,1,2020136N10088,2020,25,NI,AMPHAN,2020-05-15 15:00:00,9.5,86.8,30.0,1002.0,
005379,1,2020136N10088,2020,25,NI,AMPHAN,2020-05-15 18:00:00,9.5,86.6,30.0,1001.0,
005380,1,2020136N10088,2020,25,NI,AMPHAN,2020-05-15 21:00:00,9.6,86.5,33.0,1000.0,
005381,1,2020136N10088,2020,25,NI,AMPHAN,2020-05-16 00:00:00,9.8,86.4,35.0,999.0,
005382,1,2020136N10088,2020,25,NI,AMPHAN,2020-05-16 03:00:00,10.1,86.2,38.0,998.0,
005383,1,2020136N10088,2020,25,NI,AMPHAN,2020-05-16 06:00:00,10.3,86.1,40.0,997.0,
005384,1,2020136N10088,2020,25,NI,AMPHAN,2020-05-16 09:00:00,10.5,86.1,45.0,995.0,
005385,1,2020136N10088,2020,25,NI,AMPHAN,2020-05-16 12:00:00,10.6,86.2,50.0,992.0,
005386,1,2020136N10088,2020,25,NI,AMPHAN,2020-05-16 15:00:00,10.8,86.1,53.0,990.0,
005387,1,2020136N10088,2020,25,NI,AMPHAN,2020-05-16 18:00:00,10.9,86.1,55.0,987.0,
005388,1,2020136N10088,2020,25,NI,AMPHAN,2020-05-16 21:00:00,11.1,86.1,58.0,985.0,
005389,1,2020136N10088,2020,25,NI,AMPHAN,2020-05-17 00:00:00,11.2,86.1,60.0,982.0,
005390,1,2020136N10088,2020,25,NI,AMPHAN,2020-05-17 03:00:00,11.3,86.1,65.0,980.0,
005391,1,2020136N10088,2020,25,NI,AMPHAN,2020-05-17 06:00:00,11.5,86.2,70.0,978.0,
005392,1,2020136N10088,2020,25,NI,AMPHAN,2020-05-17 09:00:00,11.6,86.2,75.0,974.0,
005393,1,2020136N10088,2020,25,NI,AMPHAN,2020-05-17 12:00:00,11.9,86.2,80.0,970.0,
005394,1,2020136N10088,2020,25,NI,AMPHAN,2020-05-17 15:00:00,12.5,86.4,100.0,951.0,
005395,1,2020136N10088,2020,25,NI,AMPHAN,2020-05-17 18:00:00,12.5,86.4,120.0,932.0,
005396,1,2020136N10088,2020,25,NI,AMPHAN,2020-05-17 21:00:00,12.9,86.5,125.0,926.0,
005397,1,2020136N10088,2020,25,NI,AMPHAN,2020-05-18 00:00:00,13.2,86.4,130.0,919.0,
005398,1,2020136N10088,2020,25,NI,AMPHAN,2020-05-18 03:00:00,13.3,86.2,135.0,915.0,
005399,1,2020136N10088,2020,25,NI,AMPHAN,2020-05-18 06:00:00,13.4,86.2,140.0,911.0,
005400,1,2020136N10088,2020,25,NI,AMPHAN,2020-05-18 09:00:00,13.7,86.2,143.0,906.0,
005401,1,2020136N10088,2020,25,NI,AMPHAN,2020-05-18 12:00:00,14.1,86.4,145.0,901.0,
005402,1,2020136N10088,2020,25,NI,AMPHAN,2020-05-18 15:00:00,14.5,86.5,143.0,906.0,
005403,1,2020136N10088,2020,25,NI,AMPHAN,2020-05-18 18:00:00,14.9,86.6,140.0,910.0,
005404,1,2020136N10088,2020,25,NI,AMPHAN,2020-05-18 21:00:00,15.2,86.7,133.0,918.0,
005405,1,2020136N10088,2020,25,NI,AMPHAN,2020-05-19 00:00:00,15.6,86.8,125.0,925.0,
005406,1,2020136N10088,2020,25,NI,AMPHAN,2020-05-19 03:00:00,16.0,86.9,118.0,933.0,
005407,1,2020136N10088,2020,25,NI,AMPHAN,2020-05-19 06:00:00,16.5,87.0,110.0,941.0,
005408,1,2020136N10088,2020,25,NI,AMPHAN,2020-05-19 09:00:00,16.9,87.0,108.0,944.0,
005409,1,2020136N10088,2020,25,NI,AMPHAN,2020-05-19 12:00:00,17.3,87.1,105.0,946.0,
005410,1,2020136N10088,2020,25,NI,AMPHAN,2020-05-19 15:00:00,17.9,87.1,105.0,946.0,
005411,1,2020136N10088,2020,25,NI,AMPHAN,2020-05-19 18:00:00,18.3,87.2,105.0,945.0,
005412,1,2020136N10088,2020,25,NI,AMPHAN,2020-05-19 21:00:00,18.7,87.3,103.0,946.0,
005413,1,2020136N10088,2020,25,NI,AMPHAN,2020-05-20 00:00:00,19.2,87.5,100.0,947.0,
005414,1,2020136N10088,2020,25,NI,AMPHAN,2020-05-20 03:00:00,19.8,87.7,98.0,950.0,
005415,1,2020136N10088,2020,25,NI,AMPHAN,2020-05-20 06:00:00,20.6,88.0,95.0,953.0,
005416,1,2020136N10088,2020,25,NI,AMPHAN,2020-05-20 09:00:00,21.4,88.1,95.0,954.0,
005417,1,2020136N10088,2020,25,NI,AMPHAN,2020-05-20 12:00:00,22.1,88.4,95.0,954.0,
005418,1,2020136N10088,2020,25,NI,AMPHAN,2020-05-20 15:00:00,22.8,88.6,83.0,964.0,
005419,1,2020136N10088,2020,25,NI,AMPHAN,2020-05-20 18:00:00,23.5,89.1,70.0,974.0,
005420,1,2020136N10088,2020,25,NI,AMPHAN,2020-05-20 21:00:00,24.3,89.3,60.0,979.0,
005421,1,2020136N10088,2020,25,NI,AMPHAN,2020-05-21 00:00:00,24.6,89.6,50.0,984.0,
005422,1,2020136N10088,2020,25,NI,AMPHAN,2020-05-21 03:00:00,25.1,89.9,40.0,992.0,
005423,1,2020136N10088,2020,25,NI,AMPHAN,2020-05-21 06:00:00,25.4,90.1,30.0,1000.0,
005424,1,2020136N10088,2020,25,NI,AMPHAN,2020-05-21 09:00:00,25.2,89.6,,,
005425,1,2020136N10088,2020,25,NI,AMPHAN,2020-05-21 12:00:00,25.4,89.6,,,
005426,1,2020153N13072,2020,31,NI,NISARGA,2020-05-31 18:00:00,12.9,72.2,20.0,1008.0,
005427,1,2020153N13072,2020,31,NI,NISARGA,2020-05-31 21:00:00,12.9,72.0,20.0,1008.0,
005428,1,2020153N13072,2020,31,NI,NISARGA,2020-06-01 00:00:00,13.0,71.6,20.0,1007.0,
005429,1,2020153N13072,2020,31,NI,NISARGA,2020-06-01 03:00:00,13.1,71.4,23.0,1007.0,
005430,1,2020153N13072,2020,31,NI,NISARGA,2020-06-01 06:00:00,13.4,71.2,25.0,1006.0,
005431,1,2020153N13072,2020,31,NI,NISARGA,2020-06-01 09:00:00,13.7,71.1,25.0,1005.0,
005432,1,2020153N13072,2020,31,NI,NISARGA,2020-06-01 12:00:00,14.0,71.1,25.0,1003.0,
005433,1,2020153N13072,2020,31,NI,NISARGA,2020-06-01 15:00:00,14.2,71.2,28.0,1003.0,
005434,1,2020153N13072,2020,31,NI,NISARGA,2020-06-01 18:00:00,14.4,71.2,30.0,1003.0,
005435,1,2020153N13072,2020,31,NI,NISARGA,2020-06-01 21:00:00,14.7,71.2,33.0,1001.0,
005436,1,2020153N13072,2020,31,NI,NISARGA,2020-06-02 00:00:00,15.0,71.3,35.0,998.0,
005437,1,2020153N13072,2020,31,NI,NISARGA,2020-06-02 03:00:00,15.3,71.3,38.0,998.0,
005438,1,2020153N13072,2020,31,NI,NISARGA,2020-06-02 06:00:00,15.7,71.3,40.0,997.0,
005439,1,2020153N13072,2020,31,NI,NISARGA,2020-06-02 09:00:00,16.0,71.3,45.0,995.0,
005440,1,2020153N13072,2020,31,NI,NISARGA,2020-06-02 12:00:00,16.3,71.4,50.0,993.0,
005441,1,2020153N13072,2020,31,NI,NISARGA,2020-06-02 15:00:00,16.2,71.5,55.0,990.0,
005442,1,2020153N13072,2020,31,NI,NISARGA,2020-06-02 18:00:00,16.8,71.6,60.0,987.0,
005443,1,2020153N13072,2020,31,NI,NISARGA,2020-06-02 21:00:00,17.0,71.9,68.0,981.0,
005444,1,2020153N13072,2020,31,NI,NISARGA,2020-06-03 00:00:00,17.3,72.1,75.0,974.0,
005445,1,2020153N13072,2020,31,NI,NISARGA,2020-06-03 03:00:00,17.6,72.4,80.0,971.0,
005446,1,2020153N13072,2020,31,NI,NISARGA,2020-06-03 06:00:00,18.1,72.9,85.0,968.0,
005447,1,2020153N13072,2020,31,NI,NISARGA,2020-06-03 09:00:00,18.5,73.2,78.0,974.0,
005448,1,2020153N13072,2020,31,NI,NISARGA,2020-06-03 12:00:00,19.1,73.7,70.0,979.0,
005449,1,2020153N13072,2020,31,NI,NISARGA,2020-06-03 15:00:00,19.6,74.0,60.0,984.0,
005450,1,2020153N13072,2020,31,NI,NISARGA,2020-06-03 18:00:00,20.0,74.7,50.0,988.0,
005451,1,2020153N13072,2020,31,NI,NISARGA,2020-06-03 21:00:00,20.3,75.3,43.0,992.0,
005452,1,2020153N13072,2020,31,NI,NISARGA,2020-06-04 00:00:00,20.9,76.0,35.0,996.0,
005453,1,2020153N13072,2020,31,NI,NISARGA,2020-06-04 03:00:00,21.5,76.8,28.0,999.0,
005454,1,2020153N13072,2020,31,NI,NISARGA,2020-06-04 06:00:00,22.2,77.6,20.0,1002.0,
005455,1,2020326N11063,2020,110,NI,GATI,2020-11-20 12:00:00,11.2,62.6,20.0,1008.0,
005456,1,2020326N11063,2020,110,NI,GATI,2020-11-20 15:00:00,11.0,62.2,23.0,1007.0,
005457,1,2020326N11063,2020,110,NI,GATI,2020-11-20 18:00:00,10.9,61.7,25.0,1006.0,
005458,1,2020326N11063,2020,110,NI,GATI,2020-11-20 21:00:00,11.1,61.2,25.0,1005.0,
005459,1,2020326N11063,2020,110,NI,GATI,2020-11-21 00:00:00,11.3,60.6,25.0,1004.0,
005460,1,2020326N11063,2020,110,NI,GATI,2020-11-21 03:00:00,11.3,59.7,30.0,1003.0,
005461,1,2020326N11063,2020,110,NI,GATI,2020-11-21 06:00:00,11.3,58.8,35.0,1002.0,
005462,1,2020326N11063,2020,110,NI,GATI,2020-11-21 09:00:00,11.3,57.9,33.0,1003.0,
005463,1,2020326N11063,2020,110,NI,GATI,2020-11-21 12:00:00,11.3,57.1,30.0,1003.0,
005464,1,2020326N11063,2020,110,NI,GATI,2020-11-21 15:00:00,11.1,56.2,33.0,1004.0,
005465,1,2020326N11063,2020,110,NI,GATI,2020-11-21 18:00:00,10.9,55.8,35.0,1005.0,
005466,1,2020326N11063,2020,110,NI,GATI,2020-11-21 21:00:00,10.9,55.2,48.0,999.0,
005467,1,2020326N11063,2020,110,NI,GATI,2020-11-22 00:00:00,10.8,54.5,60.0,992.0,
005468,1,2020326N11063,2020,110,NI,GATI,2020-11-22 03:00:00,10.6,53.5,80.0,980.0,
005469,1,2020326N11063,2020,110,NI,GATI,2020-11-22 06:00:00,10.4,52.6,100.0,967.0,
005470,1,2020326N11063,2020,110,NI,GATI,2020-11-22 09:00:00,10.4,52.0,95.0,971.0,
005471,1,2020326N11063,2020,110,NI,GATI,2020-11-22 12:00:00,10.4,51.5,90.0,974.0,
005472,1,2020326N11063,2020,110,NI,GATI,2020-11-22 15:00:00,10.4,51.0,78.0,983.0,
005473,1,2020326N11063,2020,110,NI,GATI,2020-11-22 18:00:00,10.4,50.6,65.0,992.0,
005474,1,2020326N11063,2020,110,NI,GATI,2020-11-22 21:00:00,10.5,50.2,58.0,996.0,
005475,1,2020326N11063,2020,110,NI,GATI,2020-11-23 00:00:00,10.7,50.0,50.0,1000.0,
005476,1,2020326N11063,2020,110,NI,GATI,2020-11-23 03:00:00,10.9,49.6,45.0,1003.0,
005477,1,2020326N11063,2020,110,NI,GATI,2020-11-23 06:00:00,11.1,49.3,40.0,1005.0,
005478,1,2020326N11063,2020,110,NI,GATI,2020-11-23 09:00:00,11.3,48.9,38.0,1005.0,
005479,1,2020326N11063,2020,110,NI,GATI,2020-11-23 12:00:00,11.5,48.6,35.0,1005.0,
005480,1,2020326N11063,2020,110,NI,GATI,2020-11-23 15:00:00,11.7,48.0,33.0,1006.0,
005481,1,2020326N11063,2020,110,NI,GATI,2020-11-23 18:00:00,11.8,47.5,30.0,1007.0,
005482,1,2020326N11063,2020,110,NI,GATI,2020-11-23 21:00:00,11.7,47.1,28.0,1008.0,
005483,1,2020326N11063,2020,110,NI,GATI,2020-11-24 00:00:00,11.5,46.8,25.0,1009.0,
005484,1,2020326N11063,2020,110,NI,GATI,2020-11-24 03:00:00,11.2,46.6,25.0,1010.0,
005485,1,2020326N11063,2020,110,NI,GATI,2020-11-24 06:00:00,10.9,46.5,25.0,1011.0,
005486,1,2020326N11063,2020,110,NI,GATI,2020-11-24 09:00:00,10.7,46.4,20.0,1012.0,
005487,1,2020326N11063,2020,110,NI,GATI,2020-11-24 12:00:00,10.4,46.3,15.0,1013.0,
005488,1,2020327N08086,2020,111,NI,NIVAR,2020-11-22 06:00:00,7.8,86.1,20.0,1007.0,
005489,1,2020327N08086,2020,111,NI,NIVAR,2020-11-22 09:00:00,8.2,85.9,20.0,1007.0,
005490,1,2020327N08086,2020,111,NI,NIVAR,2020-11-22 12:00:00,8.5,85.6,20.0,1007.0,
005491,1,2020327N08086,2020,111,NI,NIVAR,2020-11-22 15:00:00,8.8,85.3,23.0,1008.0,
005492,1,2020327N08086,2020,111,NI,NIVAR,2020-11-22 18:00:00,9.0,85.1,25.0,1008.0,
005493,1,2020327N08086,2020,111,NI,NIVAR,2020-11-22 21:00:00,9.0,85.0,28.0,1007.0,
005494,1,2020327N08086,2020,111,NI,NIVAR,2020-11-23 00:00:00,9.3,84.6,30.0,1005.0,
005495,1,2020327N08086,2020,111,NI,NIVAR,2020-11-23 03:00:00,9.5,84.2,30.0,1005.0,
005496,1,2020327N08086,2020,111,NI,NIVAR,2020-11-23 06:00:00,9.6,84.0,30.0,1005.0,
005497,1,2020327N08086,2020,111,NI,NIVAR,2020-11-23 09:00:00,9.7,83.8,30.0,1005.0,
005498,1,2020327N08086,2020,111,NI,NIVAR,2020-11-23 12:00:00,9.9,83.6,30.0,1005.0,
005499,1,2020327N08086,2020,111,NI,NIVAR,2020-11-23 15:00:00,9.9,83.5,33.0,1005.0,
005500,1,2020327N08086,2020,111,NI,NIVAR,2020-11-23 18:00:00,10.0,83.5,35.0,1004.0,
005501,1,2020327N08086,2020,111,NI,NIVAR,2020-11-23 21:00:00,9.9,83.3,35.0,1004.0,
005502,1,2020327N08086,2020,111,NI,NIVAR,2020-11-24 00:00:00,9.8,83.2,35.0,1003.0,
005503,1,2020327N08086,2020,111,NI,NIVAR,2020-11-24 03:00:00,9.8,83.1,38.0,1002.0,
005504,1,2020327N08086,2020,111,NI,NIVAR,2020-11-24 06:00:00,9.8,83.0,40.0,1000.0,
005505,1,2020327N08086,2020,111,NI,NIVAR,2020-11-24 09:00:00,9.9,82.9,43.0,998.0,
005506,1,2020327N08086,2020,111,NI,NIVAR,2020-11-24 12:00:00,10.0,82.8,45.0,995.0,
005507,1,2020327N08086,2020,111,NI,NIVAR,2020-11-24 15:00:00,10.1,82.7,48.0,995.0,
005508,1,2020327N08086,2020,111,NI,NIVAR,2020-11-24 18:00:00,10.2,82.6,50.0,994.0,
005509,1,2020327N08086,2020,111,NI,NIVAR,2020-11-24 21:00:00,10.4,82.4,55.0,991.0,
005510,1,2020327N08086,2020,111,NI,NIVAR,2020-11-25 00:00:00,10.6,82.2,60.0,988.0,
005511,1,2020327N08086,2020,111,NI,NIVAR,2020-11-25 03:00:00,10.8,81.8,60.0,989.0,
005512,1,2020327N08086,2020,111,NI,NIVAR,2020-11-25 06:00:00,11.1,81.4,60.0,990.0,
005513,1,2020327N08086,2020,111,NI,NIVAR,2020-11-25 09:00:00,11.3,81.1,65.0,986.0,
005514,1,2020327N08086,2020,111,NI,NIVAR,2020-11-25 12:00:00,11.5,80.9,70.0,982.0,
005515,1,2020327N08086,2020,111,NI,NIVAR,2020-11-25 15:00:00,11.8,80.6,65.0,986.0,
005516,1,2020327N08086,2020,111,NI,NIVAR,2020-11-25 18:00:00,12.0,80.4,60.0,989.0,
005517,1,2020327N08086,2020,111,NI,NIVAR,2020-11-25 21:00:00,12.2,80.1,55.0,991.0,
005518,1,2020327N08086,2020,111,NI,NIVAR,2020-11-26 00:00:00,12.5,80.0,50.0,993.0,
005519,1,2020327N08086,2020,111,NI,NIVAR,2020-11-26 03:00:00,12.7,79.7,48.0,995.0,
005520,1,2020327N08086,2020,111,NI,NIVAR,2020-11-26 06:00:00,13.0,79.6,45.0,996.0,
005521,1,2020327N08086,2020,111,NI,NIVAR,2020-11-26 09:00:00,13.3,79.6,43.0,999.0,
005522,1,2020327N08086,2020,111,NI,NIVAR,2020-11-26 12:00:00,13.5,79.8,40.0,1001.0,
005523,1,2020327N08086,2020,111,NI,NIVAR,2020-11-26 15:00:00,13.6,80.0,38.0,1001.0,
005524,1,2020327N08086,2020,111,NI,NIVAR,2020-11-26 18:00:00,13.8,80.3,35.0,1000.0,
005525,1,2020327N08086,2020,111,NI,NIVAR,2020-11-26 21:00:00,13.8,80.6,33.0,1003.0,
005526,1,2020327N08086,2020,111,NI,NIVAR,2020-11-27 00:00:00,14.0,80.7,30.0,1005.0,
005527,1,2020327N08086,2020,111,NI,NIVAR,2020-11-27 03:00:00,14.2,80.6,28.0,1005.0,
005528,1,2020327N08086,2020,111,NI,NIVAR,2020-11-27 06:00:00,14.4,80.5,25.0,1004.0,
005529,1,2020327N08086,2020,111,NI,NIVAR,2020-11-27 09:00:00,14.7,80.3,23.0,1007.0,
005530,1,2020327N08086,2020,111,NI,NIVAR,2020-11-27 12:00:00,15.0,80.1,20.0,1009.0,
005531,1,2020335N06090,2020,113,NI,BUREVI,2020-11-29 12:00:00,6.4,90.4,10.0,1014.0,
005532,1,2020335N06090,2020,113,NI,BUREVI,2020-11-29 15:00:00,6.6,89.8,15.0,1011.0,
005533,1,2020335N06090,2020,113,NI,BUREVI,2020-11-29 18:00:00,6.9,89.1,20.0,1008.0,
005534,1,2020335N06090,2020,113,NI,BUREVI,2020-11-29 21:00:00,7.2,88.4,18.0,1008.0,
005535,1,2020335N06090,2020,113,NI,BUREVI,2020-11-30 00:00:00,7.5,87.8,15.0,1008.0,
005536,1,2020335N06090,2020,113,NI,BUREVI,2020-11-30 03:00:00,7.6,87.6,20.0,1007.0,
005537,1,2020335N06090,2020,113,NI,BUREVI,2020-11-30 06:00:00,7.6,87.4,25.0,1006.0,
005538,1,2020335N06090,2020,113,NI,BUREVI,2020-11-30 09:00:00,7.6,87.2,25.0,1006.0,
005539,1,2020335N06090,2020,113,NI,BUREVI,2020-11-30 12:00:00,7.5,87.1,25.0,1005.0,
005540,1,2020335N06090,2020,113,NI,BUREVI,2020-11-30 15:00:00,7.5,87.0,28.0,1006.0,
005541,1,2020335N06090,2020,113,NI,BUREVI,2020-11-30 18:00:00,7.5,86.8,30.0,1006.0,
005542,1,2020335N06090,2020,113,NI,BUREVI,2020-11-30 21:00:00,7.4,86.4,30.0,1006.0,
005543,1,2020335N06090,2020,113,NI,BUREVI,2020-12-01 00:00:00,7.4,86.1,30.0,1005.0,
005544,1,2020335N06090,2020,113,NI,BUREVI,2020-12-01 03:00:00,7.4,85.8,30.0,1004.0,
005545,1,2020335N06090,2020,113,NI,BUREVI,2020-12-01 06:00:00,7.5,85.4,30.0,1003.0,
005546,1,2020335N06090,2020,113,NI,BUREVI,2020-12-01 09:00:00,7.6,85.1,33.0,1003.0,
005547,1,2020335N06090,2020,113,NI,BUREVI,2020-12-01 12:00:00,7.7,84.9,35.0,1002.0,
005548,1,2020335N06090,2020,113,NI,BUREVI,2020-12-01 15:00:00,7.8,84.6,38.0,1002.0,
005549,1,2020335N06090,2020,113,NI,BUREVI,2020-12-01 18:00:00,8.0,84.3,40.0,1001.0,
005550,1,2020335N06090,2020,113,NI,BUREVI,2020-12-01 21:00:00,8.3,83.7,43.0,1000.0,
005551,1,2020335N06090,2020,113,NI,BUREVI,2020-12-02 00:00:00,8.5,83.3,45.0,999.0,
005552,1,2020335N06090,2020,113,NI,BUREVI,2020-12-02 03:00:00,8.6,82.9,43.0,1001.0,
005553,1,2020335N06090,2020,113,NI,BUREVI,2020-12-02 06:00:00,8.7,82.6,40.0,1002.0,
005554,1,2020335N06090,2020,113,NI,BUREVI,2020-12-02 09:00:00,8.8,82.2,40.0,1002.0,
005555,1,2020335N06090,2020,113,NI,BUREVI,2020-12-02 12:00:00,8.8,81.9,40.0,1002.0,
005556,1,2020335N06090,2020,113,NI,BUREVI,2020-12-02 15:00:00,8.9,81.6,40.0,1002.0,
005557,1,2020335N06090,2020,113,NI,BUREVI,2020-12-02 18:00:00,9.0,81.2,40.0,1001.0,
005558,1,2020335N06090,2020,113,NI,BUREVI,2020-12-02 21:00:00,9.0,80.9,40.0,1001.0,
005559,1,2020335N06090,2020,113,NI,BUREVI,2020-12-03 00:00:00,9.0,80.5,40.0,1000.0,
005560,1,2020335N06090,2020,113,NI,BUREVI,2020-12-03 03:00:00,9.1,80.4,35.0,1002.0,
005561,1,2020335N06090,2020,113,NI,BUREVI,2020-12-03 06:00:00,9.3,80.1,30.0,1004.0,
005562,1,2020335N06090,2020,113,NI,BUREVI,2020-12-03 09:00:00,9.4,79.8,33.0,1003.0,
005563,1,2020335N06090,2020,113,NI,BUREVI,2020-12-03 12:00:00,9.4,79.6,35.0,1001.0,
005564,1,2020335N06090,2020,113,NI,BUREVI,2020-12-03 15:00:00,9.4,79.4,35.0,1001.0,
005565,1,2020335N06090,2020,113,NI,BUREVI,2020-12-03 18:00:00,9.3,79.3,35.0,1000.0,
005566,1,2020335N06090,2020,113,NI,BUREVI,2020-12-03 21:00:00,9.3,79.3,35.0,1000.0,
005567,1,2020335N06090,2020,113,NI,BUREVI,2020-12-04 00:00:00,9.2,79.3,35.0,1000.0,
005568,1,2020335N06090,2020,113,NI,BUREVI,2020-12-04 03:00:00,9.1,79.2,35.0,1002.0,
005569,1,2020335N06090,2020,113,NI,BUREVI,2020-12-04 06:00:00,9.2,79.3,35.0,1003.0,
005570,1,2020335N06090,2020,113,NI,BUREVI,2020-12-04 09:00:00,9.3,79.4,30.0,1004.0,
005571,1,2020335N06090,2020,113,NI,BUREVI,2020-12-04 12:00:00,9.4,79.4,25.0,1002.0,
005572,1,2020335N06090,2020,113,NI,BUREVI,2020-12-04 15:00:00,9.3,79.3,25.0,1002.0,
005573,1,2020335N06090,2020,113,NI,BUREVI,2020-12-04 18:00:00,9.2,79.2,25.0,1002.0,
005574,1,2020335N06090,2020,113,NI,BUREVI,2020-12-04 21:00:00,9.1,79.3,25.0,1003.0,
005575,1,2020335N06090,2020,113,NI,BUREVI,2020-12-05 00:00:00,9.1,79.4,25.0,1003.0,
005576,1,2020335N06090,2020,113,NI,BUREVI,2020-12-05 03:00:00,9.2,79.5,23.0,1004.0,
005577,1,2020335N06090,2020,113,NI,BUREVI,2020-12-05 06:00:00,9.5,80.1,20.0,1005.0,
005578,1,2020353N06129,2020,119,WP,KROVANH,2020-12-17 12:00:00,5.8,129.0,15.0,1009.0,
005579,1,2020353N06129,2020,119,WP,KROVANH,2020-12-17 15:00:00,6.2,128.4,15.0,1009.0,
005580,1,2020353N06129,2020,119,WP,KROVANH,2020-12-17 18:00:00,6.5,127.8,15.0,1009.0,
005581,1,2020353N06129,2020,119,WP,KROVANH,2020-12-17 21:00:00,6.7,127.4,18.0,1007.0,
005582,1,2020353N06129,2020,119,WP,KROVANH,2020-12-18 00:00:00,7.1,127.2,20.0,1004.0,
005583,1,2020353N06129,2020,119,WP,KROVANH,2020-12-18 03:00:00,7.6,126.7,15.0,1004.0,
005584,1,2020353N06129,2020,119,WP,KROVANH,2020-12-18 06:00:00,8.1,126.1,10.0,1004.0,
005585,1,2020353N06129,2020,119,WP,KROVANH,2020-12-18 09:00:00,8.6,125.2,10.0,1005.0,
005586,1,2020353N06129,2020,119,WP,KROVANH,2020-12-18 12:00:00,8.9,124.3,10.0,1006.0,
005587,1,2020353N06129,2020,119,WP,KROVANH,2020-12-18 15:00:00,8.9,123.3,15.0,1005.0,
005588,1,2020353N06129,2020,119,WP,KROVANH,2020-12-18 18:00:00,8.8,122.4,20.0,1004.0,
005589,1,2020353N06129,2020,119,WP,KROVANH,2020-12-18 21:00:00,8.8,121.6,20.0,1004.0,
005590,1,2020353N06129,2020,119,WP,KROVANH,2020-12-19 00:00:00,8.9,121.0,20.0,1004.0,
005591,1,2020353N06129,2020,119,WP,KROVANH,2020-12-19 03:00:00,9.0,120.4,20.0,1003.0,
005592,1,2020353N06129,2020,119,WP,KROVANH,2020-12-19 06:00:00,9.2,119.8,20.0,1001.0,
005593,1,2020353N06129,2020,119,WP,KROVANH,2020-12-19 09:00:00,9.5,119.1,23.0,1003.0,
005594,1,2020353N06129,2020,119,WP,KROVANH,2020-12-19 12:00:00,9.7,118.4,25.0,1004.0,
005595,1,2020353N06129,2020,119,WP,KROVANH,2020-12-19 15:00:00,9.7,117.6,23.0,1006.0,
005596,1,2020353N06129,2020,119,WP,KROVANH,2020-12-19 18:00:00,9.8,116.9,20.0,1007.0,
005597,1,2020353N06129,2020,119,WP,KROVANH,2020-12-19 21:00:00,9.9,116.2,23.0,1006.0,
005598,1,2020353N06129,2020,119,WP,KROVANH,2020-12-20 00:00:00,10.0,115.6,25.0,1005.0,
005599,1,2020353N06129,2020,119,WP,KROVANH,2020-12-20 03:00:00,10.1,115.3,25.0,1005.0,
005600,1,2020353N06129,2020,119,WP,KROVANH,2020-12-20 06:00:00,10.1,115.0,25.0,1004.0,
005601,1,2020353N06129,2020,119,WP,KROVANH,2020-12-20 09:00:00,10.0,114.7,25.0,1004.0,
005602,1,2020353N06129,2020,119,WP,KROVANH,2020-12-20 12:00:00,9.9,114.4,25.0,1004.0,
005603,1,2020353N06129,2020,119,WP,KROVANH,2020-12-20 15:00:00,9.7,114.1,25.0,1004.0,
005604,1,2020353N06129,2020,119,WP,KROVANH,2020-12-20 18:00:00,9.5,113.9,25.0,1003.0,
005605,1,2020353N06129,2020,119,WP,KROVANH,2020-12-20 21:00:00,9.3,113.7,23.0,1004.0,
005606,1,2020353N06129,2020,119,WP,KROVANH,2020-12-21 00:00:00,9.2,113.4,20.0,1005.0,
005607,1,2020353N06129,2020,119,WP,KROVANH,2020-12-21 03:00:00,9.1,113.2,23.0,1004.0,
005608,1,2020353N06129,2020,119,WP,KROVANH,2020-12-21 06:00:00,9.0,112.9,25.0,1003.0,
005609,1,2020353N06129,2020,119,WP,KROVANH,2020-12-21 09:00:00,8.9,112.6,25.0,1003.0,
005610,1,2020353N06129,2020,119,WP,KROVANH,2020-12-21 12:00:00,8.8,112.3,25.0,1003.0,
005611,1,2020353N06129,2020,119,WP,KROVANH,2020-12-21 15:00:00,8.6,111.9,25.0,1004.0,
005612,1,2020353N06129,2020,119,WP,KROVANH,2020-12-21 18:00:00,8.5,111.6,25.0,1004.0,
005613,1,2020353N06129,2020,119,WP,KROVANH,2020-12-21 21:00:00,8.2,111.3,25.0,1004.0,
005614,1,2020353N06129,2020,119,WP,KROVANH,2020-12-22 00:00:00,7.9,111.0,25.0,1004.0,
005615,1,2020353N06129,2020,119,WP,KROVANH,2020-12-22 03:00:00,7.7,110.7,25.0,1004.0,
005616,1,2020353N06129,2020,119,WP,KROVANH,2020-12-22 06:00:00,7.8,110.5,25.0,1004.0,
005617,1,2020353N06129,2020,119,WP,KROVANH,2020-12-22 09:00:00,7.8,110.3,25.0,1004.0,
005618,1,2020353N06129,2020,119,WP,KROVANH,2020-12-22 12:00:00,7.9,110.0,25.0,1004.0,
005619,1,2020353N06129,2020,119,WP,KROVANH,2020-12-22 15:00:00,7.9,109.6,25.0,1004.0,
005620,1,2020353N06129,2020,119,WP,KROVANH,2020-12-22 18:00:00,8.0,109.3,25.0,1004.0,
005621,1,2020353N06129,2020,119,WP,KROVANH,2020-12-22 21:00:00,8.1,108.9,25.0,1005.0,
005622,1,2020353N06129,2020,119,WP,KROVANH,2020-12-23 00:00:00,8.1,108.5,25.0,1005.0,
005623,1,2020353N06129,2020,119,WP,KROVANH,2020-12-23 03:00:00,8.2,108.0,25.0,1005.0,
005624,1,2020353N06129,2020,119,WP,KROVANH,2020-12-23 06:00:00,8.3,107.4,25.0,1005.0,
005625,1,2020353N06129,2020,119,WP,KROVANH,2020-12-23 09:00:00,8.2,106.9,23.0,1006.0,
005626,1,2020353N06129,2020,119,WP,KROVANH,2020-12-23 12:00:00,8.0,106.3,20.0,1006.0,
005627,1,2020353N06129,2020,119,WP,KROVANH,2020-12-23 15:00:00,8.0,105.8,20.0,1007.0,
005628,1,2020353N06129,2020,119,WP,KROVANH,2020-12-23 18:00:00,7.9,105.2,20.0,1007.0,
005629,1,2020353N06129,2020,119,WP,KROVANH,2020-12-23 21:00:00,7.8,104.6,20.0,1007.0,
005630,1,2020353N06129,2020,119,WP,KROVANH,2020-12-24 00:00:00,7.8,103.9,20.0,1006.0,
005631,1,2020353N06129,2020,119,WP,KROVANH,2020-12-24 03:00:00,7.8,103.3,23.0,1006.0,
005632,1,2020353N06129,2020,119,WP,KROVANH,2020-12-24 06:00:00,7.8,102.7,25.0,1005.0,
005633,1,2020353N06129,2020,119,WP,KROVANH,2020-12-24 09:00:00,8.0,102.2,28.0,1004.0,
005634,1,2020353N06129,2020,119,WP,KROVANH,2020-12-24 12:00:00,8.2,101.6,30.0,1002.0,
005635,1,2020353N06129,2020,119,WP,KROVANH,2020-12-24 15:00:00,8.3,101.1,28.0,1004.0,
005636,1,2020353N06129,2020,119,WP,KROVANH,2020-12-24 18:00:00,8.6,100.7,25.0,1006.0,
005637,1,2020353N06129,2020,119,WP,KROVANH,2020-12-24 21:00:00,8.9,100.2,23.0,1006.0,
005638,1,2020353N06129,2020,119,NI,KROVANH,2020-12-25 00:00:00,9.4,99.6,20.0,1006.0,
005639,1,2020353N06129,2020,119,NI,KROVANH,2020-12-25 03:00:00,9.7,98.9,20.0,1007.0,
005640,1,2020353N06129,2020,119,NI,KROVANH,2020-12-25 06:00:00,10.0,98.1,20.0,1007.0,
005641,1,2020353N06129,2020,119,NI,KROVANH,2020-12-25 09:00:00,10.6,97.3,18.0,1009.0,
005642,1,2020353N06129,2020,119,NI,KROVANH,2020-12-25 12:00:00,11.3,97.0,15.0,1010.0,
005643,1,2021133N10071,2021,30,NI,TAUKTAE,2021-05-13 06:00:00,10.0,70.9,20.0,1007.0,
005644,1,2021133N10071,2021,30,NI,TAUKTAE,2021-05-13 09:00:00,10.1,71.1,23.0,1006.0,
005645,1,2021133N10071,2021,30,NI,TAUKTAE,2021-05-13 12:00:00,10.2,71.3,25.0,1004.0,
005646,1,2021133N10071,2021,30,NI,TAUKTAE,2021-05-13 15:00:00,10.3,71.4,25.0,1002.0,
005647,1,2021133N10071,2021,30,NI,TAUKTAE,2021-05-13 18:00:00,10.5,71.5,25.0,999.0,
005648,1,2021133N10071,2021,30,NI,TAUKTAE,2021-05-13 21:00:00,10.7,71.6,28.0,998.0,
005649,1,2021133N10071,2021,30,NI,TAUKTAE,2021-05-14 00:00:00,10.9,71.8,30.0,997.0,
005650,1,2021133N10071,2021,30,NI,TAUKTAE,2021-05-14 03:00:00,11.0,72.0,33.0,998.0,
005651,1,2021133N10071,2021,30,NI,TAUKTAE,2021-05-14 06:00:00,11.2,72.2,35.0,998.0,
005652,1,2021133N10071,2021,30,NI,TAUKTAE,2021-05-14 09:00:00,11.5,72.4,38.0,997.0,
005653,1,2021133N10071,2021,30,NI,TAUKTAE,2021-05-14 12:00:00,11.7,72.6,40.0,996.0,
005654,1,2021133N10071,2021,30,NI,TAUKTAE,2021-05-14 15:00:00,12.0,72.7,43.0,993.0,
005655,1,2021133N10071,2021,30,NI,TAUKTAE,2021-05-14 18:00:00,12.3,72.8,45.0,989.0,
005656,1,2021133N10071,2021,30,NI,TAUKTAE,2021-05-14 21:00:00,12.4,72.8,48.0,989.0,
005657,1,2021133N10071,2021,30,NI,TAUKTAE,2021-05-15 00:00:00,12.8,72.9,50.0,989.0,
005658,1,2021133N10071,2021,30,NI,TAUKTAE,2021-05-15 03:00:00,13.0,72.9,53.0,996.0,
005659,1,2021133N10071,2021,30,NI,TAUKTAE,2021-05-15 06:00:00,13.3,73.0,55.0,1002.0,
005660,1,2021133N10071,2021,30,NI,TAUKTAE,2021-05-15 09:00:00,13.6,73.0,60.0,989.0,
005661,1,2021133N10071,2021,30,NI,TAUKTAE,2021-05-15 12:00:00,13.9,73.0,65.0,975.0,
005662,1,2021133N10071,2021,30,NI,TAUKTAE,2021-05-15 15:00:00,14.2,72.9,68.0,975.0,
005663,1,2021133N10071,2021,30,NI,TAUKTAE,2021-05-15 18:00:00,14.5,72.8,70.0,975.0,
005664,1,2021133N10071,2021,30,NI,TAUKTAE,2021-05-15 21:00:00,14.7,72.8,75.0,970.0,
005665,1,2021133N10071,2021,30,NI,TAUKTAE,2021-05-16 00:00:00,15.0,72.8,80.0,965.0,
005666,1,2021133N10071,2021,30,NI,TAUKTAE,2021-05-16 03:00:00,15.4,72.8,85.0,964.0,
005667,1,2021133N10071,2021,30,NI,TAUKTAE,2021-05-16 06:00:00,15.8,72.8,90.0,962.0,
005668,1,2021133N10071,2021,30,NI,TAUKTAE,2021-05-16 09:00:00,16.3,72.7,95.0,957.0,
005669,1,2021133N10071,2021,30,NI,TAUKTAE,2021-05-16 12:00:00,16.8,72.5,100.0,952.0,
005670,1,2021133N10071,2021,30,NI,TAUKTAE,2021-05-16 15:00:00,17.3,72.3,108.0,947.0,
005671,1,2021133N10071,2021,30,NI,TAUKTAE,2021-05-16 18:00:00,17.7,72.0,115.0,942.0,
005672,1,2021133N10071,2021,30,NI,TAUKTAE,2021-05-16 21:00:00,18.0,71.8,118.0,937.0,
005673,1,2021133N10071,2021,30,NI,TAUKTAE,2021-05-17 00:00:00,18.4,71.7,120.0,931.0,
005674,1,2021133N10071,2021,30,NI,TAUKTAE,2021-05-17 03:00:00,18.8,71.6,120.0,933.0,
005675,1,2021133N10071,2021,30,NI,TAUKTAE,2021-05-17 06:00:00,19.3,71.5,120.0,934.0,
005676,1,2021133N10071,2021,30,NI,TAUKTAE,2021-05-17 09:00:00,19.6,71.4,110.0,942.0,
005677,1,2021133N10071,2021,30,NI,TAUKTAE,2021-05-17 12:00:00,20.1,71.4,100.0,949.0,
005678,1,2021133N10071,2021,30,NI,TAUKTAE,2021-05-17 15:00:00,20.5,71.3,115.0,936.0,
005679,1,2021133N10071,2021,30,NI,TAUKTAE,2021-05-17 18:00:00,20.9,71.2,110.0,942.0,
005680,1,2021133N10071,2021,30,NI,TAUKTAE,2021-05-17 21:00:00,21.2,71.2,100.0,951.0,
005681,1,2021133N10071,2021,30,NI,TAUKTAE,2021-05-18 00:00:00,21.5,71.2,90.0,959.0,
005682,1,2021133N10071,2021,30,NI,TAUKTAE,2021-05-18 03:00:00,21.7,71.3,80.0,966.0,
005683,1,2021133N10071,2021,30,NI,TAUKTAE,2021-05-18 06:00:00,22.1,71.6,70.0,972.0,
005684,1,2021133N10071,2021,30,NI,TAUKTAE,2021-05-18 09:00:00,22.6,71.7,63.0,978.0,
005685,1,2021133N10071,2021,30,NI,TAUKTAE,2021-05-18 12:00:00,23.2,72.1,55.0,984.0,
005686,1,2021133N10071,2021,30,NI,TAUKTAE,2021-05-18 15:00:00,23.7,72.5,50.0,987.0,
005687,1,2021133N10071,2021,30,NI,TAUKTAE,2021-05-18 18:00:00,24.1,73.1,45.0,989.0,
005688,1,2021133N10071,2021,30,NI,TAUKTAE,2021-05-18 21:00:00,24.4,73.4,38.0,994.0,
005689,1,2021133N10071,2021,30,NI,TAUKTAE,2021-05-19 00:00:00,24.6,73.6,30.0,998.0,
005690,1,2021133N10071,2021,30,NI,TAUKTAE,2021-05-19 03:00:00,24.9,73.7,,,
005691,1,2021133N10071,2021,30,NI,TAUKTAE,2021-05-19 06:00:00,25.8,74.8,,,
005692,1,2021143N15090,2021,32,NI,YAAS,2021-05-23 00:00:00,15.5,90.0,20.0,1000.0,
005693,1,2021143N15090,2021,32,NI,YAAS,2021-05-23 03:00:00,15.4,89.9,23.0,999.0,
005694,1,2021143N15090,2021,32,NI,YAAS,2021-05-23 06:00:00,15.6,89.8,25.0,998.0,
005695,1,2021143N15090,2021,32,NI,YAAS,2021-05-23 09:00:00,15.6,89.7,28.0,997.0,
005696,1,2021143N15090,2021,32,NI,YAAS,2021-05-23 12:00:00,15.7,89.6,30.0,995.0,
005697,1,2021143N15090,2021,32,NI,YAAS,2021-05-23 15:00:00,15.8,89.5,33.0,995.0,
005698,1,2021143N15090,2021,32,NI,YAAS,2021-05-23 18:00:00,15.8,89.5,35.0,994.0,
005699,1,2021143N15090,2021,32,NI,YAAS,2021-05-23 21:00:00,16.0,89.6,35.0,993.0,
005700,1,2021143N15090,2021,32,NI,YAAS,2021-05-24 00:00:00,16.1,89.8,35.0,991.0,
005701,1,2021143N15090,2021,32,NI,YAAS,2021-05-24 03:00:00,16.5,89.7,35.0,991.0,
005702,1,2021143N15090,2021,32,NI,YAAS,2021-05-24 06:00:00,16.6,89.6,35.0,991.0,
005703,1,2021143N15090,2021,32,NI,YAAS,2021-05-24 09:00:00,16.9,89.6,38.0,990.0,
005704,1,2021143N15090,2021,32,NI,YAAS,2021-05-24 12:00:00,17.2,89.4,40.0,988.0,
005705,1,2021143N15090,2021,32,NI,YAAS,2021-05-24 15:00:00,17.4,89.2,45.0,986.0,
005706,1,2021143N15090,2021,32,NI,YAAS,2021-05-24 18:00:00,17.6,89.0,50.0,983.0,
005707,1,2021143N15090,2021,32,NI,YAAS,2021-05-24 21:00:00,17.8,88.9,53.0,982.0,
005708,1,2021143N15090,2021,32,NI,YAAS,2021-05-25 00:00:00,18.1,88.6,55.0,981.0,
005709,1,2021143N15090,2021,32,NI,YAAS,2021-05-25 03:00:00,18.4,88.4,55.0,981.0,
005710,1,2021143N15090,2021,32,NI,YAAS,2021-05-25 06:00:00,18.8,88.2,55.0,981.0,
005711,1,2021143N15090,2021,32,NI,YAAS,2021-05-25 09:00:00,19.1,88.2,60.0,978.0,
005712,1,2021143N15090,2021,32,NI,YAAS,2021-05-25 12:00:00,19.5,88.2,65.0,975.0,
005713,1,2021143N15090,2021,32,NI,YAAS,2021-05-25 15:00:00,19.9,88.0,65.0,975.0,
005714,1,2021143N15090,2021,32,NI,YAAS,2021-05-25 18:00:00,20.3,87.8,65.0,974.0,
005715,1,2021143N15090,2021,32,NI,YAAS,2021-05-25 21:00:00,20.4,87.7,63.0,976.0,
005716,1,2021143N15090,2021,32,NI,YAAS,2021-05-26 00:00:00,20.6,87.6,60.0,977.0,
005717,1,2021143N15090,2021,32,NI,YAAS,2021-05-26 03:00:00,21.1,87.2,58.0,978.0,
005718,1,2021143N15090,2021,32,NI,YAAS,2021-05-26 06:00:00,21.5,86.9,55.0,979.0,
005719,1,2021143N15090,2021,32,NI,YAAS,2021-05-26 09:00:00,21.7,86.6,50.0,982.0,
005720,1,2021143N15090,2021,32,NI,YAAS,2021-05-26 12:00:00,21.9,86.5,45.0,985.0,
005721,1,2021143N15090,2021,32,NI,YAAS,2021-05-26 15:00:00,22.2,86.1,40.0,988.0,
005722,1,2021143N15090,2021,32,NI,YAAS,2021-05-26 18:00:00,22.5,85.8,35.0,990.0,
005723,1,2021143N15090,2021,32,NI,YAAS,2021-05-26 21:00:00,22.8,85.7,30.0,992.0,
005724,1,2021143N15090,2021,32,NI,YAAS,2021-05-27 00:00:00,23.1,85.7,25.0,993.0,
005725,1,2021143N15090,2021,32,NI,YAAS,2021-05-27 03:00:00,23.3,85.7,23.0,995.0,
005726,1,2021143N15090,2021,32,NI,YAAS,2021-05-27 06:00:00,23.6,85.6,20.0,997.0,
005727,1,2021143N15090,2021,32,NI,YAAS,2021-05-27 09:00:00,23.9,85.5,,,
005728,1,2021143N15090,2021,32,NI,YAAS,2021-05-27 12:00:00,24.3,85.3,,,
005729,1,2021143N15090,2021,32,NI,YAAS,2021-05-27 15:00:00,24.5,85.1,,,
005730,1,2021143N15090,2021,32,NI,YAAS,2021-05-27 18:00:00,24.7,84.8,,,
005731,1,2021264N13119,2021,80,WP,DIANMU,2021-09-21 00:00:00,12.9,119.0,15.0,1008.0,
005732,1,2021264N13119,2021,80,WP,DIANMU,2021-09-21 03:00:00,12.4,118.7,15.0,1008.0,
005733,1,2021264N13119,2021,80,WP,DIANMU,2021-09-21 06:00:00,12.0,118.4,15.0,1008.0,
005734,1,2021264N13119,2021,80,WP,DIANMU,2021-09-21 09:00:00,11.8,118.0,15.0,1008.0,
005735,1,2021264N13119,2021,80,WP,DIANMU,2021-09-21 12:00:00,11.7,117.6,15.0,1007.0,
005736,1,2021264N13119,2021,80,WP,DIANMU,2021-09-21 15:00:00,11.7,117.0,15.0,1008.0,
005737,1,2021264N13119,2021,80,WP,DIANMU,2021-09-21 18:00:00,11.7,116.4,15.0,1008.0,
005738,1,2021264N13119,2021,80,WP,DIANMU,2021-09-21 21:00:00,11.8,115.9,15.0,1008.0,
005739,1,2021264N13119,2021,80,WP,DIANMU,2021-09-22 00:00:00,11.9,115.3,15.0,1008.0,
005740,1,2021264N13119,2021,80,WP,DIANMU,2021-09-22 03:00:00,12.2,114.7,18.0,1008.0,
005741,1,2021264N13119,2021,80,WP,DIANMU,2021-09-22 06:00:00,12.5,114.1,20.0,1007.0,
005742,1,2021264N13119,2021,80,WP,DIANMU,2021-09-22 09:00:00,12.6,113.7,20.0,1008.0,
005743,1,2021264N13119,2021,80,WP,DIANMU,2021-09-22 12:00:00,12.7,113.5,20.0,1008.0,
005744,1,2021264N13119,2021,80,WP,DIANMU,2021-09-22 15:00:00,12.9,113.1,23.0,1006.0,
005745,1,2021264N13119,2021,80,WP,DIANMU,2021-09-22 18:00:00,13.2,112.7,25.0,1004.0,
005746,1,2021264N13119,2021,80,WP,DIANMU,2021-09-22 21:00:00,13.5,112.1,28.0,1004.0,
005747,1,2021264N13119,2021,80,WP,DIANMU,2021-09-23 00:00:00,13.9,111.6,30.0,1003.0,
005748,1,2021264N13119,2021,80,WP,DIANMU,2021-09-23 03:00:00,14.3,111.0,30.0,1003.0,
005749,1,2021264N13119,2021,80,WP,DIANMU,2021-09-23 06:00:00,14.7,110.5,30.0,1002.0,
005750,1,2021264N13119,2021,80,WP,DIANMU,2021-09-23 09:00:00,15.1,109.9,33.0,1002.0,
005751,1,2021264N13119,2021,80,WP,DIANMU,2021-09-23 12:00:00,15.3,109.3,35.0,1001.0,
005752,1,2021264N13119,2021,80,WP,DIANMU,2021-09-23 15:00:00,15.4,108.7,33.0,1004.0,
005753,1,2021264N13119,2021,80,WP,DIANMU,2021-09-23 18:00:00,15.6,108.1,30.0,1006.0,
005754,1,2021264N13119,2021,80,WP,DIANMU,2021-09-23 21:00:00,15.7,107.2,28.0,1007.0,
005755,1,2021264N13119,2021,80,WP,DIANMU,2021-09-24 00:00:00,15.8,106.5,25.0,1007.0,
005756,1,2021264N13119,2021,80,WP,DIANMU,2021-09-24 03:00:00,16.0,105.9,23.0,1007.0,
005757,1,2021264N13119,2021,80,WP,DIANMU,2021-09-24 06:00:00,16.1,105.4,20.0,1007.0,
005758,1,2021264N13119,2021,80,WP,DIANMU,2021-09-24 09:00:00,16.2,105.0,18.0,1008.0,
005759,1,2021264N13119,2021,80,WP,DIANMU,2021-09-24 12:00:00,16.3,104.7,15.0,1009.0,
005760,1,2021264N13119,2021,80,WP,DIANMU,2021-09-24 15:00:00,16.1,104.1,,,
005761,1,2021264N13119,2021,80,WP,DIANMU,2021-09-24 18:00:00,16.0,103.5,,,
005762,1,2021264N13119,2021,80,WP,DIANMU,2021-09-24 21:00:00,16.0,103.0,,,
005763,1,2021264N13119,2021,80,WP,DIANMU,2021-09-25 00:00:00,16.0,102.6,,,
005764,1,2021264N13119,2021,80,WP,DIANMU,2021-09-25 03:00:00,16.0,102.1,,,
005765,1,2021264N13119,2021,80,WP,DIANMU,2021-09-25 06:00:00,16.0,101.6,,,
005766,1,2021264N13119,2021,80,WP,DIANMU,2021-09-25 09:00:00,16.0,101.2,,,
005767,1,2021264N13119,2021,80,WP,DIANMU,2021-09-25 12:00:00,16.1,101.0,,,
005768,1,2021264N13119,2021,80,WP,DIANMU,2021-09-25 15:00:00,16.1,100.7,,,
005769,1,2021264N13119,2021,80,WP,DIANMU,2021-09-25 18:00:00,16.1,100.4,,,
005770,1,2021264N13119,2021,80,NI,DIANMU,2021-09-25 21:00:00,16.1,99.9,,,
005771,1,2021264N13119,2021,80,NI,DIANMU,2021-09-26 00:00:00,16.1,99.5,,,
005772,1,2021267N18094,2021,83,NI,GULAB:SHAHEEN-GU,2021-09-23 18:00:00,18.4,94.1,25.0,1002.0,
005773,1,2021267N18094,2021,83,NI,GULAB:SHAHEEN-GU,2021-09-23 21:00:00,18.2,93.7,28.0,1001.0,
005774,1,2021267N18094,2021,83,NI,GULAB:SHAHEEN-GU,2021-09-24 00:00:00,18.1,93.3,30.0,1000.0,
005775,1,2021267N18094,2021,83,NI,GULAB:SHAHEEN-GU,2021-09-24 03:00:00,18.2,92.9,30.0,1004.0,
005776,1,2021267N18094,2021,83,NI,GULAB:SHAHEEN-GU,2021-09-24 06:00:00,18.3,92.4,30.0,1007.0,
005777,1,2021267N18094,2021,83,NI,GULAB:SHAHEEN-GU,2021-09-24 09:00:00,18.3,91.9,30.0,1006.0,
005778,1,2021267N18094,2021,83,NI,GULAB:SHAHEEN-GU,2021-09-24 12:00:00,18.3,91.4,30.0,1005.0,
005779,1,2021267N18094,2021,83,NI,GULAB:SHAHEEN-GU,2021-09-24 15:00:00,18.3,90.9,30.0,1005.0,
005780,1,2021267N18094,2021,83,NI,GULAB:SHAHEEN-GU,2021-09-24 18:00:00,18.3,90.5,30.0,1004.0,
005781,1,2021267N18094,2021,83,NI,GULAB:SHAHEEN-GU,2021-09-24 21:00:00,18.3,90.1,33.0,1003.0,
005782,1,2021267N18094,2021,83,NI,GULAB:SHAHEEN-GU,2021-09-25 00:00:00,18.3,89.8,35.0,1002.0,
005783,1,2021267N18094,2021,83,NI,GULAB:SHAHEEN-GU,2021-09-25 03:00:00,18.3,89.4,35.0,1002.0,
005784,1,2021267N18094,2021,83,NI,GULAB:SHAHEEN-GU,2021-09-25 06:00:00,18.3,88.9,35.0,1001.0,
005785,1,2021267N18094,2021,83,NI,GULAB:SHAHEEN-GU,2021-09-25 09:00:00,18.3,88.6,38.0,999.0,
005786,1,2021267N18094,2021,83,NI,GULAB:SHAHEEN-GU,2021-09-25 12:00:00,18.3,88.5,40.0,996.0,
005787,1,2021267N18094,2021,83,NI,GULAB:SHAHEEN-GU,2021-09-25 15:00:00,18.2,88.4,40.0,996.0,
005788,1,2021267N18094,2021,83,NI,GULAB:SHAHEEN-GU,2021-09-25 18:00:00,18.3,88.2,40.0,996.0,
005789,1,2021267N18094,2021,83,NI,GULAB:SHAHEEN-GU,2021-09-25 21:00:00,18.3,87.7,38.0,997.0,
005790,1,2021267N18094,2021,83,NI,GULAB:SHAHEEN-GU,2021-09-26 00:00:00,18.3,87.3,35.0,998.0,
005791,1,2021267N18094,2021,83,NI,GULAB:SHAHEEN-GU,2021-09-26 03:00:00,18.4,86.5,35.0,999.0,
005792,1,2021267N18094,2021,83,NI,GULAB:SHAHEEN-GU,2021-09-26 06:00:00,18.5,86.0,35.0,999.0,
005793,1,2021267N18094,2021,83,NI,GULAB:SHAHEEN-GU,2021-09-26 09:00:00,18.4,85.3,38.0,995.0,
005794,1,2021267N18094,2021,83,NI,GULAB:SHAHEEN-GU,2021-09-26 12:00:00,18.4,84.6,40.0,991.0,
005795,1,2021267N18094,2021,83,NI,GULAB:SHAHEEN-GU,2021-09-26 15:00:00,18.3,83.9,38.0,995.0,
005796,1,2021267N18094,2021,83,NI,GULAB:SHAHEEN-GU,2021-09-26 18:00:00,18.3,83.4,35.0,998.0,
005797,1,2021267N18094,2021,83,NI,GULAB:SHAHEEN-GU,2021-09-26 21:00:00,18.2,82.9,33.0,998.0,
005798,1,2021267N18094,2021,83,NI,GULAB:SHAHEEN-GU,2021-09-27 00:00:00,18.2,82.6,30.0,997.0,
005799,1,2021267N18094,2021,83,NI,GULAB:SHAHEEN-GU,2021-09-27 03:00:00,18.2,82.2,28.0,999.0,
005800,1,2021267N18094,2021,83,NI,GULAB:SHAHEEN-GU,2021-09-27 06:00:00,18.5,81.7,25.0,1000.0,
005801,1,2021267N18094,2021,83,NI,GULAB:SHAHEEN-GU,2021-09-27 09:00:00,18.6,80.8,23.0,1000.0,
005802,1,2021267N18094,2021,83,NI,GULAB:SHAHEEN-GU,2021-09-27 12:00:00,18.8,80.0,20.0,1000.0,
005803,1,2021267N18094,2021,83,NI,GULAB:SHAHEEN-GU,2021-09-27 15:00:00,18.9,79.5,20.0,1000.0,
005804,1,2021267N18094,2021,83,NI,GULAB:SHAHEEN-GU,2021-09-27 18:00:00,19.1,79.2,20.0,1000.0,
005805,1,2021267N18094,2021,83,NI,GULAB:SHAHEEN-GU,2021-09-27 21:00:00,19.2,78.8,18.0,1000.0,
005806,1,2021267N18094,2021,83,NI,GULAB:SHAHEEN-GU,2021-09-28 00:00:00,19.5,78.3,15.0,1000.0,
005807,1,2021267N18094,2021,83,NI,GULAB:SHAHEEN-GU,2021-09-28 03:00:00,19.8,77.8,15.0,1002.0,
005808,1,2021267N18094,2021,83,NI,GULAB:SHAHEEN-GU,2021-09-28 06:00:00,20.1,77.5,15.0,1003.0,
005809,1,2021267N18094,2021,83,NI,GULAB:SHAHEEN-GU,2021-09-28 09:00:00,20.3,77.0,15.0,1003.0,
005810,1,2021267N18094,2021,83,NI,GULAB:SHAHEEN-GU,2021-09-28 12:00:00,20.5,76.5,15.0,1002.0,
005811,1,2021267N18094,2021,83,NI,GULAB:SHAHEEN-GU,2021-09-28 15:00:00,20.7,75.9,15.0,1003.0,
005812,1,2021267N18094,2021,83,NI,GULAB:SHAHEEN-GU,2021-09-28 18:00:00,20.9,75.3,15.0,1004.0,
005813,1,2021267N18094,2021,83,NI,GULAB:SHAHEEN-GU,2021-09-28 21:00:00,21.2,74.7,18.0,1003.0,
005814,1,2021267N18094,2021,83,NI,GULAB:SHAHEEN-GU,2021-09-29 00:00:00,21.5,74.1,20.0,1002.0,
005815,1,2021267N18094,2021,83,NI,GULAB:SHAHEEN-GU,2021-09-29 03:00:00,21.9,73.3,23.0,1002.0,
005816,1,2021267N18094,2021,83,NI,GULAB:SHAHEEN-GU,2021-09-29 06:00:00,22.2,72.6,25.0,1001.0,
005817,1,2021267N18094,2021,83,NI,GULAB:SHAHEEN-GU,2021-09-29 09:00:00,22.4,72.0,25.0,1001.0,
005818,1,2021267N18094,2021,83,NI,GULAB:SHAHEEN-GU,2021-09-29 12:00:00,22.6,71.5,25.0,1001.0,
005819,1,2021267N18094,2021,83,NI,GULAB:SHAHEEN-GU,2021-09-29 15:00:00,22.7,70.8,25.0,1002.0,
005820,1,2021267N18094,2021,83,NI,GULAB:SHAHEEN-GU,2021-09-29 18:00:00,22.7,70.1,25.0,1002.0,
005821,1,2021267N18094,2021,83,NI,GULAB:SHAHEEN-GU,2021-09-29 21:00:00,22.7,69.6,28.0,1000.0,
005822,1,2021267N18094,2021,83,NI,GULAB:SHAHEEN-GU,2021-09-30 00:00:00,22.6,69.3,30.0,998.0,
005823,1,2021267N18094,2021,83,NI,GULAB:SHAHEEN-GU,2021-09-30 03:00:00,22.6,68.7,30.0,999.0,
005824,1,2021267N18094,2021,83,NI,GULAB:SHAHEEN-GU,2021-09-30 06:00:00,22.6,68.3,30.0,999.0,
005825,1,2021267N18094,2021,83,NI,GULAB:SHAHEEN-GU,2021-09-30 09:00:00,22.8,67.7,30.0,999.0,
005826,1,2021267N18094,2021,83,NI,GULAB:SHAHEEN-GU,2021-09-30 12:00:00,22.9,67.2,30.0,999.0,
005827,1,2021267N18094,2021,83,NI,GULAB:SHAHEEN-GU,2021-09-30 15:00:00,22.9,66.8,33.0,998.0,
005828,1,2021267N18094,2021,83,NI,GULAB:SHAHEEN-GU,2021-09-30 18:00:00,23.0,66.4,35.0,997.0,
005829,1,2021267N18094,2021,83,NI,GULAB:SHAHEEN-GU,2021-09-30 21:00:00,23.0,65.9,38.0,996.0,
005830,1,2021267N18094,2021,83,NI,GULAB:SHAHEEN-GU,2021-10-01 00:00:00,23.1,65.4,40.0,994.0,
005831,1,2021267N18094,2021,83,NI,GULAB:SHAHEEN-GU,2021-10-01 03:00:00,23.1,64.9,45.0,991.0,
005832,1,2021267N18094,2021,83,NI,GULAB:SHAHEEN-GU,2021-10-01 06:00:00,23.2,64.6,50.0,987.0,
005833,1,2021267N18094,2021,83,NI,GULAB:SHAHEEN-GU,2021-10-01 09:00:00,23.3,64.2,53.0,986.0,
005834,1,2021267N18094,2021,83,NI,GULAB:SHAHEEN-GU,2021-10-01 12:00:00,23.5,63.9,55.0,984.0,
005835,1,2021267N18094,2021,83,NI,GULAB:SHAHEEN-GU,2021-10-01 15:00:00,23.6,63.5,55.0,984.0,
005836,1,2021267N18094,2021,83,NI,GULAB:SHAHEEN-GU,2021-10-01 18:00:00,23.7,63.2,55.0,983.0,
005837,1,2021267N18094,2021,83,NI,GULAB:SHAHEEN-GU,2021-10-01 21:00:00,23.8,62.8,58.0,983.0,
005838,1,2021267N18094,2021,83,NI,GULAB:SHAHEEN-GU,2021-10-02 00:00:00,23.8,62.5,60.0,982.0,
005839,1,2021267N18094,2021,83,NI,GULAB:SHAHEEN-GU,2021-10-02 03:00:00,24.0,62.1,63.0,980.0,
005840,1,2021267N18094,2021,83,NI,GULAB:SHAHEEN-GU,2021-10-02 06:00:00,24.1,61.7,65.0,978.0,
005841,1,2021267N18094,2021,83,NI,GULAB:SHAHEEN-GU,2021-10-02 09:00:00,24.2,61.3,65.0,978.0,
005842,1,2021267N18094,2021,83,NI,GULAB:SHAHEEN-GU,2021-10-02 12:00:00,24.4,60.9,65.0,978.0,
005843,1,2021267N18094,2021,83,NI,GULAB:SHAHEEN-GU,2021-10-02 15:00:00,24.4,60.5,68.0,977.0,
005844,1,2021267N18094,2021,83,NI,GULAB:SHAHEEN-GU,2021-10-02 18:00:00,24.3,60.1,70.0,976.0,
005845,1,2021267N18094,2021,83,NI,GULAB:SHAHEEN-GU,2021-10-02 21:00:00,24.3,59.7,68.0,978.0,
005846,1,2021267N18094,2021,83,NI,GULAB:SHAHEEN-GU,2021-10-03 00:00:00,24.2,59.5,65.0,979.0,
005847,1,2021267N18094,2021,83,NI,GULAB:SHAHEEN-GU,2021-10-03 03:00:00,24.1,59.1,68.0,978.0,
005848,1,2021267N18094,2021,83,NI,GULAB:SHAHEEN-GU,2021-10-03 06:00:00,24.1,58.8,70.0,977.0,
005849,1,2021267N18094,2021,83,NI,GULAB:SHAHEEN-GU,2021-10-03 09:00:00,24.1,58.4,65.0,981.0,
005850,1,2021267N18094,2021,83,NI,GULAB:SHAHEEN-GU,2021-10-03 12:00:00,24.0,58.1,60.0,984.0,
005851,1,2021267N18094,2021,83,NI,GULAB:SHAHEEN-GU,2021-10-03 15:00:00,24.0,57.8,58.0,986.0,
005852,1,2021267N18094,2021,83,NI,GULAB:SHAHEEN-GU,2021-10-03 18:00:00,23.9,57.6,55.0,987.0,
005853,1,2021267N18094,2021,83,NI,GULAB:SHAHEEN-GU,2021-10-03 21:00:00,23.8,57.3,45.0,992.0,
005854,1,2021267N18094,2021,83,NI,GULAB:SHAHEEN-GU,2021-10-04 00:00:00,23.7,56.9,35.0,996.0,
005855,1,2021267N18094,2021,83,NI,GULAB:SHAHEEN-GU,2021-10-04 03:00:00,23.5,56.5,30.0,999.0,
005856,1,2021267N18094,2021,83,NI,GULAB:SHAHEEN-GU,2021-10-04 06:00:00,23.4,56.1,25.0,1001.0,
005857,1,2021335N08096,2021,102,NI,JAWAD,2021-11-30 18:00:00,8.4,96.3,20.0,1006.0,
005858,1,2021335N08096,2021,102,NI,JAWAD,2021-11-30 21:00:00,8.0,96.1,20.0,1007.0,
005859,1,2021335N08096,2021,102,NI,JAWAD,2021-12-01 00:00:00,7.8,95.7,20.0,1008.0,
005860,1,2021335N08096,2021,102,NI,JAWAD,2021-12-01 03:00:00,7.8,94.9,20.0,1007.0,
005861,1,2021335N08096,2021,102,NI,JAWAD,2021-12-01 06:00:00,8.0,94.0,20.0,1006.0,
005862,1,2021335N08096,2021,102,NI,JAWAD,2021-12-01 09:00:00,8.1,93.4,20.0,1007.0,
005863,1,2021335N08096,2021,102,NI,JAWAD,2021-12-01 12:00:00,8.2,92.9,20.0,1008.0,
005864,1,2021335N08096,2021,102,NI,JAWAD,2021-12-01 15:00:00,8.5,92.3,23.0,1008.0,
005865,1,2021335N08096,2021,102,NI,JAWAD,2021-12-01 18:00:00,8.9,91.8,25.0,1007.0,
005866,1,2021335N08096,2021,102,NI,JAWAD,2021-12-01 21:00:00,9.2,91.3,25.0,1006.0,
005867,1,2021335N08096,2021,102,NI,JAWAD,2021-12-02 00:00:00,9.6,90.8,25.0,1005.0,
005868,1,2021335N08096,2021,102,NI,JAWAD,2021-12-02 03:00:00,10.0,90.1,25.0,1005.0,
005869,1,2021335N08096,2021,102,NI,JAWAD,2021-12-02 06:00:00,10.5,89.3,25.0,1005.0,
005870,1,2021335N08096,2021,102,NI,JAWAD,2021-12-02 09:00:00,11.0,88.7,25.0,1007.0,
005871,1,2021335N08096,2021,102,NI,JAWAD,2021-12-02 12:00:00,11.4,88.4,25.0,1009.0,
005872,1,2021335N08096,2021,102,NI,JAWAD,2021-12-02 15:00:00,11.8,87.9,28.0,1008.0,
005873,1,2021335N08096,2021,102,NI,JAWAD,2021-12-02 18:00:00,12.2,87.3,30.0,1007.0,
005874,1,2021335N08096,2021,102,NI,JAWAD,2021-12-02 21:00:00,12.9,86.7,33.0,1005.0,
005875,1,2021335N08096,2021,102,NI,JAWAD,2021-12-03 00:00:00,13.6,86.2,35.0,1003.0,
005876,1,2021335N08096,2021,102,NI,JAWAD,2021-12-03 03:00:00,14.0,85.9,35.0,1004.0,
005877,1,2021335N08096,2021,102,NI,JAWAD,2021-12-03 06:00:00,14.4,85.6,35.0,1005.0,
005878,1,2021335N08096,2021,102,NI,JAWAD,2021-12-03 09:00:00,14.7,85.3,35.0,1004.0,
005879,1,2021335N08096,2021,102,NI,JAWAD,2021-12-03 12:00:00,15.0,85.1,35.0,1003.0,
005880,1,2021335N08096,2021,102,NI,JAWAD,2021-12-03 15:00:00,15.2,85.0,35.0,1003.0,
005881,1,2021335N08096,2021,102,NI,JAWAD,2021-12-03 18:00:00,15.5,84.9,35.0,1003.0,
005882,1,2021335N08096,2021,102,NI,JAWAD,2021-12-03 21:00:00,15.7,84.9,35.0,1003.0,
005883,1,2021335N08096,2021,102,NI,JAWAD,2021-12-04 00:00:00,16.0,84.8,35.0,1003.0,
005884,1,2021335N08096,2021,102,NI,JAWAD,2021-12-04 03:00:00,16.2,84.8,35.0,1003.0,
005885,1,2021335N08096,2021,102,NI,JAWAD,2021-12-04 06:00:00,16.3,84.9,35.0,1003.0,
005886,1,2021335N08096,2021,102,NI,JAWAD,2021-12-04 09:00:00,16.5,84.9,35.0,1003.0,
005887,1,2021335N08096,2021,102,NI,JAWAD,2021-12-04 12:00:00,16.8,85.1,35.0,1002.0,
005888,1,2021335N08096,2021,102,NI,JAWAD,2021-12-04 15:00:00,17.1,85.1,33.0,1001.0,
005889,1,2021335N08096,2021,102,NI,JAWAD,2021-12-04 18:00:00,17.3,85.3,30.0,1000.0,
005890,1,2021335N08096,2021,102,NI,JAWAD,2021-12-04 21:00:00,17.4,85.4,30.0,1002.0,
005891,1,2021335N08096,2021,102,NI,JAWAD,2021-12-05 00:00:00,17.7,85.7,30.0,1004.0,
005892,1,2021335N08096,2021,102,NI,JAWAD,2021-12-05 03:00:00,18.3,85.8,28.0,1006.0,
005893,1,2021335N08096,2021,102,NI,JAWAD,2021-12-05 06:00:00,18.7,86.1,25.0,1007.0,
005894,1,2021335N08096,2021,102,NI,JAWAD,2021-12-05 09:00:00,19.0,86.3,23.0,1008.0,
005895,1,2021335N08096,2021,102,NI,JAWAD,2021-12-05 12:00:00,19.5,86.7,20.0,1009.0,
005896,1,2021335N08096,2021,102,NI,JAWAD,2021-12-05 15:00:00,20.0,87.0,20.0,1009.0,
005897,1,2021335N08096,2021,102,NI,JAWAD,2021-12-05 18:00:00,20.7,87.2,20.0,1009.0,
005898,1,2021335N08096,2021,102,NI,JAWAD,2021-12-05 21:00:00,21.2,87.4,18.0,1010.0,
005899,1,2021335N08096,2021,102,NI,JAWAD,2021-12-06 00:00:00,21.5,87.7,15.0,1010.0,
005900,1,2021335N08096,2021,102,NI,JAWAD,2021-12-06 03:00:00,21.9,88.1,13.0,1010.0,
005901,1,2021335N08096,2021,102,NI,JAWAD,2021-12-06 06:00:00,22.3,88.5,10.0,1009.0,
005902,1,2022126N07095,2022,31,NI,ASANI,2022-05-05 12:00:00,7.1,94.5,15.0,1010.0,
005903,1,2022126N07095,2022,31,NI,ASANI,2022-05-05 15:00:00,7.2,94.2,15.0,1010.0,
005904,1,2022126N07095,2022,31,NI,ASANI,2022-05-05 18:00:00,7.4,94.0,15.0,1010.0,
005905,1,2022126N07095,2022,31,NI,ASANI,2022-05-05 21:00:00,7.6,93.8,18.0,1008.0,
005906,1,2022126N07095,2022,31,NI,ASANI,2022-05-06 00:00:00,7.7,93.6,20.0,1005.0,
005907,1,2022126N07095,2022,31,NI,ASANI,2022-05-06 03:00:00,7.8,93.4,20.0,1005.0,
005908,1,2022126N07095,2022,31,NI,ASANI,2022-05-06 06:00:00,7.9,93.3,20.0,1004.0,
005909,1,2022126N07095,2022,31,NI,ASANI,2022-05-06 09:00:00,8.0,93.1,23.0,1004.0,
005910,1,2022126N07095,2022,31,NI,ASANI,2022-05-06 12:00:00,8.2,92.9,25.0,1003.0,
005911,1,2022126N07095,2022,31,NI,ASANI,2022-05-06 15:00:00,8.3,92.7,28.0,1002.0,
005912,1,2022126N07095,2022,31,NI,ASANI,2022-05-06 18:00:00,8.5,92.4,30.0,1001.0,
005913,1,2022126N07095,2022,31,NI,ASANI,2022-05-06 21:00:00,8.9,91.9,33.0,1000.0,
005914,1,2022126N07095,2022,31,NI,ASANI,2022-05-07 00:00:00,9.2,91.5,35.0,999.0,
005915,1,2022126N07095,2022,31,NI,ASANI,2022-05-07 03:00:00,9.3,91.3,38.0,997.0,
005916,1,2022126N07095,2022,31,NI,ASANI,2022-05-07 06:00:00,9.4,91.2,40.0,995.0,
005917,1,2022126N07095,2022,31,NI,ASANI,2022-05-07 09:00:00,9.7,90.8,45.0,993.0,
005918,1,2022126N07095,2022,31,NI,ASANI,2022-05-07 12:00:00,10.1,90.5,50.0,991.0,
005919,1,2022126N07095,2022,31,NI,ASANI,2022-05-07 15:00:00,10.4,90.2,50.0,991.0,
005920,1,2022126N07095,2022,31,NI,ASANI,2022-05-07 18:00:00,10.7,90.0,50.0,991.0,
005921,1,2022126N07095,2022,31,NI,ASANI,2022-05-07 21:00:00,10.9,89.6,55.0,989.0,
005922,1,2022126N07095,2022,31,NI,ASANI,2022-05-08 00:00:00,11.2,89.3,60.0,986.0,
005923,1,2022126N07095,2022,31,NI,ASANI,2022-05-08 03:00:00,11.5,88.9,63.0,984.0,
005924,1,2022126N07095,2022,31,NI,ASANI,2022-05-08 06:00:00,11.9,88.6,65.0,981.0,
005925,1,2022126N07095,2022,31,NI,ASANI,2022-05-08 09:00:00,12.1,88.2,63.0,983.0,
005926,1,2022126N07095,2022,31,NI,ASANI,2022-05-08 12:00:00,12.5,88.0,60.0,985.0,
005927,1,2022126N07095,2022,31,NI,ASANI,2022-05-08 15:00:00,12.8,87.6,60.0,985.0,
005928,1,2022126N07095,2022,31,NI,ASANI,2022-05-08 18:00:00,13.1,87.4,60.0,985.0,
005929,1,2022126N07095,2022,31,NI,ASANI,2022-05-08 21:00:00,13.5,86.9,60.0,986.0,
005930,1,2022126N07095,2022,31,NI,ASANI,2022-05-09 00:00:00,13.8,86.5,60.0,986.0,
005931,1,2022126N07095,2022,31,NI,ASANI,2022-05-09 03:00:00,14.0,86.2,58.0,987.0,
005932,1,2022126N07095,2022,31,NI,ASANI,2022-05-09 06:00:00,14.3,85.9,55.0,987.0,
005933,1,2022126N07095,2022,31,NI,ASANI,2022-05-09 09:00:00,14.4,85.6,55.0,987.0,
005934,1,2022126N07095,2022,31,NI,ASANI,2022-05-09 12:00:00,14.6,85.3,55.0,986.0,
005935,1,2022126N07095,2022,31,NI,ASANI,2022-05-09 15:00:00,14.7,85.0,58.0,985.0,
005936,1,2022126N07095,2022,31,NI,ASANI,2022-05-09 18:00:00,14.8,84.7,60.0,983.0,
005937,1,2022126N07095,2022,31,NI,ASANI,2022-05-09 21:00:00,14.9,84.4,63.0,980.0,
005938,1,2022126N07095,2022,31,NI,ASANI,2022-05-10 00:00:00,15.0,84.1,65.0,976.0,
005939,1,2022126N07095,2022,31,NI,ASANI,2022-05-10 03:00:00,15.1,83.6,65.0,977.0,
005940,1,2022126N07095,2022,31,NI,ASANI,2022-05-10 06:00:00,15.2,83.3,65.0,977.0,
005941,1,2022126N07095,2022,31,NI,ASANI,2022-05-10 09:00:00,15.2,82.9,60.0,979.0,
005942,1,2022126N07095,2022,31,NI,ASANI,2022-05-10 12:00:00,15.4,82.6,55.0,981.0,
005943,1,2022126N07095,2022,31,NI,ASANI,2022-05-10 15:00:00,15.4,82.2,50.0,984.0,
005944,1,2022126N07095,2022,31,NI,ASANI,2022-05-10 18:00:00,15.6,82.0,45.0,987.0,
005945,1,2022126N07095,2022,31,NI,ASANI,2022-05-10 21:00:00,15.7,81.8,43.0,989.0,
005946,1,2022126N07095,2022,31,NI,ASANI,2022-05-11 00:00:00,15.8,81.7,40.0,991.0,
005947,1,2022126N07095,2022,31,NI,ASANI,2022-05-11 03:00:00,15.9,81.6,40.0,992.0,
005948,1,2022126N07095,2022,31,NI,ASANI,2022-05-11 06:00:00,16.0,81.5,40.0,993.0,
005949,1,2022126N07095,2022,31,NI,ASANI,2022-05-11 09:00:00,16.0,81.4,38.0,994.0,
005950,1,2022126N07095,2022,31,NI,ASANI,2022-05-11 12:00:00,16.1,81.3,35.0,995.0,
005951,1,2022126N07095,2022,31,NI,ASANI,2022-05-11 15:00:00,16.0,81.1,30.0,996.0,
005952,1,2022126N07095,2022,31,NI,ASANI,2022-05-11 18:00:00,15.9,80.9,25.0,997.0,
005953,1,2022126N07095,2022,31,NI,ASANI,2022-05-11 21:00:00,15.8,80.6,25.0,999.0,
005954,1,2022126N07095,2022,31,NI,ASANI,2022-05-12 00:00:00,15.6,80.4,25.0,1000.0,
005955,1,2022126N07095,2022,31,NI,ASANI,2022-05-12 03:00:00,15.2,80.2,23.0,1001.0,
005956,1,2022126N07095,2022,31,NI,ASANI,2022-05-12 06:00:00,15.1,80.1,20.0,1002.0,
005957,1,2022126N07095,2022,31,NI,ASANI,2022-05-12 09:00:00,15.0,80.1,20.0,1002.0,
005958,1,2022126N07095,2022,31,NI,ASANI,2022-05-12 12:00:00,15.0,80.2,20.0,1001.0,
005959,1,2022126N07095,2022,31,NI,ASANI,2022-05-12 15:00:00,14.8,80.2,20.0,1004.0,
005960,1,2022126N07095,2022,31,NI,ASANI,2022-05-12 18:00:00,14.7,80.3,20.0,1007.0,
005961,1,2022126N07095,2022,31,NI,ASANI,2022-05-12 21:00:00,14.7,80.6,20.0,1007.0,
005962,1,2022126N07095,2022,31,NI,ASANI,2022-05-13 00:00:00,14.7,81.0,20.0,1007.0,
005963,1,2022126N07095,2022,31,NI,ASANI,2022-05-13 03:00:00,14.7,81.3,20.0,1007.0,
005964,1,2022126N07095,2022,31,NI,ASANI,2022-05-13 06:00:00,14.8,81.5,20.0,1007.0,
005965,1,2022295N13093,2022,99,NI,SITRANG,2022-10-21 18:00:00,12.6,93.3,15.0,1010.0,
005966,1,2022295N13093,2022,99,NI,SITRANG,2022-10-21 21:00:00,12.9,92.9,20.0,1008.0,
005967,1,2022295N13093,2022,99,NI,SITRANG,2022-10-22 00:00:00,13.2,92.5,25.0,1006.0,
005968,1,2022295N13093,2022,99,NI,SITRANG,2022-10-22 03:00:00,13.4,92.1,25.0,1006.0,
005969,1,2022295N13093,2022,99,NI,SITRANG,2022-10-22 06:00:00,13.9,91.4,25.0,1006.0,
005970,1,2022295N13093,2022,99,NI,SITRANG,2022-10-22 09:00:00,14.2,90.9,28.0,1006.0,
005971,1,2022295N13093,2022,99,NI,SITRANG,2022-10-22 12:00:00,14.4,90.5,30.0,1005.0,
005972,1,2022295N13093,2022,99,NI,SITRANG,2022-10-22 15:00:00,14.7,90.0,30.0,1004.0,
005973,1,2022295N13093,2022,99,NI,SITRANG,2022-10-22 18:00:00,15.0,89.5,30.0,1002.0,
005974,1,2022295N13093,2022,99,NI,SITRANG,2022-10-22 21:00:00,15.2,89.1,30.0,1001.0,
005975,1,2022295N13093,2022,99,NI,SITRANG,2022-10-23 00:00:00,15.4,88.7,30.0,1000.0,
005976,1,2022295N13093,2022,99,NI,SITRANG,2022-10-23 03:00:00,15.5,88.3,30.0,1000.0,
005977,1,2022295N13093,2022,99,NI,SITRANG,2022-10-23 06:00:00,15.6,88.1,30.0,1000.0,
005978,1,2022295N13093,2022,99,NI,SITRANG,2022-10-23 09:00:00,15.8,88.1,33.0,1000.0,
005979,1,2022295N13093,2022,99,NI,SITRANG,2022-10-23 12:00:00,16.2,88.1,35.0,999.0,
005980,1,2022295N13093,2022,99,NI,SITRANG,2022-10-23 15:00:00,16.6,88.4,35.0,1001.0,
005981,1,2022295N13093,2022,99,NI,SITRANG,2022-10-23 18:00:00,17.1,88.6,35.0,1002.0,
005982,1,2022295N13093,2022,99,NI,SITRANG,2022-10-23 21:00:00,17.5,88.8,38.0,1003.0,
005983,1,2022295N13093,2022,99,NI,SITRANG,2022-10-24 00:00:00,18.0,89.0,40.0,1003.0,
005984,1,2022295N13093,2022,99,NI,SITRANG,2022-10-24 03:00:00,18.7,89.3,43.0,1000.0,
005985,1,2022295N13093,2022,99,NI,SITRANG,2022-10-24 06:00:00,19.4,89.6,45.0,997.0,
005986,1,2022295N13093,2022,99,NI,SITRANG,2022-10-24 09:00:00,20.0,89.9,45.0,998.0,
005987,1,2022295N13093,2022,99,NI,SITRANG,2022-10-24 12:00:00,20.8,90.1,45.0,999.0,
005988,1,2022295N13093,2022,99,NI,SITRANG,2022-10-24 15:00:00,21.8,90.4,40.0,997.0,
005989,1,2022295N13093,2022,99,NI,SITRANG,2022-10-24 18:00:00,23.8,90.9,35.0,994.0,
005990,1,2022295N13093,2022,99,NI,SITRANG,2022-10-24 21:00:00,24.3,91.0,,,
005991,1,2022295N13093,2022,99,NI,SITRANG,2022-10-25 00:00:00,24.5,91.1,,,
005992,1,2022338N05100,2022,108,NI,MANDOUS,2022-12-04 00:00:00,5.3,99.7,15.0,1010.0,
005993,1,2022338N05100,2022,108,NI,MANDOUS,2022-12-04 03:00:00,5.5,99.4,15.0,1010.0,
005994,1,2022338N05100,2022,108,NI,MANDOUS,2022-12-04 06:00:00,5.7,99.0,15.0,1010.0,
005995,1,2022338N05100,2022,108,NI,MANDOUS,2022-12-04 09:00:00,5.9,98.5,18.0,1009.0,
005996,1,2022338N05100,2022,108,NI,MANDOUS,2022-12-04 12:00:00,6.1,98.1,20.0,1007.0,
005997,1,2022338N05100,2022,108,NI,MANDOUS,2022-12-04 15:00:00,6.3,97.9,20.0,1007.0,
005998,1,2022338N05100,2022,108,NI,MANDOUS,2022-12-04 18:00:00,6.6,97.7,20.0,1007.0,
005999,1,2022338N05100,2022,108,NI,MANDOUS,2022-12-04 21:00:00,6.9,97.5,20.0,1007.0,
006000,1,2022338N05100,2022,108,NI,MANDOUS,2022-12-05 00:00:00,7.2,97.2,20.0,1006.0,
006001,1,2022338N05100,2022,108,NI,MANDOUS,2022-12-05 03:00:00,7.3,96.5,20.0,1006.0,
006002,1,2022338N05100,2022,108,NI,MANDOUS,2022-12-05 06:00:00,7.3,95.7,20.0,1005.0,
006003,1,2022338N05100,2022,108,NI,MANDOUS,2022-12-05 09:00:00,7.4,95.0,18.0,1008.0,
006004,1,2022338N05100,2022,108,NI,MANDOUS,2022-12-05 12:00:00,7.5,94.1,15.0,1010.0,
006005,1,2022338N05100,2022,108,NI,MANDOUS,2022-12-05 15:00:00,7.8,92.8,18.0,1009.0,
006006,1,2022338N05100,2022,108,NI,MANDOUS,2022-12-05 18:00:00,8.0,91.6,20.0,1007.0,
006007,1,2022338N05100,2022,108,NI,MANDOUS,2022-12-05 21:00:00,8.0,90.8,23.0,1005.0,
006008,1,2022338N05100,2022,108,NI,MANDOUS,2022-12-06 00:00:00,8.0,90.2,25.0,1003.0,
006009,1,2022338N05100,2022,108,NI,MANDOUS,2022-12-06 03:00:00,8.0,89.5,28.0,1004.0,
006010,1,2022338N05100,2022,108,NI,MANDOUS,2022-12-06 06:00:00,8.1,88.7,30.0,1004.0,
006011,1,2022338N05100,2022,108,NI,MANDOUS,2022-12-06 09:00:00,8.3,87.8,33.0,1003.0,
006012,1,2022338N05100,2022,108,NI,MANDOUS,2022-12-06 12:00:00,8.4,87.2,35.0,1002.0,
006013,1,2022338N05100,2022,108,NI,MANDOUS,2022-12-06 15:00:00,8.4,86.9,38.0,1000.0,
006014,1,2022338N05100,2022,108,NI,MANDOUS,2022-12-06 18:00:00,8.5,86.7,40.0,998.0,
006015,1,2022338N05100,2022,108,NI,MANDOUS,2022-12-06 21:00:00,8.5,86.5,43.0,997.0,
006016,1,2022338N05100,2022,108,NI,MANDOUS,2022-12-07 00:00:00,8.6,86.3,45.0,996.0,
006017,1,2022338N05100,2022,108,NI,MANDOUS,2022-12-07 03:00:00,8.7,85.9,45.0,996.0,
006018,1,2022338N05100,2022,108,NI,MANDOUS,2022-12-07 06:00:00,8.8,85.7,45.0,995.0,
006019,1,2022338N05100,2022,108,NI,MANDOUS,2022-12-07 09:00:00,8.8,85.4,45.0,995.0,
006020,1,2022338N05100,2022,108,NI,MANDOUS,2022-12-07 12:00:00,9.0,85.1,45.0,995.0,
006021,1,2022338N05100,2022,108,NI,MANDOUS,2022-12-07 15:00:00,9.1,84.9,45.0,993.0,
006022,1,2022338N05100,2022,108,NI,MANDOUS,2022-12-07 18:00:00,9.2,84.7,45.0,990.0,
006023,1,2022338N05100,2022,108,NI,MANDOUS,2022-12-07 21:00:00,9.3,84.5,50.0,990.0,
006024,1,2022338N05100,2022,108,NI,MANDOUS,2022-12-08 00:00:00,9.4,84.3,55.0,989.0,
006025,1,2022338N05100,2022,108,NI,MANDOUS,2022-12-08 03:00:00,9.5,84.0,55.0,989.0,
006026,1,2022338N05100,2022,108,NI,MANDOUS,2022-12-08 06:00:00,9.8,83.6,55.0,989.0,
006027,1,2022338N05100,2022,108,NI,MANDOUS,2022-12-08 09:00:00,9.9,83.2,55.0,989.0,
006028,1,2022338N05100,2022,108,NI,MANDOUS,2022-12-08 12:00:00,10.2,82.9,55.0,989.0,
006029,1,2022338N05100,2022,108,NI,MANDOUS,2022-12-08 15:00:00,10.4,82.5,55.0,990.0,
006030,1,2022338N05100,2022,108,NI,MANDOUS,2022-12-08 18:00:00,10.6,82.2,55.0,990.0,
006031,1,2022338N05100,2022,108,NI,MANDOUS,2022-12-08 21:00:00,10.7,82.0,55.0,991.0,
006032,1,2022338N05100,2022,108,NI,MANDOUS,2022-12-09 00:00:00,11.0,81.8,55.0,991.0,
006033,1,2022338N05100,2022,108,NI,MANDOUS,2022-12-09 03:00:00,11.1,81.6,53.0,992.0,
006034,1,2022338N05100,2022,108,NI,MANDOUS,2022-12-09 06:00:00,11.4,81.4,50.0,993.0,
006035,1,2022338N05100,2022,108,NI,MANDOUS,2022-12-09 09:00:00,11.7,81.2,48.0,994.0,
006036,1,2022338N05100,2022,108,NI,MANDOUS,2022-12-09 12:00:00,12.0,81.0,45.0,994.0,
006037,1,2022338N05100,2022,108,NI,MANDOUS,2022-12-09 15:00:00,12.3,80.7,40.0,998.0,
006038,1,2022338N05100,2022,108,NI,MANDOUS,2022-12-09 18:00:00,12.6,80.4,35.0,1002.0,
006039,1,2022338N05100,2022,108,NI,MANDOUS,2022-12-09 21:00:00,12.8,80.1,33.0,1002.0,
006040,1,2022338N05100,2022,108,NI,MANDOUS,2022-12-10 00:00:00,12.8,79.8,30.0,1002.0,
006041,1,2022338N05100,2022,108,NI,MANDOUS,2022-12-10 03:00:00,12.8,79.6,28.0,1003.0,
006042,1,2022338N05100,2022,108,NI,MANDOUS,2022-12-10 06:00:00,12.9,79.4,25.0,1004.0,
006043,1,2022338N05100,2022,108,NI,MANDOUS,2022-12-10 09:00:00,12.9,79.1,20.0,1006.0,
006044,1,2022338N05100,2022,108,NI,MANDOUS,2022-12-10 12:00:00,12.9,78.8,15.0,1007.0,
006045,1,2023129N08091,2023,19,NI,MOCHA,2023-05-08 18:00:00,7.7,91.4,25.0,1004.0,
006046,1,2023129N08091,2023,19,NI,MOCHA,2023-05-08 21:00:00,7.6,91.1,25.0,1004.0,
006047,1,2023129N08091,2023,19,NI,MOCHA,2023-05-09 00:00:00,7.6,90.7,25.0,1004.0,
006048,1,2023129N08091,2023,19,NI,MOCHA,2023-05-09 03:00:00,7.6,90.1,25.0,1004.0,
006049,1,2023129N08091,2023,19,NI,MOCHA,2023-05-09 06:00:00,7.6,89.6,25.0,1004.0,
006050,1,2023129N08091,2023,19,NI,MOCHA,2023-05-09 09:00:00,7.7,89.3,25.0,1003.0,
006051,1,2023129N08091,2023,19,NI,MOCHA,2023-05-09 12:00:00,7.9,89.3,25.0,1002.0,
006052,1,2023129N08091,2023,19,NI,MOCHA,2023-05-09 15:00:00,8.1,89.2,25.0,1002.0,
006053,1,2023129N08091,2023,19,NI,MOCHA,2023-05-09 18:00:00,8.3,89.1,25.0,1001.0,
006054,1,2023129N08091,2023,19,NI,MOCHA,2023-05-09 21:00:00,8.3,89.1,28.0,996.0,
006055,1,2023129N08091,2023,19,NI,MOCHA,2023-05-10 00:00:00,8.5,89.0,30.0,991.0,
006056,1,2023129N08091,2023,19,NI,MOCHA,2023-05-10 03:00:00,8.8,88.7,30.0,996.0,
006057,1,2023129N08091,2023,19,NI,MOCHA,2023-05-10 06:00:00,9.3,88.5,30.0,1001.0,
006058,1,2023129N08091,2023,19,NI,MOCHA,2023-05-10 09:00:00,9.7,88.4,30.0,998.0,
006059,1,2023129N08091,2023,19,NI,MOCHA,2023-05-10 12:00:00,10.1,88.4,30.0,994.0,
006060,1,2023129N08091,2023,19,NI,MOCHA,2023-05-10 15:00:00,10.4,88.3,30.0,994.0,
006061,1,2023129N08091,2023,19,NI,MOCHA,2023-05-10 18:00:00,10.8,88.3,30.0,994.0,
006062,1,2023129N08091,2023,19,NI,MOCHA,2023-05-10 21:00:00,11.0,88.2,33.0,993.0,
006063,1,2023129N08091,2023,19,NI,MOCHA,2023-05-11 00:00:00,11.2,88.1,35.0,992.0,
006064,1,2023129N08091,2023,19,NI,MOCHA,2023-05-11 03:00:00,11.3,88.1,40.0,994.0,
006065,1,2023129N08091,2023,19,NI,MOCHA,2023-05-11 06:00:00,11.6,88.1,45.0,995.0,
006066,1,2023129N08091,2023,19,NI,MOCHA,2023-05-11 09:00:00,11.8,88.0,50.0,992.0,
006067,1,2023129N08091,2023,19,NI,MOCHA,2023-05-11 12:00:00,12.1,88.1,55.0,988.0,
006068,1,2023129N08091,2023,19,NI,MOCHA,2023-05-11 15:00:00,12.4,88.1,58.0,986.0,
006069,1,2023129N08091,2023,19,NI,MOCHA,2023-05-11 18:00:00,12.8,88.1,60.0,984.0,
006070,1,2023129N08091,2023,19,NI,MOCHA,2023-05-11 21:00:00,13.0,88.1,63.0,983.0,
006071,1,2023129N08091,2023,19,NI,MOCHA,2023-05-12 00:00:00,13.3,88.1,65.0,982.0,
006072,1,2023129N08091,2023,19,NI,MOCHA,2023-05-12 03:00:00,13.7,88.2,73.0,976.0,
006073,1,2023129N08091,2023,19,NI,MOCHA,2023-05-12 06:00:00,14.0,88.3,80.0,970.0,
006074,1,2023129N08091,2023,19,NI,MOCHA,2023-05-12 09:00:00,14.3,88.4,88.0,964.0,
006075,1,2023129N08091,2023,19,NI,MOCHA,2023-05-12 12:00:00,14.6,88.6,95.0,957.0,
006076,1,2023129N08091,2023,19,NI,MOCHA,2023-05-12 15:00:00,14.8,88.7,100.0,954.0,
006077,1,2023129N08091,2023,19,NI,MOCHA,2023-05-12 18:00:00,15.0,88.9,105.0,950.0,
006078,1,2023129N08091,2023,19,NI,MOCHA,2023-05-12 21:00:00,15.1,89.0,108.0,948.0,
006079,1,2023129N08091,2023,19,NI,MOCHA,2023-05-13 00:00:00,15.4,89.1,110.0,945.0,
006080,1,2023129N08091,2023,19,NI,MOCHA,2023-05-13 03:00:00,15.7,89.5,113.0,942.0,
006081,1,2023129N08091,2023,19,NI,MOCHA,2023-05-13 06:00:00,16.0,90.0,115.0,939.0,
006082,1,2023129N08091,2023,19,NI,MOCHA,2023-05-13 09:00:00,16.4,90.3,125.0,928.0,
006083,1,2023129N08091,2023,19,NI,MOCHA,2023-05-13 12:00:00,16.9,90.8,135.0,917.0,
006084,1,2023129N08091,2023,19,NI,MOCHA,2023-05-13 15:00:00,17.4,91.0,138.0,917.0,
006085,1,2023129N08091,2023,19,NI,MOCHA,2023-05-13 18:00:00,17.9,91.2,140.0,916.0,
006086,1,2023129N08091,2023,19,NI,MOCHA,2023-05-13 21:00:00,18.3,91.4,143.0,912.0,
006087,1,2023129N08091,2023,19,NI,MOCHA,2023-05-14 00:00:00,18.7,91.7,145.0,908.0,
006088,1,2023129N08091,2023,19,NI,MOCHA,2023-05-14 03:00:00,19.3,92.1,138.0,916.0,
006089,1,2023129N08091,2023,19,NI,MOCHA,2023-05-14 06:00:00,19.9,92.6,130.0,923.0,
006090,1,2023129N08091,2023,19,NI,MOCHA,2023-05-14 09:00:00,20.4,92.9,115.0,937.0,
006091,1,2023129N08091,2023,19,NI,MOCHA,2023-05-14 12:00:00,21.1,93.3,100.0,951.0,
006092,1,2023129N08091,2023,19,NI,MOCHA,2023-05-14 15:00:00,22.1,94.1,73.0,972.0,
006093,1,2023129N08091,2023,19,NI,MOCHA,2023-05-14 18:00:00,23.3,95.2,45.0,992.0,
006094,1,2023129N08091,2023,19,NI,MOCHA,2023-05-14 21:00:00,24.3,96.1,33.0,997.0,
006095,1,2023129N08091,2023,19,NI,MOCHA,2023-05-15 00:00:00,25.1,97.8,20.0,1002.0,
006096,1,2023156N10067,2023,23,NI,BIPARJOY,2023-06-05 00:00:00,10.3,66.7,25.0,1004.0,
006097,1,2023156N10067,2023,23,NI,BIPARJOY,2023-06-05 03:00:00,10.5,66.6,25.0,1004.0,
006098,1,2023156N10067,2023,23,NI,BIPARJOY,2023-06-05 06:00:00,10.7,66.5,25.0,1004.0,
006099,1,2023156N10067,2023,23,NI,BIPARJOY,2023-06-05 09:00:00,10.8,66.4,25.0,1000.0,
006100,1,2023156N10067,2023,23,NI,BIPARJOY,2023-06-05 12:00:00,11.0,66.3,25.0,995.0,
006101,1,2023156N10067,2023,23,NI,BIPARJOY,2023-06-05 15:00:00,11.2,66.2,28.0,995.0,
006102,1,2023156N10067,2023,23,NI,BIPARJOY,2023-06-05 18:00:00,11.4,66.1,30.0,994.0,
006103,1,2023156N10067,2023,23,NI,BIPARJOY,2023-06-05 21:00:00,11.5,66.0,35.0,994.0,
006104,1,2023156N10067,2023,23,NI,BIPARJOY,2023-06-06 00:00:00,11.5,66.0,40.0,993.0,
006105,1,2023156N10067,2023,23,NI,BIPARJOY,2023-06-06 03:00:00,11.7,66.0,48.0,993.0,
006106,1,2023156N10067,2023,23,NI,BIPARJOY,2023-06-06 06:00:00,11.9,65.9,55.0,992.0,
006107,1,2023156N10067,2023,23,NI,BIPARJOY,2023-06-06 09:00:00,12.0,66.0,65.0,987.0,
006108,1,2023156N10067,2023,23,NI,BIPARJOY,2023-06-06 12:00:00,12.2,66.0,75.0,982.0,
006109,1,2023156N10067,2023,23,NI,BIPARJOY,2023-06-06 15:00:00,12.3,66.0,78.0,981.0,
006110,1,2023156N10067,2023,23,NI,BIPARJOY,2023-06-06 18:00:00,12.5,66.1,80.0,979.0,
006111,1,2023156N10067,2023,23,NI,BIPARJOY,2023-06-06 21:00:00,12.5,66.2,83.0,978.0,
006112,1,2023156N10067,2023,23,NI,BIPARJOY,2023-06-07 00:00:00,12.6,66.3,85.0,976.0,
006113,1,2023156N10067,2023,23,NI,BIPARJOY,2023-06-07 03:00:00,12.8,66.3,83.0,975.0,
006114,1,2023156N10067,2023,23,NI,BIPARJOY,2023-06-07 06:00:00,13.0,66.4,80.0,973.0,
006115,1,2023156N10067,2023,23,NI,BIPARJOY,2023-06-07 09:00:00,13.2,66.3,83.0,972.0,
006116,1,2023156N10067,2023,23,NI,BIPARJOY,2023-06-07 12:00:00,13.3,66.2,85.0,970.0,
006117,1,2023156N10067,2023,23,NI,BIPARJOY,2023-06-07 15:00:00,13.4,66.2,83.0,972.0,
006118,1,2023156N10067,2023,23,NI,BIPARJOY,2023-06-07 18:00:00,13.6,66.1,80.0,973.0,
006119,1,2023156N10067,2023,23,NI,BIPARJOY,2023-06-07 21:00:00,13.6,66.0,78.0,974.0,
006120,1,2023156N10067,2023,23,NI,BIPARJOY,2023-06-08 00:00:00,13.8,66.1,75.0,974.0,
006121,1,2023156N10067,2023,23,NI,BIPARJOY,2023-06-08 03:00:00,13.9,66.0,75.0,975.0,
006122,1,2023156N10067,2023,23,NI,BIPARJOY,2023-06-08 06:00:00,14.0,66.0,75.0,976.0,
006123,1,2023156N10067,2023,23,NI,BIPARJOY,2023-06-08 09:00:00,14.2,66.0,75.0,976.0,
006124,1,2023156N10067,2023,23,NI,BIPARJOY,2023-06-08 12:00:00,14.3,66.0,75.0,976.0,
006125,1,2023156N10067,2023,23,NI,BIPARJOY,2023-06-08 15:00:00,14.4,66.0,73.0,978.0,
006126,1,2023156N10067,2023,23,NI,BIPARJOY,2023-06-08 18:00:00,14.6,66.1,70.0,979.0,
006127,1,2023156N10067,2023,23,NI,BIPARJOY,2023-06-08 21:00:00,14.6,66.1,68.0,981.0,
006128,1,2023156N10067,2023,23,NI,BIPARJOY,2023-06-09 00:00:00,14.8,66.3,65.0,983.0,
006129,1,2023156N10067,2023,23,NI,BIPARJOY,2023-06-09 03:00:00,14.8,66.5,63.0,985.0,
006130,1,2023156N10067,2023,23,NI,BIPARJOY,2023-06-09 06:00:00,15.0,66.8,60.0,986.0,
006131,1,2023156N10067,2023,23,NI,BIPARJOY,2023-06-09 09:00:00,15.3,67.0,63.0,985.0,
006132,1,2023156N10067,2023,23,NI,BIPARJOY,2023-06-09 12:00:00,15.6,67.2,65.0,984.0,
006133,1,2023156N10067,2023,23,NI,BIPARJOY,2023-06-09 15:00:00,15.9,67.3,68.0,980.0,
006134,1,2023156N10067,2023,23,NI,BIPARJOY,2023-06-09 18:00:00,16.2,67.4,70.0,976.0,
006135,1,2023156N10067,2023,23,NI,BIPARJOY,2023-06-09 21:00:00,16.3,67.4,83.0,967.0,
006136,1,2023156N10067,2023,23,NI,BIPARJOY,2023-06-10 00:00:00,16.5,67.4,95.0,958.0,
006137,1,2023156N10067,2023,23,NI,BIPARJOY,2023-06-10 03:00:00,16.6,67.3,98.0,956.0,
006138,1,2023156N10067,2023,23,NI,BIPARJOY,2023-06-10 06:00:00,16.7,67.3,100.0,953.0,
006139,1,2023156N10067,2023,23,NI,BIPARJOY,2023-06-10 09:00:00,16.9,67.4,110.0,944.0,
006140,1,2023156N10067,2023,23,NI,BIPARJOY,2023-06-10 12:00:00,17.2,67.3,105.0,945.0,
006141,1,2023156N10067,2023,23,NI,BIPARJOY,2023-06-10 15:00:00,17.4,67.3,103.0,948.0,
006142,1,2023156N10067,2023,23,NI,BIPARJOY,2023-06-10 18:00:00,17.5,67.4,100.0,951.0,
006143,1,2023156N10067,2023,23,NI,BIPARJOY,2023-06-10 21:00:00,17.6,67.4,98.0,951.0,
006144,1,2023156N10067,2023,23,NI,BIPARJOY,2023-06-11 00:00:00,17.8,67.6,95.0,950.0,
006145,1,2023156N10067,2023,23,NI,BIPARJOY,2023-06-11 03:00:00,18.0,67.7,93.0,952.0,
006146,1,2023156N10067,2023,23,NI,BIPARJOY,2023-06-11 06:00:00,18.3,67.8,90.0,953.0,
006147,1,2023156N10067,2023,23,NI,BIPARJOY,2023-06-11 09:00:00,18.5,67.8,90.0,954.0,
006148,1,2023156N10067,2023,23,NI,BIPARJOY,2023-06-11 12:00:00,18.7,67.8,90.0,954.0,
006149,1,2023156N10067,2023,23,NI,BIPARJOY,2023-06-11 15:00:00,18.8,67.8,88.0,955.0,
006150,1,2023156N10067,2023,23,NI,BIPARJOY,2023-06-11 18:00:00,18.9,67.8,85.0,956.0,
006151,1,2023156N10067,2023,23,NI,BIPARJOY,2023-06-11 21:00:00,19.0,67.7,83.0,958.0,
006152,1,2023156N10067,2023,23,NI,BIPARJOY,2023-06-12 00:00:00,19.2,67.7,80.0,959.0,
006153,1,2023156N10067,2023,23,NI,BIPARJOY,2023-06-12 03:00:00,19.4,67.6,85.0,957.0,
006154,1,2023156N10067,2023,23,NI,BIPARJOY,2023-06-12 06:00:00,19.7,67.5,90.0,955.0,
006155,1,2023156N10067,2023,23,NI,BIPARJOY,2023-06-12 09:00:00,19.8,67.4,90.0,955.0,
006156,1,2023156N10067,2023,23,NI,BIPARJOY,2023-06-12 12:00:00,19.9,67.3,90.0,955.0,
006157,1,2023156N10067,2023,23,NI,BIPARJOY,2023-06-12 15:00:00,20.0,67.2,88.0,957.0,
006158,1,2023156N10067,2023,23,NI,BIPARJOY,2023-06-12 18:00:00,20.2,67.2,85.0,959.0,
006159,1,2023156N10067,2023,23,NI,BIPARJOY,2023-06-12 21:00:00,20.4,67.2,85.0,960.0,
006160,1,2023156N10067,2023,23,NI,BIPARJOY,2023-06-13 00:00:00,20.7,67.0,85.0,961.0,
006161,1,2023156N10067,2023,23,NI,BIPARJOY,2023-06-13 03:00:00,20.9,66.9,88.0,958.0,
006162,1,2023156N10067,2023,23,NI,BIPARJOY,2023-06-13 06:00:00,21.0,66.8,90.0,954.0,
006163,1,2023156N10067,2023,23,NI,BIPARJOY,2023-06-13 09:00:00,21.1,66.5,93.0,950.0,
006164,1,2023156N10067,2023,23,NI,BIPARJOY,2023-06-13 12:00:00,21.2,66.5,95.0,945.0,
006165,1,2023156N10067,2023,23,NI,BIPARJOY,2023-06-13 15:00:00,21.3,66.4,90.0,950.0,
006166,1,2023156N10067,2023,23,NI,BIPARJOY,2023-06-13 18:00:00,21.5,66.4,85.0,955.0,
006167,1,2023156N10067,2023,23,NI,BIPARJOY,2023-06-13 21:00:00,21.5,66.3,85.0,955.0,
006168,1,2023156N10067,2023,23,NI,BIPARJOY,2023-06-14 00:00:00,21.6,66.3,85.0,955.0,
006169,1,2023156N10067,2023,23,NI,BIPARJOY,2023-06-14 03:00:00,21.6,66.3,83.0,958.0,
006170,1,2023156N10067,2023,23,NI,BIPARJOY,2023-06-14 06:00:00,21.6,66.4,80.0,960.0,
006171,1,2023156N10067,2023,23,NI,BIPARJOY,2023-06-14 09:00:00,21.7,66.6,75.0,962.0,
006172,1,2023156N10067,2023,23,NI,BIPARJOY,2023-06-14 12:00:00,21.9,66.7,70.0,964.0,
006173,1,2023156N10067,2023,23,NI,BIPARJOY,2023-06-14 15:00:00,22.1,66.8,65.0,969.0,
006174,1,2023156N10067,2023,23,NI,BIPARJOY,2023-06-14 18:00:00,22.2,66.8,60.0,974.0,
006175,1,2023156N10067,2023,23,NI,BIPARJOY,2023-06-14 21:00:00,22.3,66.8,58.0,975.0,
006176,1,2023156N10067,2023,23,NI,BIPARJOY,2023-06-15 00:00:00,22.3,67.0,55.0,976.0,
006177,1,2023156N10067,2023,23,NI,BIPARJOY,2023-06-15 03:00:00,22.5,67.1,55.0,976.0,
006178,1,2023156N10067,2023,23,NI,BIPARJOY,2023-06-15 06:00:00,22.6,67.3,55.0,975.0,
006179,1,2023156N10067,2023,23,NI,BIPARJOY,2023-06-15 09:00:00,22.7,67.7,55.0,976.0,
006180,1,2023156N10067,2023,23,NI,BIPARJOY,2023-06-15 12:00:00,22.8,68.1,55.0,976.0,
006181,1,2023156N10067,2023,23,NI,BIPARJOY,2023-06-15 15:00:00,23.1,68.4,53.0,978.0,
006182,1,2023156N10067,2023,23,NI,BIPARJOY,2023-06-15 18:00:00,23.3,68.6,50.0,980.0,
006183,1,2023156N10067,2023,23,NI,BIPARJOY,2023-06-15 21:00:00,23.4,68.8,48.0,982.0,
006184,1,2023156N10067,2023,23,NI,BIPARJOY,2023-06-16 00:00:00,23.5,69.1,45.0,983.0,
006185,1,2023156N10067,2023,23,NI,BIPARJOY,2023-06-16 03:00:00,23.5,69.4,45.0,983.0,
006186,1,2023156N10067,2023,23,NI,BIPARJOY,2023-06-16 06:00:00,23.7,69.7,45.0,982.0,
006187,1,2023156N10067,2023,23,NI,BIPARJOY,2023-06-16 09:00:00,23.9,70.0,43.0,984.0,
006188,1,2023156N10067,2023,23,NI,BIPARJOY,2023-06-16 12:00:00,24.2,70.4,40.0,985.0,
006189,1,2023156N10067,2023,23,NI,BIPARJOY,2023-06-16 15:00:00,24.5,70.7,38.0,986.0,
006190,1,2023156N10067,2023,23,NI,BIPARJOY,2023-06-16 18:00:00,24.6,70.9,35.0,987.0,
006191,1,2023156N10067,2023,23,NI,BIPARJOY,2023-06-16 21:00:00,24.7,71.0,33.0,989.0,
006192,1,2023156N10067,2023,23,NI,BIPARJOY,2023-06-17 00:00:00,24.8,71.2,30.0,991.0,
006193,1,2023156N10067,2023,23,NI,BIPARJOY,2023-06-17 03:00:00,25.0,71.5,,,
006194,1,2023156N10067,2023,23,NI,BIPARJOY,2023-06-17 06:00:00,25.3,71.9,,,
006195,1,2023156N10067,2023,23,NI,BIPARJOY,2023-06-17 09:00:00,25.5,72.2,,,
006196,1,2023156N10067,2023,23,NI,BIPARJOY,2023-06-17 12:00:00,25.6,72.5,,,
006197,1,2023156N10067,2023,23,NI,BIPARJOY,2023-06-17 15:00:00,25.7,72.7,,,
006198,1,2023156N10067,2023,23,NI,BIPARJOY,2023-06-17 18:00:00,25.8,72.8,,,
006199,1,2023156N10067,2023,23,NI,BIPARJOY,2023-06-17 21:00:00,25.9,73.0,,,
006200,1,2023156N10067,2023,23,NI,BIPARJOY,2023-06-18 00:00:00,26.0,73.3,,,
006201,1,2023156N10067,2023,23,NI,BIPARJOY,2023-06-18 03:00:00,26.2,73.8,,,
006202,1,2023156N10067,2023,23,NI,BIPARJOY,2023-06-18 06:00:00,26.3,74.0,,,
006203,1,2023156N10067,2023,23,NI,BIPARJOY,2023-06-18 09:00:00,26.3,74.3,,,
006204,1,2023156N10067,2023,23,NI,BIPARJOY,2023-06-18 12:00:00,26.3,74.7,,,
006205,1,2023156N10067,2023,23,NI,BIPARJOY,2023-06-18 15:00:00,26.3,74.9,,,
006206,1,2023156N10067,2023,23,NI,BIPARJOY,2023-06-18 18:00:00,26.3,75.2,,,
006207,1,2023156N10067,2023,23,NI,BIPARJOY,2023-06-18 21:00:00,26.3,75.6,,,
006208,1,2023156N10067,2023,23,NI,BIPARJOY,2023-06-19 00:00:00,26.3,76.0,,,
006209,1,2023292N11063,2023,75,NI,TEJ,2023-10-19 06:00:00,10.7,62.6,15.0,1010.0,
006210,1,2023292N11063,2023,75,NI,TEJ,2023-10-19 09:00:00,10.4,62.5,18.0,1009.0,
006211,1,2023292N11063,2023,75,NI,TEJ,2023-10-19 12:00:00,10.2,62.4,20.0,1007.0,
006212,1,2023292N11063,2023,75,NI,TEJ,2023-10-19 15:00:00,10.0,62.4,23.0,1007.0,
006213,1,2023292N11063,2023,75,NI,TEJ,2023-10-19 18:00:00,9.9,62.3,25.0,1006.0,
006214,1,2023292N11063,2023,75,NI,TEJ,2023-10-19 21:00:00,9.7,62.2,28.0,1006.0,
006215,1,2023292N11063,2023,75,NI,TEJ,2023-10-20 00:00:00,9.5,62.1,30.0,1006.0,
006216,1,2023292N11063,2023,75,NI,TEJ,2023-10-20 03:00:00,9.3,61.8,30.0,1006.0,
006217,1,2023292N11063,2023,75,NI,TEJ,2023-10-20 06:00:00,9.3,61.6,30.0,1006.0,
006218,1,2023292N11063,2023,75,NI,TEJ,2023-10-20 09:00:00,9.3,61.3,33.0,1005.0,
006219,1,2023292N11063,2023,75,NI,TEJ,2023-10-20 12:00:00,9.4,61.1,35.0,1003.0,
006220,1,2023292N11063,2023,75,NI,TEJ,2023-10-20 15:00:00,9.5,60.7,38.0,1003.0,
006221,1,2023292N11063,2023,75,NI,TEJ,2023-10-20 18:00:00,9.6,60.3,40.0,1003.0,
006222,1,2023292N11063,2023,75,NI,TEJ,2023-10-20 21:00:00,9.7,59.7,45.0,1000.0,
006223,1,2023292N11063,2023,75,NI,TEJ,2023-10-21 00:00:00,9.9,59.2,50.0,997.0,
006224,1,2023292N11063,2023,75,NI,TEJ,2023-10-21 03:00:00,10.1,58.7,53.0,996.0,
006225,1,2023292N11063,2023,75,NI,TEJ,2023-10-21 06:00:00,10.3,58.3,55.0,995.0,
006226,1,2023292N11063,2023,75,NI,TEJ,2023-10-21 09:00:00,10.3,57.8,63.0,990.0,
006227,1,2023292N11063,2023,75,NI,TEJ,2023-10-21 12:00:00,10.7,57.4,70.0,984.0,
006228,1,2023292N11063,2023,75,NI,TEJ,2023-10-21 15:00:00,11.1,57.0,88.0,971.0,
006229,1,2023292N11063,2023,75,NI,TEJ,2023-10-21 18:00:00,11.4,56.6,105.0,958.0,
006230,1,2023292N11063,2023,75,NI,TEJ,2023-10-21 21:00:00,11.7,56.1,105.0,959.0,
006231,1,2023292N11063,2023,75,NI,TEJ,2023-10-22 00:00:00,12.1,55.9,105.0,959.0,
006232,1,2023292N11063,2023,75,NI,TEJ,2023-10-22 03:00:00,12.4,55.4,103.0,961.0,
006233,1,2023292N11063,2023,75,NI,TEJ,2023-10-22 06:00:00,12.7,55.1,100.0,962.0,
006234,1,2023292N11063,2023,75,NI,TEJ,2023-10-22 09:00:00,13.0,54.7,100.0,962.0,
006235,1,2023292N11063,2023,75,NI,TEJ,2023-10-22 12:00:00,13.4,54.4,100.0,961.0,
006236,1,2023292N11063,2023,75,NI,TEJ,2023-10-22 15:00:00,13.6,54.1,103.0,961.0,
006237,1,2023292N11063,2023,75,NI,TEJ,2023-10-22 18:00:00,13.9,53.9,105.0,960.0,
006238,1,2023292N11063,2023,75,NI,TEJ,2023-10-22 21:00:00,14.1,53.5,95.0,968.0,
006239,1,2023292N11063,2023,75,NI,TEJ,2023-10-23 00:00:00,14.3,53.4,85.0,976.0,
006240,1,2023292N11063,2023,75,NI,TEJ,2023-10-23 03:00:00,14.6,53.1,83.0,978.0,
006241,1,2023292N11063,2023,75,NI,TEJ,2023-10-23 06:00:00,14.9,52.9,80.0,980.0,
006242,1,2023292N11063,2023,75,NI,TEJ,2023-10-23 09:00:00,15.1,52.7,75.0,981.0,
006243,1,2023292N11063,2023,75,NI,TEJ,2023-10-23 12:00:00,15.4,52.7,70.0,982.0,
006244,1,2023292N11063,2023,75,NI,TEJ,2023-10-23 15:00:00,15.6,52.5,68.0,984.0,
006245,1,2023292N11063,2023,75,NI,TEJ,2023-10-23 18:00:00,15.8,52.3,65.0,986.0,
006246,1,2023292N11063,2023,75,NI,TEJ,2023-10-23 21:00:00,15.8,52.3,55.0,993.0,
006247,1,2023292N11063,2023,75,NI,TEJ,2023-10-24 00:00:00,15.9,52.3,45.0,999.0,
006248,1,2023292N11063,2023,75,NI,TEJ,2023-10-24 03:00:00,15.8,51.9,38.0,998.0,
006249,1,2023292N11063,2023,75,NI,TEJ,2023-10-24 06:00:00,15.9,51.6,30.0,997.0,
006250,1,2023292N11063,2023,75,NI,TEJ,2023-10-24 09:00:00,16.1,51.4,25.0,999.0,
006251,1,2023292N11063,2023,75,NI,TEJ,2023-10-24 12:00:00,16.4,51.3,20.0,1001.0,
006252,1,2023293N12089,2023,78,NI,HAMOON,2023-10-20 06:00:00,12.4,88.6,15.0,1010.0,
006253,1,2023293N12089,2023,78,NI,HAMOON,2023-10-20 09:00:00,12.6,88.5,15.0,1010.0,
006254,1,2023293N12089,2023,78,NI,HAMOON,2023-10-20 12:00:00,12.7,88.4,15.0,1010.0,
006255,1,2023293N12089,2023,78,NI,HAMOON,2023-10-20 15:00:00,12.7,88.2,15.0,,
006256,1,2023293N12089,2023,78,NI,HAMOON,2023-10-20 18:00:00,12.8,88.0,15.0,,
006257,1,2023293N12089,2023,78,NI,HAMOON,2023-10-20 21:00:00,13.0,87.8,15.0,,
006258,1,2023293N12089,2023,78,NI,HAMOON,2023-10-21 00:00:00,13.2,87.5,15.0,,
006259,1,2023293N12089,2023,78,NI,HAMOON,2023-10-21 03:00:00,13.4,87.3,18.0,,
006260,1,2023293N12089,2023,78,NI,HAMOON,2023-10-21 06:00:00,13.6,87.1,20.0,1008.0,
006261,1,2023293N12089,2023,78,NI,HAMOON,2023-10-21 09:00:00,14.1,86.5,23.0,1007.0,
006262,1,2023293N12089,2023,78,NI,HAMOON,2023-10-21 12:00:00,14.6,86.0,25.0,1005.0,
006263,1,2023293N12089,2023,78,NI,HAMOON,2023-10-21 15:00:00,15.0,85.8,25.0,1003.0,
006264,1,2023293N12089,2023,78,NI,HAMOON,2023-10-21 18:00:00,15.1,86.0,25.0,1001.0,
006265,1,2023293N12089,2023,78,NI,HAMOON,2023-10-21 21:00:00,15.2,86.1,28.0,1000.0,
006266,1,2023293N12089,2023,78,NI,HAMOON,2023-10-22 00:00:00,15.2,86.2,30.0,999.0,
006267,1,2023293N12089,2023,78,NI,HAMOON,2023-10-22 03:00:00,15.3,86.2,30.0,999.0,
006268,1,2023293N12089,2023,78,NI,HAMOON,2023-10-22 06:00:00,15.5,86.3,30.0,999.0,
006269,1,2023293N12089,2023,78,NI,HAMOON,2023-10-22 09:00:00,15.7,86.4,30.0,998.0,
006270,1,2023293N12089,2023,78,NI,HAMOON,2023-10-22 12:00:00,15.9,86.6,30.0,997.0,
006271,1,2023293N12089,2023,78,NI,HAMOON,2023-10-22 15:00:00,16.2,86.7,30.0,997.0,
006272,1,2023293N12089,2023,78,NI,HAMOON,2023-10-22 18:00:00,16.2,86.8,30.0,997.0,
006273,1,2023293N12089,2023,78,NI,HAMOON,2023-10-22 21:00:00,16.4,86.8,30.0,997.0,
006274,1,2023293N12089,2023,78,NI,HAMOON,2023-10-23 00:00:00,16.8,86.9,30.0,997.0,
006275,1,2023293N12089,2023,78,NI,HAMOON,2023-10-23 03:00:00,17.1,86.9,38.0,998.0,
006276,1,2023293N12089,2023,78,NI,HAMOON,2023-10-23 06:00:00,17.5,87.0,45.0,999.0,
006277,1,2023293N12089,2023,78,NI,HAMOON,2023-10-23 09:00:00,17.9,87.2,45.0,998.0,
006278,1,2023293N12089,2023,78,NI,HAMOON,2023-10-23 12:00:00,18.4,87.4,45.0,997.0,
006279,1,2023293N12089,2023,78,NI,HAMOON,2023-10-23 15:00:00,18.8,87.8,50.0,996.0,
006280,1,2023293N12089,2023,78,NI,HAMOON,2023-10-23 18:00:00,19.2,88.2,55.0,994.0,
006281,1,2023293N12089,2023,78,NI,HAMOON,2023-10-23 21:00:00,19.4,88.6,65.0,988.0,
006282,1,2023293N12089,2023,78,NI,HAMOON,2023-10-24 00:00:00,19.7,89.0,75.0,982.0,
006283,1,2023293N12089,2023,78,NI,HAMOON,2023-10-24 03:00:00,20.0,89.6,75.0,982.0,
006284,1,2023293N12089,2023,78,NI,HAMOON,2023-10-24 06:00:00,20.3,90.2,75.0,981.0,
006285,1,2023293N12089,2023,78,NI,HAMOON,2023-10-24 09:00:00,20.7,90.8,83.0,976.0,
006286,1,2023293N12089,2023,78,NI,HAMOON,2023-10-24 12:00:00,21.0,91.2,90.0,970.0,
006287,1,2023293N12089,2023,78,NI,HAMOON,2023-10-24 15:00:00,20.9,91.0,75.0,980.0,
006288,1,2023293N12089,2023,78,NI,HAMOON,2023-10-24 18:00:00,20.9,90.8,60.0,990.0,
006289,1,2023293N12089,2023,78,NI,HAMOON,2023-10-24 21:00:00,21.5,91.5,48.0,997.0,
006290,1,2023293N12089,2023,78,NI,HAMOON,2023-10-25 00:00:00,22.2,92.2,35.0,1004.0,
006291,1,2023293N12089,2023,78,NI,HAMOON,2023-10-25 03:00:00,22.5,92.4,30.0,1006.0,
006292,1,2023293N12089,2023,78,NI,HAMOON,2023-10-25 06:00:00,22.7,92.5,25.0,1007.0,
006293,1,2023317N10094,2023,84,NI,MIDHILI,2023-11-13 06:00:00,9.9,94.1,15.0,1010.0,
006294,1,2023317N10094,2023,84,NI,MIDHILI,2023-11-13 09:00:00,10.4,93.9,18.0,1009.0,
006295,1,2023317N10094,2023,84,NI,MIDHILI,2023-11-13 12:00:00,10.9,93.4,20.0,1007.0,
006296,1,2023317N10094,2023,84,NI,MIDHILI,2023-11-13 15:00:00,11.4,92.6,20.0,1007.0,
006297,1,2023317N10094,2023,84,NI,MIDHILI,2023-11-13 18:00:00,11.8,91.7,20.0,1006.0,
006298,1,2023317N10094,2023,84,NI,MIDHILI,2023-11-13 21:00:00,12.1,91.1,20.0,1006.0,
006299,1,2023317N10094,2023,84,NI,MIDHILI,2023-11-14 00:00:00,12.4,90.6,20.0,1006.0,
006300,1,2023317N10094,2023,84,NI,MIDHILI,2023-11-14 03:00:00,12.7,90.0,20.0,1006.0,
006301,1,2023317N10094,2023,84,NI,MIDHILI,2023-11-14 06:00:00,12.9,89.4,20.0,1006.0,
006302,1,2023317N10094,2023,84,NI,MIDHILI,2023-11-14 09:00:00,13.2,88.6,20.0,1006.0,
006303,1,2023317N10094,2023,84,NI,MIDHILI,2023-11-14 12:00:00,13.4,87.9,20.0,1005.0,
006304,1,2023317N10094,2023,84,NI,MIDHILI,2023-11-14 15:00:00,13.5,87.4,20.0,1005.0,
006305,1,2023317N10094,2023,84,NI,MIDHILI,2023-11-14 18:00:00,13.6,87.1,20.0,1005.0,
006306,1,2023317N10094,2023,84,NI,MIDHILI,2023-11-14 21:00:00,13.6,86.7,20.0,1005.0,
006307,1,2023317N10094,2023,84,NI,MIDHILI,2023-11-15 00:00:00,13.8,86.5,20.0,1004.0,
006308,1,2023317N10094,2023,84,NI,MIDHILI,2023-11-15 03:00:00,14.3,86.6,20.0,1004.0,
006309,1,2023317N10094,2023,84,NI,MIDHILI,2023-11-15 06:00:00,14.8,86.7,20.0,1003.0,
006310,1,2023317N10094,2023,84,NI,MIDHILI,2023-11-15 09:00:00,15.1,86.7,20.0,1003.0,
006311,1,2023317N10094,2023,84,NI,MIDHILI,2023-11-15 12:00:00,15.4,86.7,20.0,1002.0,
006312,1,2023317N10094,2023,84,NI,MIDHILI,2023-11-15 15:00:00,15.7,86.6,23.0,1001.0,
006313,1,2023317N10094,2023,84,NI,MIDHILI,2023-11-15 18:00:00,16.1,86.7,25.0,999.0,
006314,1,2023317N10094,2023,84,NI,MIDHILI,2023-11-15 21:00:00,16.6,86.8,28.0,999.0,
006315,1,2023317N10094,2023,84,NI,MIDHILI,2023-11-16 00:00:00,17.2,87.0,30.0,998.0,
006316,1,2023317N10094,2023,84,NI,MIDHILI,2023-11-16 03:00:00,17.5,87.1,28.0,999.0,
006317,1,2023317N10094,2023,84,NI,MIDHILI,2023-11-16 06:00:00,17.9,87.3,25.0,1000.0,
006318,1,2023317N10094,2023,84,NI,MIDHILI,2023-11-16 09:00:00,18.3,87.5,28.0,999.0,
006319,1,2023317N10094,2023,84,NI,MIDHILI,2023-11-16 12:00:00,18.6,87.6,30.0,998.0,
006320,1,2023317N10094,2023,84,NI,MIDHILI,2023-11-16 15:00:00,18.8,87.9,30.0,999.0,
006321,1,2023317N10094,2023,84,NI,MIDHILI,2023-11-16 18:00:00,19.2,88.1,30.0,999.0,
006322,1,2023317N10094,2023,84,NI,MIDHILI,2023-11-16 21:00:00,19.6,88.3,33.0,998.0,
006323,1,2023317N10094,2023,84,NI,MIDHILI,2023-11-17 00:00:00,20.2,88.7,35.0,997.0,
006324,1,2023317N10094,2023,84,NI,MIDHILI,2023-11-17 03:00:00,20.8,89.2,38.0,996.0,
006325,1,2023317N10094,2023,84,NI,MIDHILI,2023-11-17 06:00:00,21.4,89.7,40.0,995.0,
006326,1,2023317N10094,2023,84,NI,MIDHILI,2023-11-17 09:00:00,22.1,90.3,35.0,997.0,
006327,1,2023317N10094,2023,84,NI,MIDHILI,2023-11-17 12:00:00,23.0,91.0,30.0,998.0,
006328,1,2023317N10094,2023,84,NI,MIDHILI,2023-11-17 15:00:00,23.3,91.2,30.0,999.0,
006329,1,2023317N10094,2023,84,NI,MIDHILI,2023-11-17 18:00:00,23.4,91.4,30.0,1000.0,
006330,1,2023317N10094,2023,84,NI,MIDHILI,2023-11-17 21:00:00,23.5,91.5,,,
006331,1,2023317N10094,2023,84,NI,MIDHILI,2023-11-18 00:00:00,23.7,91.7,,,
006332,1,2023334N08088,2023,87,NI,MICHAUNG,2023-11-30 06:00:00,7.5,88.0,15.0,1008.0,
006333,1,2023334N08088,2023,87,NI,MICHAUNG,2023-11-30 09:00:00,7.9,87.6,15.0,1008.0,
006334,1,2023334N08088,2023,87,NI,MICHAUNG,2023-11-30 12:00:00,8.2,87.2,15.0,1008.0,
006335,1,2023334N08088,2023,87,NI,MICHAUNG,2023-11-30 15:00:00,8.3,86.8,15.0,1009.0,
006336,1,2023334N08088,2023,87,NI,MICHAUNG,2023-11-30 18:00:00,8.4,86.4,15.0,1009.0,
006337,1,2023334N08088,2023,87,NI,MICHAUNG,2023-11-30 21:00:00,8.5,86.0,15.0,1007.0,
006338,1,2023334N08088,2023,87,NI,MICHAUNG,2023-12-01 00:00:00,8.8,85.8,15.0,1004.0,
006339,1,2023334N08088,2023,87,NI,MICHAUNG,2023-12-01 03:00:00,9.0,85.6,15.0,1004.0,
006340,1,2023334N08088,2023,87,NI,MICHAUNG,2023-12-01 06:00:00,9.2,85.4,15.0,1003.0,
006341,1,2023334N08088,2023,87,NI,MICHAUNG,2023-12-01 09:00:00,9.5,85.3,18.0,1002.0,
006342,1,2023334N08088,2023,87,NI,MICHAUNG,2023-12-01 12:00:00,9.7,85.1,20.0,1001.0,
006343,1,2023334N08088,2023,87,NI,MICHAUNG,2023-12-01 15:00:00,9.8,85.0,23.0,1001.0,
006344,1,2023334N08088,2023,87,NI,MICHAUNG,2023-12-01 18:00:00,9.9,84.8,25.0,1000.0,
006345,1,2023334N08088,2023,87,NI,MICHAUNG,2023-12-01 21:00:00,9.9,84.5,25.0,1000.0,
006346,1,2023334N08088,2023,87,NI,MICHAUNG,2023-12-02 00:00:00,10.1,84.1,25.0,999.0,
006347,1,2023334N08088,2023,87,NI,MICHAUNG,2023-12-02 03:00:00,10.2,83.8,25.0,999.0,
006348,1,2023334N08088,2023,87,NI,MICHAUNG,2023-12-02 06:00:00,10.3,83.6,25.0,998.0,
006349,1,2023334N08088,2023,87,NI,MICHAUNG,2023-12-02 09:00:00,10.4,83.5,28.0,997.0,
006350,1,2023334N08088,2023,87,NI,MICHAUNG,2023-12-02 12:00:00,10.5,83.5,30.0,996.0,
006351,1,2023334N08088,2023,87,NI,MICHAUNG,2023-12-02 15:00:00,10.7,83.3,30.0,995.0,
006352,1,2023334N08088,2023,87,NI,MICHAUNG,2023-12-02 18:00:00,10.8,83.1,30.0,994.0,
006353,1,2023334N08088,2023,87,NI,MICHAUNG,2023-12-02 21:00:00,11.0,83.0,33.0,994.0,
006354,1,2023334N08088,2023,87,NI,MICHAUNG,2023-12-03 00:00:00,11.3,82.9,35.0,993.0,
006355,1,2023334N08088,2023,87,NI,MICHAUNG,2023-12-03 03:00:00,11.5,82.7,35.0,993.0,
006356,1,2023334N08088,2023,87,NI,MICHAUNG,2023-12-03 06:00:00,11.9,82.5,35.0,993.0,
006357,1,2023334N08088,2023,87,NI,MICHAUNG,2023-12-03 09:00:00,12.1,82.4,38.0,993.0,
006358,1,2023334N08088,2023,87,NI,MICHAUNG,2023-12-03 12:00:00,12.3,82.3,40.0,992.0,
006359,1,2023334N08088,2023,87,NI,MICHAUNG,2023-12-03 15:00:00,12.5,82.1,45.0,992.0,
006360,1,2023334N08088,2023,87,NI,MICHAUNG,2023-12-03 18:00:00,12.8,81.8,50.0,991.0,
006361,1,2023334N08088,2023,87,NI,MICHAUNG,2023-12-03 21:00:00,12.9,81.6,53.0,991.0,
006362,1,2023334N08088,2023,87,NI,MICHAUNG,2023-12-04 00:00:00,13.1,81.4,55.0,990.0,
006363,1,2023334N08088,2023,87,NI,MICHAUNG,2023-12-04 03:00:00,13.3,81.1,55.0,990.0,
006364,1,2023334N08088,2023,87,NI,MICHAUNG,2023-12-04 06:00:00,13.5,80.9,55.0,989.0,
006365,1,2023334N08088,2023,87,NI,MICHAUNG,2023-12-04 09:00:00,13.7,80.7,58.0,989.0,
006366,1,2023334N08088,2023,87,NI,MICHAUNG,2023-12-04 12:00:00,14.0,80.6,60.0,988.0,
006367,1,2023334N08088,2023,87,NI,MICHAUNG,2023-12-04 15:00:00,14.2,80.4,63.0,987.0,
006368,1,2023334N08088,2023,87,NI,MICHAUNG,2023-12-04 18:00:00,14.4,80.3,65.0,985.0,
006369,1,2023334N08088,2023,87,NI,MICHAUNG,2023-12-04 21:00:00,14.6,80.2,63.0,986.0,
006370,1,2023334N08088,2023,87,NI,MICHAUNG,2023-12-05 00:00:00,14.9,80.1,60.0,987.0,
006371,1,2023334N08088,2023,87,NI,MICHAUNG,2023-12-05 03:00:00,15.2,80.1,58.0,989.0,
006372,1,2023334N08088,2023,87,NI,MICHAUNG,2023-12-05 06:00:00,15.6,80.2,55.0,991.0,
006373,1,2023334N08088,2023,87,NI,MICHAUNG,2023-12-05 09:00:00,15.8,80.2,50.0,993.0,
006374,1,2023334N08088,2023,87,NI,MICHAUNG,2023-12-05 12:00:00,16.0,80.2,45.0,994.0,
006375,1,2023334N08088,2023,87,NI,MICHAUNG,2023-12-05 15:00:00,16.4,80.3,40.0,995.0,
006376,1,2023334N08088,2023,87,NI,MICHAUNG,2023-12-05 18:00:00,16.9,80.4,35.0,996.0,
006377,1,2023334N08088,2023,87,NI,MICHAUNG,2023-12-05 21:00:00,17.1,80.5,33.0,997.0,
006378,1,2023334N08088,2023,87,NI,MICHAUNG,2023-12-06 00:00:00,17.3,80.6,30.0,997.0,
006379,1,2023334N08088,2023,87,NI,MICHAUNG,2023-12-06 03:00:00,17.7,80.8,28.0,998.0,
006380,1,2023334N08088,2023,87,NI,MICHAUNG,2023-12-06 06:00:00,18.3,81.1,25.0,999.0,
006381,1,2024145N14087,2024,23,NI,REMAL,2024-05-23 12:00:00,13.6,86.6,15.0,1000.0,
006382,1,2024145N14087,2024,23,NI,REMAL,2024-05-23 15:00:00,13.9,87.2,15.0,999.0,
006383,1,2024145N14087,2024,23,NI,REMAL,2024-05-23 18:00:00,14.3,87.7,15.0,998.0,
006384,1,2024145N14087,2024,23,NI,REMAL,2024-05-23 21:00:00,14.7,88.2,18.0,997.0,
006385,1,2024145N14087,2024,23,NI,REMAL,2024-05-24 00:00:00,15.2,88.6,20.0,996.0,
006386,1,2024145N14087,2024,23,NI,REMAL,2024-05-24 03:00:00,15.5,89.0,23.0,995.0,
006387,1,2024145N14087,2024,23,NI,REMAL,2024-05-24 06:00:00,15.9,89.3,25.0,994.0,
006388,1,2024145N14087,2024,23,NI,REMAL,2024-05-24 09:00:00,16.1,89.4,25.0,994.0,
006389,1,2024145N14087,2024,23,NI,REMAL,2024-05-24 12:00:00,16.4,89.6,25.0,993.0,
006390,1,2024145N14087,2024,23,NI,REMAL,2024-05-24 15:00:00,16.7,89.7,25.0,993.0,
006391,1,2024145N14087,2024,23,NI,REMAL,2024-05-24 18:00:00,17.0,89.9,25.0,992.0,
006392,1,2024145N14087,2024,23,NI,REMAL,2024-05-24 21:00:00,17.2,89.9,25.0,992.0,
006393,1,2024145N14087,2024,23,NI,REMAL,2024-05-25 00:00:00,17.6,90.0,25.0,991.0,
006394,1,2024145N14087,2024,23,NI,REMAL,2024-05-25 03:00:00,17.9,89.8,25.0,991.0,
006395,1,2024145N14087,2024,23,NI,REMAL,2024-05-25 06:00:00,18.2,89.6,25.0,990.0,
006396,1,2024145N14087,2024,23,NI,REMAL,2024-05-25 09:00:00,18.4,89.5,28.0,989.0,
006397,1,2024145N14087,2024,23,NI,REMAL,2024-05-25 12:00:00,18.7,89.3,30.0,987.0,
006398,1,2024145N14087,2024,23,NI,REMAL,2024-05-25 15:00:00,18.9,89.2,30.0,987.0,
006399,1,2024145N14087,2024,23,NI,REMAL,2024-05-25 18:00:00,19.2,89.2,30.0,986.0,
006400,1,2024145N14087,2024,23,NI,REMAL,2024-05-25 21:00:00,19.4,89.2,35.0,986.0,
006401,1,2024145N14087,2024,23,NI,REMAL,2024-05-26 00:00:00,19.6,89.2,40.0,985.0,
006402,1,2024145N14087,2024,23,NI,REMAL,2024-05-26 03:00:00,19.9,89.1,45.0,984.0,
006403,1,2024145N14087,2024,23,NI,REMAL,2024-05-26 06:00:00,20.3,89.1,50.0,983.0,
006404,1,2024145N14087,2024,23,NI,REMAL,2024-05-26 09:00:00,20.6,89.1,53.0,982.0,
006405,1,2024145N14087,2024,23,NI,REMAL,2024-05-26 12:00:00,21.2,89.1,55.0,980.0,
006406,1,2024145N14087,2024,23,NI,REMAL,2024-05-26 14:00:00,21.5,89.0,60.0,977.0,
006407,1,2024145N14087,2024,23,NI,REMAL,2024-05-26 15:00:00,21.6,89.0,59.0,977.0,
006408,1,2024145N14087,2024,23,NI,REMAL,2024-05-26 18:00:00,22.0,88.9,55.0,979.0,
006409,1,2024145N14087,2024,23,NI,REMAL,2024-05-26 21:00:00,22.2,88.9,53.0,980.0,
006410,1,2024145N14087,2024,23,NI,REMAL,2024-05-27 00:00:00,22.6,89.0,50.0,980.0,
006411,1,2024145N14087,2024,23,NI,REMAL,2024-05-27 03:00:00,22.8,89.1,48.0,981.0,
006412,1,2024145N14087,2024,23,NI,REMAL,2024-05-27 06:00:00,23.1,89.1,45.0,981.0,
006413,1,2024145N14087,2024,23,NI,REMAL,2024-05-27 09:00:00,23.3,89.3,40.0,983.0,
006414,1,2024145N14087,2024,23,NI,REMAL,2024-05-27 12:00:00,23.6,89.6,35.0,985.0,
006415,1,2024145N14087,2024,23,NI,REMAL,2024-05-27 15:00:00,23.8,90.1,33.0,986.0,
006416,1,2024145N14087,2024,23,NI,REMAL,2024-05-27 18:00:00,24.1,90.5,30.0,987.0,
006417,1,2024145N14087,2024,23,NI,REMAL,2024-05-27 21:00:00,24.3,90.8,25.0,991.0,
006418,1,2024145N14087,2024,23,NI,REMAL,2024-05-28 00:00:00,24.5,91.1,20.0,995.0,
006419,1,2024145N14087,2024,23,NI,REMAL,2024-05-28 03:00:00,24.7,91.5,,,
006420,1,2024145N14087,2024,23,NI,REMAL,2024-05-28 06:00:00,25.1,91.8,,,
006421,1,2024238N25077,2024,50,NI,ASNA,2024-08-25 00:00:00,24.5,77.3,,,
006422,1,2024238N25077,2024,50,NI,ASNA,2024-08-25 03:00:00,24.6,76.9,,,
006423,1,2024238N25077,2024,50,NI,ASNA,2024-08-25 06:00:00,24.6,76.5,,,
006424,1,2024238N25077,2024,50,NI,ASNA,2024-08-25 09:00:00,24.5,76.1,,,
006425,1,2024238N25077,2024,50,NI,ASNA,2024-08-25 12:00:00,24.4,75.6,,,
006426,1,2024238N25077,2024,50,NI,ASNA,2024-08-25 15:00:00,24.3,75.1,,,
006427,1,2024238N25077,2024,50,NI,ASNA,2024-08-25 18:00:00,24.3,74.7,,,
006428,1,2024238N25077,2024,50,NI,ASNA,2024-08-25 21:00:00,24.3,74.4,,,
006429,1,2024238N25077,2024,50,NI,ASNA,2024-08-26 00:00:00,24.2,74.2,,,
006430,1,2024238N25077,2024,50,NI,ASNA,2024-08-26 03:00:00,24.1,74.0,,,
006431,1,2024238N25077,2024,50,NI,ASNA,2024-08-26 06:00:00,23.8,73.6,,,
006432,1,2024238N25077,2024,50,NI,ASNA,2024-08-26 09:00:00,23.7,73.3,,,
006433,1,2024238N25077,2024,50,NI,ASNA,2024-08-26 12:00:00,23.8,73.0,,,
006434,1,2024238N25077,2024,50,NI,ASNA,2024-08-26 15:00:00,23.8,72.7,,,
006435,1,2024238N25077,2024,50,NI,ASNA,2024-08-26 18:00:00,23.8,72.4,,,
006436,1,2024238N25077,2024,50,NI,ASNA,2024-08-26 21:00:00,23.8,72.3,,,
006437,1,2024238N25077,2024,50,NI,ASNA,2024-08-27 00:00:00,23.8,72.2,,,
006438,1,2024238N25077,2024,50,NI,ASNA,2024-08-27 03:00:00,23.8,72.0,,,
006439,1,2024238N25077,2024,50,NI,ASNA,2024-08-27 06:00:00,23.7,71.7,,,
006440,1,2024238N25077,2024,50,NI,ASNA,2024-08-27 09:00:00,23.7,71.3,,,
006441,1,2024238N25077,2024,50,NI,ASNA,2024-08-27 12:00:00,23.8,70.9,30.0,1000.0,
006442,1,2024238N25077,2024,50,NI,ASNA,2024-08-27 15:00:00,23.9,70.6,30.0,1000.0,
006443,1,2024238N25077,2024,50,NI,ASNA,2024-08-27 18:00:00,24.0,70.4,30.0,1000.0,
006444,1,2024238N25077,2024,50,NI,ASNA,2024-08-27 21:00:00,24.0,70.1,30.0,1000.0,
006445,1,2024238N25077,2024,50,NI,ASNA,2024-08-28 00:00:00,24.0,70.0,30.0,1000.0,
006446,1,2024238N25077,2024,50,NI,ASNA,2024-08-28 03:00:00,24.0,69.8,30.0,1000.0,
006447,1,2024238N25077,2024,50,NI,ASNA,2024-08-28 06:00:00,23.9,69.8,30.0,999.0,
006448,1,2024238N25077,2024,50,NI,ASNA,2024-08-28 09:00:00,23.8,69.8,30.0,999.0,
006449,1,2024238N25077,2024,50,NI,ASNA,2024-08-28 12:00:00,23.8,69.8,30.0,998.0,
006450,1,2024238N25077,2024,50,NI,ASNA,2024-08-28 15:00:00,23.8,69.8,30.0,998.0,
006451,1,2024238N25077,2024,50,NI,ASNA,2024-08-28 18:00:00,23.8,69.7,30.0,997.0,
006452,1,2024238N25077,2024,50,NI,ASNA,2024-08-28 21:00:00,23.8,69.6,30.0,997.0,
006453,1,2024238N25077,2024,50,NI,ASNA,2024-08-29 00:00:00,23.8,69.5,30.0,996.0,
006454,1,2024238N25077,2024,50,NI,ASNA,2024-08-29 03:00:00,23.7,69.4,30.0,994.0,
006455,1,2024238N25077,2024,50,NI,ASNA,2024-08-29 06:00:00,23.7,69.5,30.0,992.0,
006456,1,2024238N25077,2024,50,NI,ASNA,2024-08-29 09:00:00,23.6,69.4,33.0,991.0,
006457,1,2024238N25077,2024,50,NI,ASNA,2024-08-29 12:00:00,23.6,69.3,35.0,989.0,
006458,1,2024238N25077,2024,50,NI,ASNA,2024-08-29 15:00:00,23.5,69.2,35.0,989.0,
006459,1,2024238N25077,2024,50,NI,ASNA,2024-08-29 18:00:00,23.5,69.0,35.0,989.0,
006460,1,2024238N25077,2024,50,NI,ASNA,2024-08-29 21:00:00,23.4,68.7,38.0,988.0,
006461,1,2024238N25077,2024,50,NI,ASNA,2024-08-30 00:00:00,23.3,68.5,40.0,987.0,
006462,1,2024238N25077,2024,50,NI,ASNA,2024-08-30 03:00:00,23.3,68.2,40.0,987.0,
006463,1,2024238N25077,2024,50,NI,ASNA,2024-08-30 06:00:00,23.4,68.0,40.0,987.0,
006464,1,2024238N25077,2024,50,NI,ASNA,2024-08-30 09:00:00,23.4,67.5,40.0,988.0,
006465,1,2024238N25077,2024,50,NI,ASNA,2024-08-30 12:00:00,23.4,67.1,40.0,988.0,
006466,1,2024238N25077,2024,50,NI,ASNA,2024-08-30 15:00:00,23.5,66.9,40.0,990.0,
006467,1,2024238N25077,2024,50,NI,ASNA,2024-08-30 18:00:00,23.6,66.4,40.0,991.0,
006468,1,2024238N25077,2024,50,NI,ASNA,2024-08-30 21:00:00,23.5,66.1,40.0,991.0,
006469,1,2024238N25077,2024,50,NI,ASNA,2024-08-31 00:00:00,23.5,65.7,40.0,990.0,
006470,1,2024238N25077,2024,50,NI,ASNA,2024-08-31 03:00:00,23.5,65.2,38.0,993.0,
006471,1,2024238N25077,2024,50,NI,ASNA,2024-08-31 06:00:00,23.5,64.9,35.0,995.0,
006472,1,2024238N25077,2024,50,NI,ASNA,2024-08-31 09:00:00,23.4,64.4,38.0,994.0,
006473,1,2024238N25077,2024,50,NI,ASNA,2024-08-31 12:00:00,23.5,64.2,40.0,992.0,
006474,1,2024238N25077,2024,50,NI,ASNA,2024-08-31 15:00:00,23.4,63.7,40.0,993.0,
006475,1,2024238N25077,2024,50,NI,ASNA,2024-08-31 18:00:00,23.4,63.5,40.0,993.0,
006476,1,2024238N25077,2024,50,NI,ASNA,2024-08-31 21:00:00,23.3,63.0,40.0,993.0,
006477,1,2024238N25077,2024,50,NI,ASNA,2024-09-01 00:00:00,23.1,62.6,40.0,992.0,
006478,1,2024238N25077,2024,50,NI,ASNA,2024-09-01 03:00:00,22.9,62.3,40.0,992.0,
006479,1,2024238N25077,2024,50,NI,ASNA,2024-09-01 06:00:00,22.7,62.1,40.0,992.0,
006480,1,2024238N25077,2024,50,NI,ASNA,2024-09-01 09:00:00,22.5,61.9,35.0,992.0,
006481,1,2024238N25077,2024,50,NI,ASNA,2024-09-01 12:00:00,22.2,61.8,30.0,991.0,
006482,1,2024238N25077,2024,50,NI,ASNA,2024-09-01 15:00:00,21.9,61.7,28.0,990.0,
006483,1,2024238N25077,2024,50,NI,ASNA,2024-09-01 18:00:00,21.7,61.6,25.0,989.0,
006484,1,2024238N25077,2024,50,NI,ASNA,2024-09-01 21:00:00,21.4,61.5,25.0,989.0,
006485,1,2024238N25077,2024,50,NI,ASNA,2024-09-02 00:00:00,21.2,61.4,25.0,989.0,
006486,1,2024238N25077,2024,50,NI,ASNA,2024-09-02 03:00:00,20.9,61.2,25.0,990.0,
006487,1,2024238N25077,2024,50,NI,ASNA,2024-09-02 06:00:00,20.6,61.1,25.0,990.0,
006488,1,2024238N25077,2024,50,NI,ASNA,2024-09-02 09:00:00,20.4,61.0,25.0,990.0,
006489,1,2024238N25077,2024,50,NI,ASNA,2024-09-02 12:00:00,20.2,61.0,25.0,990.0,
006490,1,2024238N25077,2024,50,NI,ASNA,2024-09-02 15:00:00,19.9,60.9,23.0,992.0,
006491,1,2024238N25077,2024,50,NI,ASNA,2024-09-02 18:00:00,19.7,60.9,20.0,993.0,
006492,1,2024238N25077,2024,50,NI,ASNA,2024-09-02 21:00:00,19.7,60.9,18.0,994.0,
006493,1,2024238N25077,2024,50,NI,ASNA,2024-09-03 00:00:00,19.8,60.8,15.0,995.0,
006494,1,2024238N25077,2024,50,NI,ASNA,2024-09-03 03:00:00,19.9,60.7,15.0,995.0,
006495,1,2024238N25077,2024,50,NI,ASNA,2024-09-03 06:00:00,19.9,60.7,15.0,995.0,
006496,1,2024295N15092,2024,84,NI,DANA,2024-10-21 06:00:00,15.3,92.1,20.0,1004.0,
006497,1,2024295N15092,2024,84,NI,DANA,2024-10-21 09:00:00,15.2,92.1,20.0,1003.0,
006498,1,2024295N15092,2024,84,NI,DANA,2024-10-21 12:00:00,15.2,92.1,20.0,1002.0,
006499,1,2024295N15092,2024,84,NI,DANA,2024-10-21 15:00:00,15.2,92.1,20.0,1001.0,
006500,1,2024295N15092,2024,84,NI,DANA,2024-10-21 18:00:00,15.2,92.0,20.0,999.0,
006501,1,2024295N15092,2024,84,NI,DANA,2024-10-21 21:00:00,15.1,92.0,20.0,999.0,
006502,1,2024295N15092,2024,84,NI,DANA,2024-10-22 00:00:00,15.2,91.9,20.0,998.0,
006503,1,2024295N15092,2024,84,NI,DANA,2024-10-22 03:00:00,15.2,91.8,23.0,998.0,
006504,1,2024295N15092,2024,84,NI,DANA,2024-10-22 06:00:00,15.3,91.6,25.0,997.0,
006505,1,2024295N15092,2024,84,NI,DANA,2024-10-22 09:00:00,15.3,91.5,25.0,997.0,
006506,1,2024295N15092,2024,84,NI,DANA,2024-10-22 12:00:00,15.4,91.4,25.0,996.0,
006507,1,2024295N15092,2024,84,NI,DANA,2024-10-22 15:00:00,15.5,91.1,28.0,996.0,
006508,1,2024295N15092,2024,84,NI,DANA,2024-10-22 18:00:00,15.6,90.7,30.0,995.0,
006509,1,2024295N15092,2024,84,NI,DANA,2024-10-22 21:00:00,15.8,90.3,33.0,995.0,
006510,1,2024295N15092,2024,84,NI,DANA,2024-10-23 00:00:00,16.1,89.9,35.0,994.0,
006511,1,2024295N15092,2024,84,NI,DANA,2024-10-23 03:00:00,16.4,89.6,38.0,994.0,
006512,1,2024295N15092,2024,84,NI,DANA,2024-10-23 06:00:00,16.7,89.3,40.0,993.0,
006513,1,2024295N15092,2024,84,NI,DANA,2024-10-23 09:00:00,16.9,89.1,45.0,992.0,
006514,1,2024295N15092,2024,84,NI,DANA,2024-10-23 12:00:00,17.3,89.0,50.0,991.0,
006515,1,2024295N15092,2024,84,NI,DANA,2024-10-23 15:00:00,17.6,88.8,53.0,991.0,
006516,1,2024295N15092,2024,84,NI,DANA,2024-10-23 18:00:00,18.0,88.7,55.0,990.0,
006517,1,2024295N15092,2024,84,NI,DANA,2024-10-23 21:00:00,18.3,88.4,58.0,989.0,
006518,1,2024295N15092,2024,84,NI,DANA,2024-10-24 00:00:00,18.7,88.2,60.0,988.0,
006519,1,2024295N15092,2024,84,NI,DANA,2024-10-24 03:00:00,19.0,88.0,63.0,987.0,
006520,1,2024295N15092,2024,84,NI,DANA,2024-10-24 06:00:00,19.3,87.8,65.0,986.0,
006521,1,2024295N15092,2024,84,NI,DANA,2024-10-24 09:00:00,19.5,87.6,65.0,986.0,
006522,1,2024295N15092,2024,84,NI,DANA,2024-10-24 12:00:00,19.8,87.5,65.0,985.0,
006523,1,2024295N15092,2024,84,NI,DANA,2024-10-24 15:00:00,20.1,87.3,63.0,987.0,
006524,1,2024295N15092,2024,84,NI,DANA,2024-10-24 18:00:00,20.5,87.1,60.0,988.0,
006525,1,2024295N15092,2024,84,NI,DANA,2024-10-24 21:00:00,20.7,87.0,58.0,990.0,
006526,1,2024295N15092,2024,84,NI,DANA,2024-10-25 00:00:00,20.9,86.9,55.0,991.0,
006527,1,2024295N15092,2024,84,NI,DANA,2024-10-25 03:00:00,21.1,86.8,53.0,992.0,
006528,1,2024295N15092,2024,84,NI,DANA,2024-10-25 06:00:00,21.2,86.7,50.0,993.0,
006529,1,2024295N15092,2024,84,NI,DANA,2024-10-25 09:00:00,21.3,86.6,45.0,995.0,
006530,1,2024295N15092,2024,84,NI,DANA,2024-10-25 12:00:00,21.3,86.5,40.0,996.0,
006531,1,2024295N15092,2024,84,NI,DANA,2024-10-25 15:00:00,21.3,86.4,35.0,997.0,
006532,1,2024295N15092,2024,84,NI,DANA,2024-10-25 18:00:00,21.3,86.4,30.0,997.0,
006533,1,2024295N15092,2024,84,NI,DANA,2024-10-25 21:00:00,21.2,86.5,25.0,999.0,
006534,1,2024295N15092,2024,84,NI,DANA,2024-10-26 00:00:00,21.2,86.4,20.0,1000.0,
006535,1,2024329N04089,2024,98,NI,FENGAL,2024-11-23 18:00:00,3.6,88.9,25.0,998.0,
006536,1,2024329N04089,2024,98,NI,FENGAL,2024-11-23 21:00:00,3.7,88.3,23.0,999.0,
006537,1,2024329N04089,2024,98,NI,FENGAL,2024-11-24 00:00:00,3.7,87.8,20.0,999.0,
006538,1,2024329N04089,2024,98,NI,FENGAL,2024-11-24 03:00:00,3.7,87.3,20.0,999.0,
006539,1,2024329N04089,2024,98,NI,FENGAL,2024-11-24 06:00:00,3.8,86.8,20.0,999.0,
006540,1,2024329N04089,2024,98,NI,FENGAL,2024-11-24 09:00:00,3.9,86.2,20.0,999.0,
006541,1,2024329N04089,2024,98,NI,FENGAL,2024-11-24 12:00:00,4.0,85.6,20.0,999.0,
006542,1,2024329N04089,2024,98,NI,FENGAL,2024-11-24 15:00:00,4.1,85.1,23.0,998.0,
006543,1,2024329N04089,2024,98,NI,FENGAL,2024-11-24 18:00:00,4.2,84.7,25.0,997.0,
006544,1,2024329N04089,2024,98,NI,FENGAL,2024-11-24 21:00:00,4.3,84.3,28.0,997.0,
006545,1,2024329N04089,2024,98,NI,FENGAL,2024-11-25 00:00:00,4.3,83.9,30.0,997.0,
006546,1,2024329N04089,2024,98,NI,FENGAL,2024-11-25 03:00:00,4.4,83.9,30.0,997.0,
006547,1,2024329N04089,2024,98,NI,FENGAL,2024-11-25 06:00:00,4.6,83.6,30.0,997.0,
006548,1,2024329N04089,2024,98,NI,FENGAL,2024-11-25 09:00:00,4.9,83.4,28.0,997.0,
006549,1,2024329N04089,2024,98,NI,FENGAL,2024-11-25 12:00:00,5.2,83.3,25.0,996.0,
006550,1,2024329N04089,2024,98,NI,FENGAL,2024-11-25 15:00:00,5.4,83.1,28.0,996.0,
006551,1,2024329N04089,2024,98,NI,FENGAL,2024-11-25 18:00:00,5.6,83.1,30.0,996.0,
006552,1,2024329N04089,2024,98,NI,FENGAL,2024-11-25 21:00:00,5.8,83.1,30.0,996.0,
006553,1,2024329N04089,2024,98,NI,FENGAL,2024-11-26 00:00:00,6.1,83.1,30.0,996.0,
006554,1,2024329N04089,2024,98,NI,FENGAL,2024-11-26 03:00:00,6.4,82.9,30.0,996.0,
006555,1,2024329N04089,2024,98,NI,FENGAL,2024-11-26 06:00:00,6.8,82.9,30.0,996.0,
006556,1,2024329N04089,2024,98,NI,FENGAL,2024-11-26 09:00:00,7.1,82.8,30.0,996.0,
006557,1,2024329N04089,2024,98,NI,FENGAL,2024-11-26 12:00:00,7.3,82.8,30.0,996.0,
006558,1,2024329N04089,2024,98,NI,FENGAL,2024-11-26 15:00:00,7.5,82.7,30.0,996.0,
006559,1,2024329N04089,2024,98,NI,FENGAL,2024-11-26 18:00:00,7.8,82.6,30.0,996.0,
006560,1,2024329N04089,2024,98,NI,FENGAL,2024-11-26 21:00:00,8.1,82.5,30.0,996.0,
006561,1,2024329N04089,2024,98,NI,FENGAL,2024-11-27 00:00:00,8.3,82.4,30.0,995.0,
006562,1,2024329N04089,2024,98,NI,FENGAL,2024-11-27 03:00:00,8.5,82.3,30.0,996.0,
006563,1,2024329N04089,2024,98,NI,FENGAL,2024-11-27 06:00:00,8.7,82.3,30.0,996.0,
006564,1,2024329N04089,2024,98,NI,FENGAL,2024-11-27 09:00:00,8.8,82.2,30.0,996.0,
006565,1,2024329N04089,2024,98,NI,FENGAL,2024-11-27 12:00:00,8.8,82.3,30.0,995.0,
006566,1,2024329N04089,2024,98,NI,FENGAL,2024-11-27 15:00:00,8.9,82.5,30.0,996.0,
006567,1,2024329N04089,2024,98,NI,FENGAL,2024-11-27 18:00:00,9.0,82.7,30.0,996.0,
006568,1,2024329N04089,2024,98,NI,FENGAL,2024-11-27 21:00:00,9.1,82.7,30.0,996.0,
006569,1,2024329N04089,2024,98,NI,FENGAL,2024-11-28 00:00:00,9.2,82.8,30.0,996.0,
006570,1,2024329N04089,2024,98,NI,FENGAL,2024-11-28 03:00:00,9.2,83.0,30.0,996.0,
006571,1,2024329N04089,2024,98,NI,FENGAL,2024-11-28 06:00:00,9.3,83.2,30.0,996.0,
006572,1,2024329N04089,2024,98,NI,FENGAL,2024-11-28 09:00:00,9.4,83.3,30.0,996.0,
006573,1,2024329N04089,2024,98,NI,FENGAL,2024-11-28 12:00:00,9.6,83.4,30.0,996.0,
006574,1,2024329N04089,2024,98,NI,FENGAL,2024-11-28 15:00:00,9.9,83.5,30.0,996.0,
006575,1,2024329N04089,2024,98,NI,FENGAL,2024-11-28 18:00:00,10.2,83.5,30.0,996.0,
006576,1,2024329N04089,2024,98,NI,FENGAL,2024-11-28 21:00:00,10.5,83.2,30.0,996.0,
006577,1,2024329N04089,2024,98,NI,FENGAL,2024-11-29 00:00:00,10.7,82.9,30.0,995.0,
006578,1,2024329N04089,2024,98,NI,FENGAL,2024-11-29 03:00:00,10.9,82.7,33.0,995.0,
006579,1,2024329N04089,2024,98,NI,FENGAL,2024-11-29 06:00:00,11.2,82.6,35.0,994.0,
006580,1,2024329N04089,2024,98,NI,FENGAL,2024-11-29 09:00:00,11.4,82.3,35.0,994.0,
006581,1,2024329N04089,2024,98,NI,FENGAL,2024-11-29 12:00:00,11.7,82.1,35.0,994.0,
006582,1,2024329N04089,2024,98,NI,FENGAL,2024-11-29 15:00:00,11.9,81.8,38.0,994.0,
006583,1,2024329N04089,2024,98,NI,FENGAL,2024-11-29 18:00:00,12.1,81.8,40.0,993.0,
006584,1,2024329N04089,2024,98,NI,FENGAL,2024-11-29 21:00:00,12.2,81.6,43.0,993.0,
006585,1,2024329N04089,2024,98,NI,FENGAL,2024-11-30 00:00:00,12.4,81.3,45.0,992.0,
006586,1,2024329N04089,2024,98,NI,FENGAL,2024-11-30 03:00:00,12.4,81.0,45.0,992.0,
006587,1,2024329N04089,2024,98,NI,FENGAL,2024-11-30 06:00:00,12.3,80.9,45.0,992.0,
006588,1,2024329N04089,2024,98,NI,FENGAL,2024-11-30 09:00:00,12.3,80.7,45.0,992.0,
006589,1,2024329N04089,2024,98,NI,FENGAL,2024-11-30 12:00:00,12.3,80.5,45.0,992.0,
006590,1,2024329N04089,2024,98,NI,FENGAL,2024-11-30 15:00:00,12.2,80.3,43.0,993.0,
006591,1,2024329N04089,2024,98,NI,FENGAL,2024-11-30 18:00:00,12.1,80.1,40.0,994.0,
006592,1,2024329N04089,2024,98,NI,FENGAL,2024-11-30 21:00:00,12.1,80.0,43.0,993.0,
006593,1,2024329N04089,2024,98,NI,FENGAL,2024-12-01 00:00:00,12.1,79.9,45.0,991.0,
006594,1,2024329N04089,2024,98,NI,FENGAL,2024-12-01 03:00:00,12.0,79.8,40.0,993.0,
006595,1,2024329N04089,2024,98,NI,FENGAL,2024-12-01 06:00:00,12.1,79.8,35.0,995.0,
006596,1,2024329N04089,2024,98,NI,FENGAL,2024-12-01 09:00:00,12.1,79.7,33.0,997.0,
006597,1,2024329N04089,2024,98,NI,FENGAL,2024-12-01 12:00:00,12.1,79.5,30.0,998.0,
006598,1,2024329N04089,2024,98,NI,FENGAL,2024-12-01 15:00:00,12.1,79.4,28.0,999.0,
006599,1,2024329N04089,2024,98,NI,FENGAL,2024-12-01 18:00:00,12.2,79.3,25.0,999.0,
006600,1,2024329N04089,2024,98,NI,FENGAL,2024-12-01 21:00:00,12.1,79.2,23.0,1000.0,
006601,1,2024329N04089,2024,98,NI,FENGAL,2024-12-02 00:00:00,12.1,79.1,20.0,1000.0,
006602,1,2024329N04089,2024,98,NI,FENGAL,2024-12-02 03:00:00,12.1,78.9,20.0,1000.0,
006603,1,2024329N04089,2024,98,NI,FENGAL,2024-12-02 06:00:00,12.2,78.6,20.0,1000.0,
006604,1,2024329N04089,2024,98,NI,FENGAL,2024-12-02 09:00:00,12.3,78.3,20.0,1000.0,
006605,1,2024329N04089,2024,98,NI,FENGAL,2024-12-02 12:00:00,12.5,77.9,20.0,1000.0,
006606,1,2024329N04089,2024,98,NI,FENGAL,2024-12-02 15:00:00,12.7,77.5,18.0,1002.0,
006607,1,2024329N04089,2024,98,NI,FENGAL,2024-12-02 18:00:00,12.9,76.9,15.0,1003.0,
006608,1,2024329N04089,2024,98,NI,FENGAL,2024-12-02 21:00:00,13.0,76.3,15.0,1003.0,
006609,1,2024329N04089,2024,98,NI,FENGAL,2024-12-03 00:00:00,13.1,75.5,15.0,1003.0,
006610,1,2024329N04089,2024,98,NI,FENGAL,2024-12-03 03:00:00,13.2,74.6,18.0,1002.0,
006611,1,2024329N04089,2024,98,NI,FENGAL,2024-12-03 06:00:00,13.3,73.7,20.0,1001.0,
006612,1,2024329N04089,2024,98,NI,FENGAL,2024-12-03 09:00:00,13.5,72.7,20.0,1001.0,
006613,1,2024329N04089,2024,98,NI,FENGAL,2024-12-03 12:00:00,13.5,71.8,20.0,1001.0,
006614,1,2024329N04089,2024,98,NI,FENGAL,2024-12-03 15:00:00,13.2,71.4,20.0,1001.0,
006615,1,2024329N04089,2024,98,NI,FENGAL,2024-12-03 18:00:00,12.8,71.2,20.0,1001.0,
006616,1,2024329N04089,2024,98,NI,FENGAL,2024-12-03 21:00:00,12.5,71.0,20.0,1001.0,
006617,1,2024329N04089,2024,98,NI,FENGAL,2024-12-04 00:00:00,12.3,70.9,20.0,1001.0,
006618,1,2024329N04089,2024,98,NI,FENGAL,2024-12-04 03:00:00,12.2,70.7,20.0,1001.0,
006619,1,2024329N04089,2024,98,NI,FENGAL,2024-12-04 06:00:00,12.0,70.4,20.0,1001.0,
006620,1,2024329N04089,2024,98,NI,FENGAL,2024-12-04 09:00:00,11.7,70.1,18.0,1003.0,
006621,1,2024329N04089,2024,98,NI,FENGAL,2024-12-04 12:00:00,11.2,69.9,15.0,1004.0,
006622,1,2025233N15126,2025,71,WP,KAJIKI,2025-08-21 06:00:00,15.4,126.4,,,
006623,1,2025233N15126,2025,71,WP,KAJIKI,2025-08-21 09:00:00,15.3,125.5,,,
006624,1,2025233N15126,2025,71,WP,KAJIKI,2025-08-21 12:00:00,15.4,124.6,,,
006625,1,2025233N15126,2025,71,WP,KAJIKI,2025-08-21 15:00:00,15.5,123.9,,,
006626,1,2025233N15126,2025,71,WP,KAJIKI,2025-08-21 18:00:00,15.7,123.3,,,
006627,1,2025233N15126,2025,71,WP,KAJIKI,2025-08-21 21:00:00,15.9,122.9,,,
006628,1,2025233N15126,2025,71,WP,KAJIKI,2025-08-22 00:00:00,16.1,122.5,,,
006629,1,2025233N15126,2025,71,WP,KAJIKI,2025-08-22 03:00:00,16.4,122.2,,,
006630,1,2025233N15126,2025,71,WP,KAJIKI,2025-08-22 06:00:00,16.7,121.7,,,
006631,1,2025233N15126,2025,71,WP,KAJIKI,2025-08-22 09:00:00,17.0,120.7,,,
006632,1,2025233N15126,2025,71,WP,KAJIKI,2025-08-22 12:00:00,17.2,119.6,,,
006633,1,2025233N15126,2025,71,WP,KAJIKI,2025-08-22 15:00:00,17.2,118.8,,,
006634,1,2025233N15126,2025,71,WP,KAJIKI,2025-08-22 18:00:00,17.2,117.9,29.0,1002.0,
006635,1,2025233N15126,2025,71,WP,KAJIKI,2025-08-22 21:00:00,17.3,117.2,34.0,1001.0,
006636,1,2025233N15126,2025,71,WP,KAJIKI,2025-08-23 00:00:00,17.4,116.6,39.0,1000.0,
006637,1,2025233N15126,2025,71,WP,KAJIKI,2025-08-23 03:00:00,17.5,115.7,45.0,998.0,
006638,1,2025233N15126,2025,71,WP,KAJIKI,2025-08-23 06:00:00,17.6,114.9,51.0,995.0,
006639,1,2025233N15126,2025,71,WP,KAJIKI,2025-08-23 09:00:00,17.7,114.1,53.0,994.0,
006640,1,2025233N15126,2025,71,WP,KAJIKI,2025-08-23 12:00:00,17.7,113.5,54.0,992.0,
006641,1,2025233N15126,2025,71,WP,KAJIKI,2025-08-23 15:00:00,17.5,112.8,57.0,991.0,
006642,1,2025233N15126,2025,71,WP,KAJIKI,2025-08-23 18:00:00,17.3,112.2,60.0,989.0,
006643,1,2025233N15126,2025,71,WP,KAJIKI,2025-08-23 21:00:00,17.2,111.7,62.0,987.0,
006644,1,2025233N15126,2025,71,WP,KAJIKI,2025-08-24 00:00:00,17.2,111.2,64.0,985.0,
006645,1,2025233N15126,2025,71,WP,KAJIKI,2025-08-24 03:00:00,17.3,110.7,77.0,976.0,
006646,1,2025233N15126,2025,71,WP,KAJIKI,2025-08-24 06:00:00,17.4,110.3,89.0,967.0,
006647,1,2025233N15126,2025,71,WP,KAJIKI,2025-08-24 09:00:00,17.7,109.8,91.0,966.0,
006648,1,2025233N15126,2025,71,WP,KAJIKI,2025-08-24 12:00:00,17.9,109.3,93.0,964.0,
006649,1,2025233N15126,2025,71,WP,KAJIKI,2025-08-24 15:00:00,18.0,108.8,91.0,966.0,
006650,1,2025233N15126,2025,71,WP,KAJIKI,2025-08-24 18:00:00,18.1,108.3,89.0,967.0,
006651,1,2025233N15126,2025,71,WP,KAJIKI,2025-08-24 21:00:00,18.2,107.8,89.0,967.0,
006652,1,2025233N15126,2025,71,WP,KAJIKI,2025-08-25 00:00:00,18.3,107.2,89.0,967.0,
006653,1,2025233N15126,2025,71,WP,KAJIKI,2025-08-25 03:00:00,18.4,106.7,89.0,967.0,
006654,1,2025233N15126,2025,71,WP,KAJIKI,2025-08-25 06:00:00,18.5,106.2,89.0,967.0,
006655,1,2025233N15126,2025,71,WP,KAJIKI,2025-08-25 09:00:00,18.5,106.0,85.0,971.0,
006656,1,2025233N15126,2025,71,WP,KAJIKI,2025-08-25 12:00:00,18.5,105.7,80.0,974.0,
006657,1,2025233N15126,2025,71,WP,KAJIKI,2025-08-25 15:00:00,18.6,105.4,,,
006658,1,2025233N15126,2025,71,WP,KAJIKI,2025-08-25 18:00:00,18.7,104.9,,,
006659,1,2025233N15126,2025,71,WP,KAJIKI,2025-08-25 21:00:00,18.8,104.1,,,
006660,1,2025233N15126,2025,71,WP,KAJIKI,2025-08-26 00:00:00,18.9,103.3,,,
006661,1,2025233N15126,2025,71,WP,KAJIKI,2025-08-26 03:00:00,18.9,102.7,,,
006662,1,2025233N15126,2025,71,WP,KAJIKI,2025-08-26 06:00:00,19.1,102.2,,,
006663,1,2025233N15126,2025,71,WP,KAJIKI,2025-08-26 09:00:00,19.4,101.7,,,
006664,1,2025233N15126,2025,71,WP,KAJIKI,2025-08-26 12:00:00,19.6,101.2,,,
006665,1,2025233N15126,2025,71,WP,KAJIKI,2025-08-26 15:00:00,19.7,100.6,,,
006666,1,2025233N15126,2025,71,WP,KAJIKI,2025-08-26 18:00:00,19.7,100.2,,,
006667,1,2025233N15126,2025,71,NI,KAJIKI,2025-08-26 21:00:00,19.8,99.8,,,
006668,1,2025233N15126,2025,71,NI,KAJIKI,2025-08-27 00:00:00,20.1,99.6,,,
006669,1,2025266N11137,2025,87,WP,BUALOI,2025-09-22 18:00:00,11.3,137.3,,,
006670,1,2025266N11137,2025,87,WP,BUALOI,2025-09-22 21:00:00,11.0,136.8,,,
006671,1,2025266N11137,2025,87,WP,BUALOI,2025-09-23 00:00:00,10.8,136.3,,,
006672,1,2025266N11137,2025,87,WP,BUALOI,2025-09-23 03:00:00,10.5,135.8,,,
006673,1,2025266N11137,2025,87,WP,BUALOI,2025-09-23 06:00:00,10.2,135.4,,,
006674,1,2025266N11137,2025,87,WP,BUALOI,2025-09-23 09:00:00,10.1,135.0,,,
006675,1,2025266N11137,2025,87,WP,BUALOI,2025-09-23 12:00:00,10.0,134.5,25.0,1003.0,
006676,1,2025266N11137,2025,87,WP,BUALOI,2025-09-23 15:00:00,9.8,134.1,27.0,1003.0,
006677,1,2025266N11137,2025,87,WP,BUALOI,2025-09-23 18:00:00,9.7,133.6,29.0,1002.0,
006678,1,2025266N11137,2025,87,WP,BUALOI,2025-09-23 21:00:00,9.6,133.2,34.0,1000.0,
006679,1,2025266N11137,2025,87,WP,BUALOI,2025-09-24 00:00:00,9.7,132.8,39.0,997.0,
006680,1,2025266N11137,2025,87,WP,BUALOI,2025-09-24 03:00:00,9.9,132.4,42.0,997.0,
006681,1,2025266N11137,2025,87,WP,BUALOI,2025-09-24 06:00:00,10.0,131.9,45.0,997.0,
006682,1,2025266N11137,2025,87,WP,BUALOI,2025-09-24 09:00:00,10.2,131.5,48.0,996.0,
006683,1,2025266N11137,2025,87,WP,BUALOI,2025-09-24 12:00:00,10.3,131.1,51.0,994.0,
006684,1,2025266N11137,2025,87,WP,BUALOI,2025-09-24 15:00:00,10.5,130.6,53.0,993.0,
006685,1,2025266N11137,2025,87,WP,BUALOI,2025-09-24 18:00:00,10.6,130.1,54.0,991.0,
006686,1,2025266N11137,2025,87,WP,BUALOI,2025-09-24 21:00:00,10.9,129.6,54.0,991.0,
006687,1,2025266N11137,2025,87,WP,BUALOI,2025-09-25 00:00:00,11.1,129.2,54.0,991.0,
006688,1,2025266N11137,2025,87,WP,BUALOI,2025-09-25 03:00:00,11.2,128.7,54.0,991.0,
006689,1,2025266N11137,2025,87,WP,BUALOI,2025-09-25 06:00:00,11.3,128.1,54.0,991.0,
006690,1,2025266N11137,2025,87,WP,BUALOI,2025-09-25 09:00:00,11.6,127.5,54.0,992.0,
006691,1,2025266N11137,2025,87,WP,BUALOI,2025-09-25 12:00:00,11.8,126.8,54.0,993.0,
006692,1,2025266N11137,2025,87,WP,BUALOI,2025-09-25 15:00:00,12.0,126.0,54.0,993.0,
006693,1,2025266N11137,2025,87,WP,BUALOI,2025-09-25 18:00:00,12.2,125.0,54.0,993.0,
006694,1,2025266N11137,2025,87,WP,BUALOI,2025-09-25 21:00:00,12.2,124.0,57.0,992.0,
006695,1,2025266N11137,2025,87,WP,BUALOI,2025-09-26 00:00:00,12.3,122.9,60.0,991.0,
006696,1,2025266N11137,2025,87,WP,BUALOI,2025-09-26 03:00:00,12.5,121.8,60.0,992.0,
006697,1,2025266N11137,2025,87,WP,BUALOI,2025-09-26 06:00:00,12.7,120.8,60.0,992.0,
006698,1,2025266N11137,2025,87,WP,BUALOI,2025-09-26 09:00:00,12.9,119.9,60.0,991.0,
006699,1,2025266N11137,2025,87,WP,BUALOI,2025-09-26 12:00:00,13.1,119.1,60.0,990.0,
006700,1,2025266N11137,2025,87,WP,BUALOI,2025-09-26 15:00:00,13.4,118.3,65.0,987.0,
006701,1,2025266N11137,2025,87,WP,BUALOI,2025-09-26 18:00:00,13.7,117.3,70.0,984.0,
006702,1,2025266N11137,2025,87,WP,BUALOI,2025-09-26 21:00:00,14.1,116.4,72.0,983.0,
006703,1,2025266N11137,2025,87,WP,BUALOI,2025-09-27 00:00:00,14.5,115.4,74.0,982.0,
006704,1,2025266N11137,2025,87,WP,BUALOI,2025-09-27 03:00:00,14.8,114.6,74.0,982.0,
006705,1,2025266N11137,2025,87,WP,BUALOI,2025-09-27 06:00:00,15.1,113.8,74.0,981.0,
006706,1,2025266N11137,2025,87,WP,BUALOI,2025-09-27 09:00:00,15.5,113.0,74.0,981.0,
006707,1,2025266N11137,2025,87,WP,BUALOI,2025-09-27 12:00:00,15.7,112.2,74.0,980.0,
006708,1,2025266N11137,2025,87,WP,BUALOI,2025-09-27 15:00:00,15.8,111.4,69.0,983.0,
006709,1,2025266N11137,2025,87,WP,BUALOI,2025-09-27 18:00:00,15.9,110.7,64.0,986.0,
006710,1,2025266N11137,2025,87,WP,BUALOI,2025-09-27 21:00:00,16.1,110.0,67.0,984.0,
006711,1,2025266N11137,2025,87,WP,BUALOI,2025-09-28 00:00:00,16.4,109.4,70.0,982.0,
006712,1,2025266N11137,2025,87,WP,BUALOI,2025-09-28 03:00:00,16.8,108.8,70.0,981.0,
006713,1,2025266N11137,2025,87,WP,BUALOI,2025-09-28 06:00:00,17.1,108.1,70.0,980.0,
006714,1,2025266N11137,2025,87,WP,BUALOI,2025-09-28 09:00:00,17.4,107.6,70.0,979.0,
006715,1,2025266N11137,2025,87,WP,BUALOI,2025-09-28 12:00:00,17.7,107.1,70.0,977.0,
006716,1,2025266N11137,2025,87,WP,BUALOI,2025-09-28 15:00:00,17.9,106.6,75.0,974.0,
006717,1,2025266N11137,2025,87,WP,BUALOI,2025-09-28 18:00:00,18.1,106.1,80.0,970.0,
006718,1,2025266N11137,2025,87,WP,BUALOI,2025-09-28 21:00:00,18.4,105.6,,,
006719,1,2025266N11137,2025,87,WP,BUALOI,2025-09-29 00:00:00,18.7,105.1,,,
006720,1,2025266N11137,2025,87,WP,BUALOI,2025-09-29 03:00:00,19.2,104.3,,,
006721,1,2025266N11137,2025,87,WP,BUALOI,2025-09-29 06:00:00,19.7,103.5,,,
006722,1,2025266N11137,2025,87,WP,BUALOI,2025-09-29 09:00:00,20.1,102.7,,,
006723,1,2025266N11137,2025,87,WP,BUALOI,2025-09-29 12:00:00,20.5,101.9,,,
006724,1,2025266N11137,2025,87,WP,BUALOI,2025-09-29 15:00:00,20.8,101.1,,,
006725,1,2025266N11137,2025,87,WP,BUALOI,2025-09-29 18:00:00,21.1,100.5,,,
006726,1,2025266N11137,2025,87,NI,BUALOI,2025-09-29 21:00:00,21.5,99.9,,,
006727,1,2025266N11137,2025,87,NI,BUALOI,2025-09-30 00:00:00,22.0,99.3,,,
006728,1,2025266N11137,2025,87,NI,BUALOI,2025-09-30 03:00:00,22.5,98.7,,,
006729,1,2025266N11137,2025,87,NI,BUALOI,2025-09-30 06:00:00,23.1,98.3,,,
006730,1,2025266N11137,2025,87,NI,BUALOI,2025-09-30 09:00:00,23.7,98.0,,,
006731,1,2025266N11137,2025,87,NI,BUALOI,2025-09-30 12:00:00,24.3,97.8,,,
006732,1,2025275N22068,2025,94,NI,SHAKHTI,2025-10-01 12:00:00,22.0,68.3,,,
006733,1,2025275N22068,2025,94,NI,SHAKHTI,2025-10-01 15:00:00,21.8,68.3,,,
006734,1,2025275N22068,2025,94,NI,SHAKHTI,2025-10-01 18:00:00,21.5,68.2,,,
006735,1,2025275N22068,2025,94,NI,SHAKHTI,2025-10-01 21:00:00,21.2,68.1,,,
006736,1,2025275N22068,2025,94,NI,SHAKHTI,2025-10-02 00:00:00,21.0,68.0,,,
006737,1,2025275N22068,2025,94,NI,SHAKHTI,2025-10-02 03:00:00,20.8,67.9,,,
006738,1,2025275N22068,2025,94,NI,SHAKHTI,2025-10-02 06:00:00,20.8,67.9,,,
006739,1,2025275N22068,2025,94,NI,SHAKHTI,2025-10-02 09:00:00,20.8,67.9,,,
006740,1,2025275N22068,2025,94,NI,SHAKHTI,2025-10-02 12:00:00,20.8,67.9,,,
006741,1,2025275N22068,2025,94,NI,SHAKHTI,2025-10-02 15:00:00,20.8,67.8,,,
006742,1,2025275N22068,2025,94,NI,SHAKHTI,2025-10-02 18:00:00,20.8,67.7,,,
006743,1,2025275N22068,2025,94,NI,SHAKHTI,2025-10-02 21:00:00,21.0,67.5,,,
006744,1,2025275N22068,2025,94,NI,SHAKHTI,2025-10-03 00:00:00,21.4,67.2,35.0,996.0,
006745,1,2025275N22068,2025,94,NI,SHAKHTI,2025-10-03 03:00:00,21.6,67.0,37.0,995.0,
006746,1,2025275N22068,2025,94,NI,SHAKHTI,2025-10-03 06:00:00,21.8,66.8,39.0,993.0,
006747,1,2025275N22068,2025,94,NI,SHAKHTI,2025-10-03 09:00:00,21.9,66.6,42.0,994.0,
006748,1,2025275N22068,2025,94,NI,SHAKHTI,2025-10-03 12:00:00,22.0,66.4,45.0,995.0,
006749,1,2025275N22068,2025,94,NI,SHAKHTI,2025-10-03 15:00:00,22.1,66.2,48.0,993.0,
006750,1,2025275N22068,2025,94,NI,SHAKHTI,2025-10-03 18:00:00,22.1,65.8,51.0,991.0,
006751,1,2025275N22068,2025,94,NI,SHAKHTI,2025-10-03 21:00:00,22.1,65.4,53.0,990.0,
006752,1,2025275N22068,2025,94,NI,SHAKHTI,2025-10-04 00:00:00,22.1,64.8,54.0,988.0,
006753,1,2025275N22068,2025,94,NI,SHAKHTI,2025-10-04 03:00:00,22.1,64.4,54.0,988.0,
006754,1,2025275N22068,2025,94,NI,SHAKHTI,2025-10-04 06:00:00,21.9,64.1,54.0,988.0,
006755,1,2025275N22068,2025,94,NI,SHAKHTI,2025-10-04 09:00:00,21.7,63.8,59.0,985.0,
006756,1,2025275N22068,2025,94,NI,SHAKHTI,2025-10-04 12:00:00,21.4,63.5,64.0,982.0,
006757,1,2025275N22068,2025,94,NI,SHAKHTI,2025-10-04 15:00:00,21.3,63.0,69.0,979.0,
006758,1,2025275N22068,2025,94,NI,SHAKHTI,2025-10-04 18:00:00,21.2,62.6,74.0,976.0,
006759,1,2025275N22068,2025,94,NI,SHAKHTI,2025-10-04 21:00:00,21.1,62.0,72.0,978.0,
006760,1,2025275N22068,2025,94,NI,SHAKHTI,2025-10-05 00:00:00,21.0,61.5,70.0,980.0,
006761,1,2025275N22068,2025,94,NI,SHAKHTI,2025-10-05 03:00:00,20.8,61.3,67.0,982.0,
006762,1,2025275N22068,2025,94,NI,SHAKHTI,2025-10-05 06:00:00,20.6,61.3,64.0,984.0,
006763,1,2025275N22068,2025,94,NI,SHAKHTI,2025-10-05 09:00:00,20.3,61.0,62.0,984.0,
006764,1,2025275N22068,2025,94,NI,SHAKHTI,2025-10-05 12:00:00,20.1,60.6,60.0,984.0,
006765,1,2025275N22068,2025,94,NI,SHAKHTI,2025-10-05 15:00:00,19.8,60.4,57.0,986.0,
006766,1,2025275N22068,2025,94,NI,SHAKHTI,2025-10-05 18:00:00,19.7,60.4,54.0,987.0,
006767,1,2025275N22068,2025,94,NI,SHAKHTI,2025-10-05 21:00:00,19.7,60.5,53.0,988.0,
006768,1,2025275N22068,2025,94,NI,SHAKHTI,2025-10-06 00:00:00,19.8,60.6,51.0,989.0,
006769,1,2025275N22068,2025,94,NI,SHAKHTI,2025-10-06 03:00:00,19.8,60.5,45.0,994.0,
006770,1,2025275N22068,2025,94,NI,SHAKHTI,2025-10-06 06:00:00,19.8,60.4,39.0,998.0,
006771,1,2025275N22068,2025,94,NI,SHAKHTI,2025-10-06 09:00:00,19.7,60.3,37.0,998.0,
006772,1,2025275N22068,2025,94,NI,SHAKHTI,2025-10-06 12:00:00,19.6,60.2,35.0,998.0,
006773,1,2025275N22068,2025,94,NI,SHAKHTI,2025-10-06 15:00:00,19.6,60.1,,,
006774,1,2025275N22068,2025,94,NI,SHAKHTI,2025-10-06 18:00:00,19.5,60.1,,,
006775,1,2025275N22068,2025,94,NI,SHAKHTI,2025-10-06 21:00:00,19.4,60.2,,,
006776,1,2025275N22068,2025,94,NI,SHAKHTI,2025-10-07 00:00:00,19.2,60.3,,,
006777,1,2025275N22068,2025,94,NI,SHAKHTI,2025-10-07 03:00:00,19.0,60.5,,,
006778,1,2025275N22068,2025,94,NI,SHAKHTI,2025-10-07 06:00:00,18.9,60.7,,,
006779,1,2025298N11089,2025,107,NI,MONTHA,2025-10-25 00:00:00,10.8,89.0,,,
006780,1,2025298N11089,2025,107,NI,MONTHA,2025-10-25 03:00:00,10.8,88.8,,,
006781,1,2025298N11089,2025,107,NI,MONTHA,2025-10-25 06:00:00,10.8,88.6,,,
006782,1,2025298N11089,2025,107,NI,MONTHA,2025-10-25 09:00:00,10.8,88.4,,,
006783,1,2025298N11089,2025,107,NI,MONTHA,2025-10-25 12:00:00,10.9,88.1,,,
006784,1,2025298N11089,2025,107,NI,MONTHA,2025-10-25 15:00:00,10.9,87.9,,,
006785,1,2025298N11089,2025,107,NI,MONTHA,2025-10-25 18:00:00,11.0,87.7,,,
006786,1,2025298N11089,2025,107,NI,MONTHA,2025-10-25 21:00:00,11.0,87.5,,,
006787,1,2025298N11089,2025,107,NI,MONTHA,2025-10-26 00:00:00,11.1,87.3,,,
006788,1,2025298N11089,2025,107,NI,MONTHA,2025-10-26 03:00:00,11.2,87.1,,,
006789,1,2025298N11089,2025,107,NI,MONTHA,2025-10-26 06:00:00,11.3,86.9,,,
006790,1,2025298N11089,2025,107,NI,MONTHA,2025-10-26 09:00:00,11.4,86.8,,,
006791,1,2025298N11089,2025,107,NI,MONTHA,2025-10-26 12:00:00,11.4,86.4,35.0,998.0,
006792,1,2025298N11089,2025,107,NI,MONTHA,2025-10-26 15:00:00,11.3,86.0,37.0,998.0,
006793,1,2025298N11089,2025,107,NI,MONTHA,2025-10-26 18:00:00,11.4,85.6,39.0,998.0,
006794,1,2025298N11089,2025,107,NI,MONTHA,2025-10-26 21:00:00,11.9,85.4,39.0,999.0,
006795,1,2025298N11089,2025,107,NI,MONTHA,2025-10-27 00:00:00,12.4,85.3,39.0,999.0,
006796,1,2025298N11089,2025,107,NI,MONTHA,2025-10-27 03:00:00,12.6,84.8,39.0,999.0,
006797,1,2025298N11089,2025,107,NI,MONTHA,2025-10-27 06:00:00,12.7,84.4,39.0,999.0,
006798,1,2025298N11089,2025,107,NI,MONTHA,2025-10-27 09:00:00,13.0,84.1,42.0,998.0,
006799,1,2025298N11089,2025,107,NI,MONTHA,2025-10-27 12:00:00,13.3,84.0,45.0,996.0,
006800,1,2025298N11089,2025,107,NI,MONTHA,2025-10-27 15:00:00,13.7,83.8,45.0,996.0,
006801,1,2025298N11089,2025,107,NI,MONTHA,2025-10-27 18:00:00,14.1,83.5,45.0,995.0,
006802,1,2025298N11089,2025,107,NI,MONTHA,2025-10-27 21:00:00,14.4,83.3,45.0,996.0,
006803,1,2025298N11089,2025,107,NI,MONTHA,2025-10-28 00:00:00,14.6,83.1,45.0,997.0,
006804,1,2025298N11089,2025,107,NI,MONTHA,2025-10-28 03:00:00,14.8,82.9,45.0,997.0,
006805,1,2025298N11089,2025,107,NI,MONTHA,2025-10-28 06:00:00,15.2,82.6,45.0,997.0,
006806,1,2025298N11089,2025,107,NI,MONTHA,2025-10-28 09:00:00,15.6,82.4,45.0,996.0,
006807,1,2025298N11089,2025,107,NI,MONTHA,2025-10-28 12:00:00,15.9,82.1,45.0,995.0,
006808,1,2025298N11089,2025,107,NI,MONTHA,2025-10-28 15:00:00,16.0,81.8,42.0,997.0,
006809,1,2025298N11089,2025,107,NI,MONTHA,2025-10-28 18:00:00,16.1,81.5,39.0,998.0,
006810,1,2025298N11089,2025,107,NI,MONTHA,2025-10-28 21:00:00,16.4,81.4,37.0,999.0,
006811,1,2025298N11089,2025,107,NI,MONTHA,2025-10-29 00:00:00,17.0,81.3,35.0,1000.0,
006812,1,2025298N11089,2025,107,NI,MONTHA,2025-10-29 03:00:00,17.3,81.2,,,
006813,1,2025298N11089,2025,107,NI,MONTHA,2025-10-29 06:00:00,17.7,81.1,,,
006814,1,2025298N11089,2025,107,NI,MONTHA,2025-10-29 09:00:00,18.2,81.0,,,
006815,1,2025298N11089,2025,107,NI,MONTHA,2025-10-29 12:00:00,18.7,80.9,,,
006816,1,2025298N11089,2025,107,NI,MONTHA,2025-10-29 15:00:00,19.2,80.8,,,
006817,1,2025298N11089,2025,107,NI,MONTHA,2025-10-29 18:00:00,19.6,80.7,,,
006818,1,2025329N05100,2025,112,NI,SENYAR,2025-11-25 03:00:00,5.4,99.7,,,
006819,1,2025329N05100,2025,112,NI,SENYAR,2025-11-25 06:00:00,5.3,99.5,,,
006820,1,2025329N05100,2025,112,NI,SENYAR,2025-11-25 09:00:00,5.2,99.3,,,
006821,1,2025329N05100,2025,112,NI,SENYAR,2025-11-25 12:00:00,5.0,99.0,35.0,999.0,
006822,1,2025329N05100,2025,112,NI,SENYAR,2025-11-25 15:00:00,4.9,98.7,40.0,998.0,
006823,1,2025329N05100,2025,112,NI,SENYAR,2025-11-25 18:00:00,4.9,98.4,45.0,996.0,
006824,1,2025329N05100,2025,112,NI,SENYAR,2025-11-25 21:00:00,4.9,98.1,45.0,997.0,
006825,1,2025329N05100,2025,112,NI,SENYAR,2025-11-26 00:00:00,4.8,98.0,45.0,997.0,
006826,1,2025329N05100,2025,112,NI,SENYAR,2025-11-26 03:00:00,4.5,97.9,40.0,998.0,
006827,1,2025329N05100,2025,112,NI,SENYAR,2025-11-26 06:00:00,4.3,98.0,35.0,999.0,
006828,1,2025329N05100,2025,112,NI,SENYAR,2025-11-26 09:00:00,4.1,98.1,35.0,1001.0,
006829,1,2025329N05100,2025,112,NI,SENYAR,2025-11-26 12:00:00,4.0,98.4,35.0,1003.0,
006830,1,2025329N05100,2025,112,NI,SENYAR,2025-11-26 15:00:00,3.8,98.9,32.0,1003.0,
006831,1,2025329N05100,2025,112,NI,SENYAR,2025-11-26 18:00:00,3.7,99.4,29.0,1003.0,
006832,1,2025329N05100,2025,112,NI,SENYAR,2025-11-26 21:00:00,3.7,99.7,27.0,1004.0,
006833,1,2025329N05100,2025,112,NI,SENYAR,2025-11-27 00:00:00,3.6,100.0,25.0,1005.0,
006834,1,2025329N05100,2025,112,WP,SENYAR,2025-11-27 03:00:00,3.6,100.1,25.0,1005.0,
006835,1,2025329N05100,2025,112,WP,SENYAR,2025-11-27 06:00:00,3.6,100.3,25.0,1005.0,
006836,1,2025329N05100,2025,112,WP,SENYAR,2025-11-27 09:00:00,3.6,100.6,25.0,1005.0,
006837,1,2025329N05100,2025,112,WP,SENYAR,2025-11-27 12:00:00,3.6,100.9,25.0,1005.0,
006838,1,2025329N05100,2025,112,WP,SENYAR,2025-11-27 15:00:00,3.6,101.2,25.0,1005.0,
006839,1,2025329N05100,2025,112,WP,SENYAR,2025-11-27 18:00:00,3.6,101.4,25.0,1005.0,
006840,1,2025329N05100,2025,112,WP,SENYAR,2025-11-27 21:00:00,3.6,101.7,25.0,1005.0,
006841,1,2025329N05100,2025,112,WP,SENYAR,2025-11-28 00:00:00,3.7,102.0,25.0,1005.0,
006842,1,2025329N05100,2025,112,WP,SENYAR,2025-11-28 03:00:00,3.7,102.1,25.0,1005.0,
006843,1,2025329N05100,2025,112,WP,SENYAR,2025-11-28 06:00:00,3.8,102.6,25.0,1005.0,
006844,1,2025329N05100,2025,112,WP,SENYAR,2025-11-28 09:00:00,4.0,103.4,22.0,1005.0,
006845,1,2025329N05100,2025,112,WP,SENYAR,2025-11-28 12:00:00,4.2,104.3,19.0,1005.0,
006846,1,2025329N05100,2025,112,WP,SENYAR,2025-11-28 15:00:00,4.3,104.7,24.0,1004.0,
006847,1,2025329N05100,2025,112,WP,SENYAR,2025-11-28 18:00:00,4.4,105.1,29.0,1003.0,
006848,1,2025329N05100,2025,112,WP,SENYAR,2025-11-28 21:00:00,4.7,105.5,29.0,1003.0,
006849,1,2025329N05100,2025,112,WP,SENYAR,2025-11-29 00:00:00,4.8,106.0,29.0,1003.0,
006850,1,2025329N05100,2025,112,WP,SENYAR,2025-11-29 03:00:00,4.8,106.4,29.0,1003.0,
006851,1,2025329N05100,2025,112,WP,SENYAR,2025-11-29 06:00:00,4.8,106.8,29.0,1003.0,
006852,1,2025329N05100,2025,112,WP,SENYAR,2025-11-29 09:00:00,5.0,107.2,29.0,1004.0,
006853,1,2025329N05100,2025,112,WP,SENYAR,2025-11-29 12:00:00,5.2,107.5,29.0,1004.0,
006854,1,2025329N05100,2025,112,WP,SENYAR,2025-11-29 15:00:00,5.4,108.0,27.0,1005.0,
006855,1,2025329N05100,2025,112,WP,SENYAR,2025-11-29 18:00:00,5.7,108.5,25.0,1006.0,
006856,1,2025329N05100,2025,112,WP,SENYAR,2025-11-29 21:00:00,6.0,108.8,25.0,1006.0,
006857,1,2025329N05100,2025,112,WP,SENYAR,2025-11-30 00:00:00,6.4,109.0,25.0,1005.0,
006858,1,2025329N05100,2025,112,WP,SENYAR,2025-11-30 03:00:00,6.9,109.2,22.0,1005.0,
006859,1,2025329N05100,2025,112,WP,SENYAR,2025-11-30 06:00:00,7.4,109.2,19.0,1005.0,
006860,1,2025331N06083,2025,113,NI,DITWAH,2025-11-26 18:00:00,5.9,82.6,,,
006861,1,2025331N06083,2025,113,NI,DITWAH,2025-11-26 21:00:00,6.0,82.6,,,
006862,1,2025331N06083,2025,113,NI,DITWAH,2025-11-27 00:00:00,6.4,81.9,35.0,1003.0,
006863,1,2025331N06083,2025,113,NI,DITWAH,2025-11-27 03:00:00,6.7,81.9,35.0,1003.0,
006864,1,2025331N06083,2025,113,NI,DITWAH,2025-11-27 06:00:00,7.0,82.0,35.0,1002.0,
006865,1,2025331N06083,2025,113,NI,DITWAH,2025-11-27 09:00:00,7.3,81.9,35.0,1002.0,
006866,1,2025331N06083,2025,113,NI,DITWAH,2025-11-27 12:00:00,7.6,81.7,35.0,1002.0,
006867,1,2025331N06083,2025,113,NI,DITWAH,2025-11-27 15:00:00,7.8,81.5,35.0,1003.0,
006868,1,2025331N06083,2025,113,NI,DITWAH,2025-11-27 18:00:00,7.9,81.3,35.0,1004.0,
006869,1,2025331N06083,2025,113,NI,DITWAH,2025-11-27 21:00:00,8.0,81.2,35.0,1003.0,
006870,1,2025331N06083,2025,113,NI,DITWAH,2025-11-28 00:00:00,8.1,81.1,35.0,1002.0,
006871,1,2025331N06083,2025,113,NI,DITWAH,2025-11-28 03:00:00,8.2,81.0,35.0,1003.0,
006872,1,2025331N06083,2025,113,NI,DITWAH,2025-11-28 06:00:00,8.3,81.0,35.0,1004.0,
006873,1,2025331N06083,2025,113,NI,DITWAH,2025-11-28 09:00:00,8.5,81.0,35.0,1004.0,
006874,1,2025331N06083,2025,113,NI,DITWAH,2025-11-28 12:00:00,8.6,80.9,35.0,1004.0,
006875,1,2025331N06083,2025,113,NI,DITWAH,2025-11-28 15:00:00,8.8,80.8,35.0,1004.0,
006876,1,2025331N06083,2025,113,NI,DITWAH,2025-11-28 18:00:00,9.0,80.8,35.0,1004.0,
006877,1,2025331N06083,2025,113,NI,DITWAH,2025-11-28 21:00:00,9.2,80.8,35.0,1004.0,
006878,1,2025331N06083,2025,113,NI,DITWAH,2025-11-29 00:00:00,9.4,80.8,35.0,1003.0,
006879,1,2025331N06083,2025,113,NI,DITWAH,2025-11-29 03:00:00,9.6,80.8,35.0,1003.0,
006880,1,2025331N06083,2025,113,NI,DITWAH,2025-11-29 06:00:00,9.9,80.8,35.0,1003.0,
006881,1,2025331N06083,2025,113,NI,DITWAH,2025-11-29 09:00:00,10.1,80.7,35.0,1002.0,
006882,1,2025331N06083,2025,113,NI,DITWAH,2025-11-29 12:00:00,10.3,80.7,35.0,1001.0,
006883,1,2025331N06083,2025,113,NI,DITWAH,2025-11-29 15:00:00,10.4,80.7,32.0,1002.0,
006884,1,2025331N06083,2025,113,NI,DITWAH,2025-11-29 18:00:00,10.6,80.7,29.0,1003.0,
006885,1,2025331N06083,2025,113,NI,DITWAH,2025-11-29 21:00:00,10.8,80.7,29.0,1003.0,
006886,1,2025331N06083,2025,113,NI,DITWAH,2025-11-30 00:00:00,11.0,80.7,29.0,1003.0,
006887,1,2025331N06083,2025,113,NI,DITWAH,2025-11-30 03:00:00,11.2,80.7,29.0,1004.0,
006888,1,2025331N06083,2025,113,NI,DITWAH,2025-11-30 06:00:00,11.4,80.7,29.0,1004.0,
006889,1,2025331N06083,2025,113,NI,DITWAH,2025-11-30 09:00:00,11.6,80.7,29.0,1004.0,
006890,1,2025331N06083,2025,113,NI,DITWAH,2025-11-30 12:00:00,11.7,80.8,29.0,1004.0,
006891,1,2025331N06083,2025,113,NI,DITWAH,2025-11-30 15:00:00,11.9,81.0,27.0,1004.0,
006892,1,2025331N06083,2025,113,NI,DITWAH,2025-11-30 18:00:00,12.0,81.2,25.0,1004.0,
006893,1,2025331N06083,2025,113,NI,DITWAH,2025-11-30 21:00:00,12.3,81.2,26.0,1004.0,
006894,1,2025331N06083,2025,113,NI,DITWAH,2025-12-01 00:00:00,12.6,81.2,27.0,1005.0,
006895,1,2025331N06083,2025,113,NI,DITWAH,2025-12-01 03:00:00,12.7,81.0,28.0,1005.0,
006896,1,2025331N06083,2025,113,NI,DITWAH,2025-12-01 06:00:00,12.9,80.9,29.0,1005.0,
006897,1,2025331N06083,2025,113,NI,DITWAH,2025-12-01 09:00:00,13.0,80.9,29.0,1004.0,
006898,1,2025331N06083,2025,113,NI,DITWAH,2025-12-01 12:00:00,12.9,80.9,29.0,1003.0,
006899,1,2025331N06083,2025,113,NI,DITWAH,2025-12-01 15:00:00,12.8,80.8,29.0,1003.0,
006900,1,2025331N06083,2025,113,NI,DITWAH,2025-12-01 18:00:00,12.7,80.7,29.0,1003.0,
006901,1,2025331N06083,2025,113,NI,DITWAH,2025-12-01 21:00:00,12.7,80.6,27.0,1004.0,
006902,1,2025331N06083,2025,113,NI,DITWAH,2025-12-02 00:00:00,12.6,80.6,25.0,1005.0,
006903,1,2025331N06083,2025,113,NI,DITWAH,2025-12-02 03:00:00,12.5,80.7,25.0,1005.0,
006904,1,2025331N06083,2025,113,NI,DITWAH,2025-12-02 06:00:00,12.4,80.7,25.0,1005.0,
006905,1,2025331N06083,2025,113,NI,DITWAH,2025-12-02 09:00:00,12.3,80.6,25.0,1005.0,
006906,1,2025331N06083,2025,113,NI,DITWAH,2025-12-02 12:00:00,12.3,80.4,25.0,1004.0,
006907,1,2025331N06083,2025,113,NI,DITWAH,2025-12-02 15:00:00,12.2,80.3,,,
006908,1,2025331N06083,2025,113,NI,DITWAH,2025-12-02 18:00:00,12.1,80.2,,,
